Company, Doc Type.,Doc.No.,Against AP/PO SrNo.,Dated,budget Group,budget Sub Group,Budget Code for Tally,Board Approved Budget,Product ,Supplier/Employee,Actual Value (AP/PO), Blocked By PO.,Blocked By Approval,Consumed,Adjustment,Total Budget,Balance, Status 
QB,Budget Balances,  , , 01-04-2024 ,Other Expenses ( Incl Office and IT ),Security & Facility Management,Security & Facility Management,1259716.08,,,,,,,0.00,1259716.08,, , 
JUHI,Budget Balances,  , , 01-04-2024 ,Toll & Route Exp.,RPV Item Exp.,RPV Item Exp.,9440.00,,,,,,,0.00,9440.00,, , 
KTPL,Budget Balances,  , , 01-04-2024 ,Personal Exp.,Staff/Family Outing,Staff/Family Outing,200000.00,,,,,,,0.00,200000.00,, , 
ADHTPL,Budget Balances,  , , 01-04-2024 ,Personal Exp.,HRMS,HRMS,45600.00,,,,,,,0.00,45600.00,, , 
ADTPL,Budget Balances,  , , 01-04-2024 ,Electrical,AC Units AMC / Maintenance,DG AMC,120000.00,,,,,,,0.00,120000.00,, , 
AIIMPL,Budget Balances,  , , 01-04-2024 ,Capex,Laptop,Laptop,260000.00,,,,,,,0.00,260000.00,, , 
ADTPL,Budget Balances,  , , 01-04-2024 ,CSR Expenses,CSR Expenses,CSR Expenses,6827923.60,,,,,,,0.00,6827923.60,, , 
AIPL,Budget Balances,  , , 01-04-2024 ,Other Expenses,Statutory Audit Fee,Statutory Audit Fee,500000.00,,,,,,,0.00,500000.00,, , 
JUHI,Budget Balances,  , , 01-04-2024 ,Finance Exp.,Trustee / LA / Other Lender Fees, Trustee / LA / Other Lender Fees ,1534000.00,,,,,,,0.00,1534000.00,, , 
QB,Budget Balances,  , , 01-04-2024 ,Vehicle Running & Maintenance Exp.,Hire of Snow Clearance Vehicle,Hire of Snow Clearance Vehicle,5003250.00,,,,,,,0.00,5003250.00,, , 
KTPL,Budget Balances,  , , 01-04-2024 ,Other Expenses,Postage and Courier Charges,Postage and Courier Charges,21213.33,,,,,,,0.00,21213.33,, , 
ADHTPL,Budget Balances,  , , 01-04-2024 ,One Time Expenses,BC laying ,BC laying ,17895408.00,,,,,,,0.00,17895408.00,, , 
ADTPL,Budget Balances,  , , 01-04-2024 ,Contingency,Contingency Expenses,Contingency Expenses,10245201.31,,,,,,,0.00,10245201.31,, , 
JUHI,Budget Balances,  , , 01-04-2024 ,E & M Exp.,Ventilation AMC,Ventilation AMC,300000.00,,,,,,,0.00,300000.00,, , 
QB,Budget Balances,  , , 01-04-2024 ,Routine Maintenance Exp.,Repair of Public Utilities,Repair of Public Utilities,283200.00,,,,,,,0.00,283200.00,, , 
QB,Budget Balances,  , , 01-04-2024 ,Finance Expenses,Credit Rating Fees,Credit Rating Fees,998768.10,,,,,,,0.00,998768.10,, , 
JUHI,Budget Balances,  , , 01-04-2024 ,Personal Exp.,Relocation Expenses,Relocation Expenses,70000.00,,,,,,,0.00,70000.00,, , 
ADHTPL,Budget Balances,  , , 01-04-2024 ,Other Expenses,Secreterial Expenses,Secreterial Expenses,694185.71,,,,,,,0.00,694185.71,, , 
ADTPL,Budget Balances,  , , 01-04-2024 ,Personal Exp.,Mobile Purchase for Staff,Mobile Purchase for Staff,140000.00,,,,,,,0.00,140000.00,, , 
KTPL,Budget Balances,  , , 01-04-2024 ,Finance Expenses,Interest on Term Loan,Interest on Term Loan,1921066801.12,,,,,,,0.00,1921066801.12,, , 
KTPL,Budget Balances,  , , 01-04-2024 ,TMS & HTMS  Electrical Exp.,Stamping Charges for WIM & SWB,Stamping Charges for WIM & SWB,200000.00,,,,,,,0.00,200000.00,, , 
ADHTPL,Budget Balances,  , , 01-04-2024 ,Personal Exp.,Staff Salary,Staff Salary,13161492.00,,,,,,,0.00,13161492.00,, , 
ADTPL,Budget Balances,  , , 01-04-2024 ,Routine Maintenance Exp.,Videography Vigilance/ Traffic Surveys,Videography Vigilance/ Traffic Surveys,149726.40,,,,,,,0.00,149726.40,, , 
QB,Budget Balances,  , , 01-04-2024 ,Safety & ESG Exp.,ESG Training,ESG Training,236000.00,,,,,,,0.00,236000.00,, , 
ADHTPL,Budget Balances,  , , 01-04-2024 ,CSR Expenses,CSR Expenses,CSR Expenses,16897975.77,,,,,,,0.00,16897975.77,, , 
ADTPL,Budget Balances,  , , 01-04-2024 ,Capex,Booth Chairs,Booth Chairs,200000.00,,,,,,,0.00,200000.00,, , 
JUHI,Budget Balances,  , , 01-04-2024 ,Other Exp.,Festival Gifts, Festival Gifts ,590000.00,,,,,,,0.00,590000.00,, , 
QB,Budget Balances,  , , 01-04-2024 ,TMS & HTMS Exp.,Stamping Charges for WIM & SWB,Stamping Charges for WIM & SWB,147500.00,,,,,,,0.00,147500.00,, , 
KTPL,Budget Balances,  , , 01-04-2024 ,Other Expenses,Road Safety and Other Programmes (Road Furniture and other allied items Included),Road Safety and Other Programmes (Road Furniture and other allied items Included),100000.00,,,,,,,0.00,100000.00,, , 
ADHTPL,Budget Balances,  , , 01-04-2024 ,Contingency,Contingency Expenses,Contingency Expenses,23563000.00,,,,,,,-7375000.00,23563000.00,, , 
ADTPL,Budget Balances,  , , 01-04-2024 ,Other Expenses,Bank Charges,Bank Charges,150000.00,,,,,,,0.00,150000.00,, , 
QB,Budget Balances,  , , 01-04-2024 ,One Time Expenses,Wall Painting inside Tunnel ,Wall Painting inside tunnel ,15177856.20,,,,,,,0.00,15177856.20,, , 
JUHI,Budget Balances,  , , 01-04-2024 ,Safety & ESG Exp.,Staff PPE Kits,Staff PPE Kits,84960.00,,,,,,,0.00,84960.00,, , 
QB,Budget Balances,  , , 01-04-2024 ,Contingency,Contingency,Contingency,5000000.00,,,,,,,-178770.00,5000000.00,, , 
JUHI,Budget Balances,  , , 01-04-2024 ,Toll & Route Exp.,Crane Items Exp.,Crane Items Exp.,64900.00,,,,,,,0.00,64900.00,, , 
KTPL,Budget Balances,  , , 01-04-2024 ,Personal Exp.,Relocation Expenses,Relocation Expenses,70000.00,,,,,,,0.00,70000.00,, , 
ADHTPL,Budget Balances,  , , 01-04-2024 ,Vehicle Running & Maintenance Exp.,Fuel for Dewatering Pump,Fuel for Dewatering Pump,20000.00,,,,,,,0.00,20000.00,, , 
ADTPL,Budget Balances,  , , 01-04-2024 ,Personal Exp.,Staff Salary,Staff Salary,36300000.00,,,,,,,0.00,36300000.00,, , 
KTPL,Budget Balances,  , , 01-04-2024 ,Routine Maintenance Exp.,Revision in Minimum Wages,Revision in Minimum Wages,1486800.00,,,,,,,0.00,1486800.00,, , 
ADHTPL,Budget Balances,  , , 01-04-2024 ,Routine Maintenance Exp.,Plantation Cost,Plantation Cost,60000.00,,,,,,,0.00,60000.00,, , 
AIPL,Budget Balances,  , , 01-04-2024 ,Capex,Laptop,Laptop,2340000.00,,,,,,,0.00,2340000.00,, , 
QB,Budget Balances,  , , 01-04-2024 ,CSR,CSR FY22-23,CSR FY22-23,0.00,,,,,,,0.00,140252.40,, , 
QB,Budget Balances,  , , 01-04-2024 ,Personal Exp.,GPA-GMA- GTL Policy,GPA-GMA- GTL Policy,979400.00,,,,,,,0.00,979400.00,, , 
KTPL,Budget Balances,  , , 01-04-2024 ,Other Expenses,Printing and Stationary Charges,Printing and Stationary Charges,8768.00,,,,,,,0.00,8768.00,, , 
ADHTPL,Budget Balances,  , , 01-04-2024 ,One Time Expenses,Kerb Raising,Kerb Raising,906240.00,,,,,,,0.00,906240.00,, , 
ADTPL,Budget Balances,  , , 01-04-2024 ,Finance Expenses,Interest on Term Loan,Interest on Term Loan,138899439.09,,,,,,,0.00,138899439.09,, , 
JUHI,Budget Balances,  , , 01-04-2024 ,E & M Exp.,Ventilation Spares,Ventilation Spares,400000.00,,,,,,,0.00,400000.00,, , 
QB,Budget Balances,  , , 01-04-2024 ,Toll & Route Exp.,Medicine Exp.,Medicine Exp.,70800.00,,,,,,,0.00,70800.00,, , 
QB,Budget Balances,  , , 01-04-2024 ,Finance Expenses,Interest on NCD,Interest on NCD,328561800.00,,,,,,,0.00,328561800.00,, , 
JUHI,Budget Balances,  , , 01-04-2024 ,Personal Exp.,Staff/Family Outing,Staff/Family Outing,177000.00,,,,,,,0.00,177000.00,, , 
ADHTPL,Budget Balances,  , , 01-04-2024 ,Other Expenses,IE Fee,IE Fee,4950000.00,,,,,,,0.00,4950000.00,, , 
ADTPL,Budget Balances,  , , 01-04-2024 ,Personal Exp.,Training and Development,Training and Development,400000.00,,,,,,,0.00,400000.00,, , 
KTPL,Budget Balances,  , , 01-04-2024 ,Capex,Booth Chairs,Booth Chairs,84000.00,,,,,,,0.00,84000.00,, , 
KTPL,Budget Balances,  , , 01-04-2024 ,Personal Exp.,Staff Salary + PLR,Staff Salary + PLR,5793321.00,,,,,,,0.00,5793321.00,, , 
ADHTPL,Budget Balances,  , , 01-04-2024 ,Personal Exp.,PF Admin Charges,PF Admin Charges,62400.00,,,,,,,0.00,62400.00,, , 
ADTPL,Budget Balances,  , , 01-04-2024 ,Toll & Route Exp.,Drivers for E V Vehicles,Drivers for E V Vehicles,999634.95,,,,,,,0.00,999634.95,, , 
QB,Budget Balances,  , , 01-04-2024 ,Other Expenses ( Incl Office and IT ),Insurance Expenses,Insurance Expenses,31700000.00,,,,,,,0.00,31700000.00,, , 
AIIMPL,Budget Balances,  , , 01-04-2024 ,Other Expenses,Audit Expenses,Audit Expenses,472000.00,,,,,,,0.00,472000.00,, , 
ADTPL,Budget Balances,  , , 01-04-2024 ,Capex,DG Fuel Monitoring System,DG Fuel Monitoring System,50000.00,,,,,,,0.00,50000.00,, , 
JUHI,Budget Balances,  , , 01-04-2024 ,Other Exp.,Insurance Expenses, Insurance Expenses ,23264880.00,,,,,,,0.00,23264880.00,, , 
QB,Budget Balances,  , , 01-04-2024 ,E & M Exp.,ITMS Spares,ITMS Spares,2127002.32,,,,,,,0.00,2127002.32,, , 
KTPL,Budget Balances,  , , 01-04-2024 ,Other Expenses,Pamphlets and Banners for Safety Programmes,Pamphlets and Banners for Safety Programmes,40000.00,,,,,,,0.00,40000.00,, , 
ADHTPL,Budget Balances,  , , 01-04-2024 ,Finance Expenses,Interest on Term Loan,Interest on Term Loan,401394408.60,,,,,,,0.00,401394408.60,, , 
ADTPL,Budget Balances,  , , 01-04-2024 ,Other Expenses,Secreterial Expenses,Secreterial Expenses,700985.71,,,,,,,0.00,700985.71,, , 
JUHI,Budget Balances,  , , 01-04-2024 ,Routine Maintenance Exp.,Revision in Minimum Wages-RM, Revision in Minimum Wages-RM ,1350389.00,,,,,,,0.00,1350389.00,, , 
JUHI,Budget Balances,  , , 01-04-2024 ,Safety & ESG Exp.,Safety Audit Fees,Safety Audit Fees,413000.00,,,,,,,0.00,413000.00,, , 
QB,Budget Balances,  , , 01-04-2024 ,Finance Expenses,Interest on Term Loan,Interest on Term Loan,1139420017.80,,,,,,,0.00,1139420017.80,, , 
JUHI,Budget Balances,  , , 01-04-2024 ,Electrical,DG AMC,DG AMC,424800.00,,,,,,,0.00,424800.00,, , 
KTPL,Budget Balances,  , , 01-04-2024 ,Personal Exp.,Training and Development,Training and Development,200000.00,,,,,,,0.00,200000.00,, , 
ADHTPL,Budget Balances,  , , 01-04-2024 ,Safety & ESG Exp.,Safety Items,Safety Items,150000.00,,,,,,,0.00,150000.00,, , 
ADTPL,Budget Balances,  , , 01-04-2024 ,Personal Exp.,PF Admin Charges,PF Admin Charges,92208.00,,,,,,,0.00,92208.00,, , 
KTPL,Budget Balances,  , , 01-04-2024 ,Routine Maintenance Exp.,Repair of Public Utilities,Repair of Public Utilities,60000.00,,,,,,,0.00,60000.00,, , 
ADHTPL,Budget Balances,  , , 01-04-2024 ,Routine Maintenance Exp.,Videography Vigilance/ Traffic Surveys,Videography Vigilance/ Traffic Surveys,60000.00,,,,,,,0.00,60000.00,, , 
AIPL,Budget Balances,  , , 01-04-2024 ,Capex,MIS dashboard & O&M App.,MIS dashboard & O&M App.,1017500.00,,,,,,,0.00,1017500.00,, , 
AIPL,Budget Balances,  , , 01-04-2024 ,InvIT,Merchant Banker,Merchant Banker,0.00,,,,,,,0.00,27673880.00,, , 
QB,Budget Balances,  , , 01-04-2024 ,Personal Exp.,Training and Development,Training and Development,177000.00,,,,,,,0.00,177000.00,, , 
KTPL,Budget Balances,  , , 01-04-2024 ,Other Expenses,AMC for AC- RO spares renewal fee,AMC for AC- RO spares renewal fee,120000.00,,,,,,,0.00,120000.00,, , 
ADHTPL,Budget Balances,  , , 01-04-2024 ,One Time Expenses,Kerb Painting,Kerb Painting,328512.00,,,,,,,0.00,328512.00,, , 
ADTPL,Budget Balances,  , , 01-04-2024 ,Capex,Toll Plaza  - Solar Plant,Toll Plaza  - Solar Plant,7500000.00,,,,,,,0.00,7500000.00,, , 
JUHI,Budget Balances,  , , 01-04-2024 ,Other Exp.,Misc. Expenses, Misc. Expenses ,59000.00,,,,,,,0.00,59000.00,, , 
QB,Budget Balances,  , , 01-04-2024 ,Electrical,DG AMC,DG AMC,139622.32,,,,,,,0.00,139622.32,, , 
ADTPL,Budget Balances,  , , 01-04-2024 ,Personal Exp.,HRMS-AMC,HRMS-AMC,44571.43,,,,,,,0.00,44571.43,, , 
QB,Budget Balances,  , , 01-04-2024 ,Capex,AC for ECP,AC for ECP,582400.00,,,,,,,0.00,582400.00,, , 
JUHI,Budget Balances,  , , 01-04-2024 ,Personal Exp.,Mobile Purchase for Staff,Mobile Purchase for Staff,23600.00,,,,,,,0.00,23600.00,, , 
ADHTPL,Budget Balances,  , , 01-04-2024 ,Other Expenses,AMC for AC  and other repair charges,AMC for AC  and other repair charges,40000.00,,,,,,,0.00,40000.00,, , 
KTPL,Budget Balances,  , , 01-04-2024 ,Capex,Vehicle Parking Shed & DG Shed,Vehicle Parking Shed & DG Shed,500000.00,,,,,,,0.00,500000.00,, , 
KTPL,Budget Balances,  , , 01-04-2024 ,Personal Exp.,New Positions,New Positions,1710000.00,,,,,,,0.00,1710000.00,, , 
ADHTPL,Budget Balances,  , , 01-04-2024 ,Personal Exp.,GPA-GMA Policy,GPA-GMA Policy,1019622.00,,,,,,,0.00,1019622.00,, , 
ADTPL,Budget Balances,  , , 01-04-2024 ,Toll & Route Exp.,IT Expenses,IT Expenses,100000.00,,,,,,,0.00,100000.00,, , 
QB,Budget Balances,  , , 01-04-2024 ,Other Expenses ( Incl Office and IT ),Audit Fees,Audit Fees,1416000.00,,,,,,,0.00,1416000.00,, , 
AIIMPL,Budget Balances,  , , 01-04-2024 ,Other Expenses,Bank Charges,Bank Charges,2500.00,,,,,,,0.00,2500.00,, , 
ADTPL,Budget Balances,  , , 01-04-2024 ,Capex,AMF Panel,AMF Panel,300000.00,,,,,,,0.00,300000.00,, , 
AIPL,Budget Balances,  , , 01-04-2024 ,Personal Exp.,Training and Development,Training and Development,1200000.00,,,,,,,0.00,1200000.00,, , 
JUHI,Budget Balances,  , , 01-04-2024 ,Contingency Exp.,Contingency Exp.,Contingency Exp.,5000000.00,,,,,,,-4746869.00,5000000.00,, , 
QB,Budget Balances,  , , 01-04-2024 ,E & M Exp.,Ventilation AMC,Ventilation AMC,4064190.00,,,,,,,0.00,4064190.00,, , 
KTPL,Budget Balances,  , , 01-04-2024 ,Other Expenses,Safety Audit Fees,Safety Audit Fees,200000.00,,,,,,,0.00,200000.00,, , 
ADHTPL,Budget Balances,  , , 01-04-2024 ,Capex,Booth Chairs,Booth Chairs,100000.00,,,,,,,0.00,100000.00,, , 
ADTPL,Budget Balances,  , , 01-04-2024 ,Other Expenses,Insurance Expenses,Insurance Expenses,7000000.00,,,,,,,0.00,7000000.00,, , 
JUHI,Budget Balances,  , , 01-04-2024 ,Toll & Route Exp.,VTS, VTS ,47200.00,,,,,,,0.00,47200.00,, , 
JUHI,Budget Balances,  , , 01-04-2024 ,Safety & ESG Exp.,ESG Training,ESG Training,236000.00,,,,,,,0.00,236000.00,, , 
QB,Budget Balances,  , , 01-04-2024 ,Routine Maintenance Exp.,Repair of Plaza Building,Repair of Plaza Building,283200.00,,,,,,,0.00,283200.00,, , 
JUHI,Budget Balances,  , , 01-04-2024 ,Personal Exp.,GPA-GMA Policy,GPA-GMA Policy,831509.00,,,,,,,0.00,831509.00,, , 
KTPL,Budget Balances,  , , 01-04-2024 ,Other Expenses,Festival Gifts,Festival Gifts,400000.00,,,,,,,0.00,400000.00,, , 
ADHTPL,Budget Balances,  , , 01-04-2024 ,Safety & ESG Exp.,Safety Audit Fees,Safety Audit Fees,300000.00,,,,,,,0.00,300000.00,, , 
ADTPL,Budget Balances,  , , 01-04-2024 ,Personal Exp.,GPA/GMC/GTL Policies,GPA/GMC/GTL Policies,1231895.00,,,,,,,0.00,1231895.00,, , 
KTPL,Budget Balances,  , , 01-04-2024 ,Routine Maintenance Exp.,Plantation Cost,Plantation Cost,240000.00,,,,,,,0.00,240000.00,, , 
ADHTPL,Budget Balances,  , , 01-04-2024 ,Electrical,Substation Maint Charges,DG Spare Cost,130000.00,,,,,,,0.00,130000.00,, , 
AIPL,Budget Balances,  , , 01-04-2024 ,Capex,Office Renovation,Office Renovation,2000000.00,,,,,,,0.00,2000000.00,, , 
AIPL,Budget Balances,  , , 01-04-2024 ,InvIT,Financial and Tax,Financial and Tax,0.00,,,,,,,0.00,1534810.00,, , 
QB,Budget Balances,  , , 01-04-2024 ,Safety & ESG Exp.,Safety Audit Fees,Safety Audit Fees,413000.00,,,,,,,0.00,413000.00,, , 
KTPL,Budget Balances,  , , 01-04-2024 ,Other Expenses,Bank Charges,Bank Charges,30000.00,,,,,,,0.00,30000.00,, , 
ADHTPL,Budget Balances,  , , 01-04-2024 ,One Time Expenses,PGR,PGR,2102760.00,,,,,,,0.00,2102760.00,, , 
ADTPL,Budget Balances,  , , 01-04-2024 ,Capex,2 EV Vehicle,2 EV Vehicle,5000000.00,,,,,,,0.00,5000000.00,, , 
JUHI,Budget Balances,  , , 01-04-2024 ,Other Exp.,Pooja Exp, Pooja Exp ,29500.00,,,,,,,0.00,29500.00,, , 
QB,Budget Balances,  , , 01-04-2024 ,TMS & HTMS Exp.,TMS Consumables,TMS Consumables,354000.00,,,,,,,0.00,354000.00,, , 
ADTPL,Budget Balances,  , , 01-04-2024 ,Safety & ESG Exp.,ESMS Audit Fees,ESMS Audit Fees,200000.00,,,,,,,0.00,200000.00,, , 
QB,Budget Balances,  , , 01-04-2024 ,Capex,Construction of CRPF command post,Construction of CRPF command  post,1908928.48,,,,,,,0.00,1908928.48,, , 
JUHI,Budget Balances,  , , 01-04-2024 ,Personal Exp.,HRMS,HRMS,53808.00,,,,,,,0.00,53808.00,, , 
ADHTPL,Budget Balances,  , , 01-04-2024 ,Other Expenses,Bank Charges,Bank Charges,461000.00,,,,,,,0.00,461000.00,, , 
QB,Budget Balances,  , , 01-04-2024 ,Other Expenses ( Incl Office and IT ),Office Printer Exp. (Printer Heavy Duty),Office Printer Exp. (Printer Heavy Duty),236000.00,,,,,,,0.00,236000.00,, , 
KTPL,Budget Balances,  , , 01-04-2024 ,Capex,Procurement of AMF Panel for DG Set,Procurement of AMF Panel for DG Set,300000.00,,,,,,,0.00,300000.00,, , 
KTPL,Budget Balances,  , , 01-04-2024 ,Personal Exp.,GPA-GMA Policy,GPA-GMA Policy,356659.00,,,,,,,0.00,356659.00,, , 
ADHTPL,Budget Balances,  , , 01-04-2024 ,Personal Exp.,Mobile Purchase for Staff,Mobile Purchase for Staff,100000.00,,,,,,,0.00,100000.00,, , 
ADTPL,Budget Balances,  , , 01-04-2024 ,Electrical,Plaza Transformer Inspection charges  & AMC,DG Spare Cost,50000.00,,,,,,,0.00,50000.00,, , 
AIIMPL,Budget Balances,  , , 01-04-2024 ,Other Expenses,Printing and Stationary Charges,Printing and Stationary Charges,8000.00,,,,,,,0.00,8000.00,, , 
ADTPL,Budget Balances,  , , 01-04-2024 ,One Time Expenses,Road Marking,Road Marking,1964700.00,,,,,,,0.00,1964700.00,, , 
AIPL,Budget Balances,  , , 01-04-2024 ,Personal Exp.,Mobile Purchase for Staff,Mobile Purchase for Staff,260000.00,,,,,,,0.00,260000.00,, , 
JUHI,Budget Balances,  , , 01-04-2024 ,Finance Exp.,Interest on Term Loan, Interest on Term Loan ,1139420018.00,,,,,,,0.00,1139420018.00,, , 
QB,Budget Balances,  , , 01-04-2024 ,E & M Exp.,RF License Fee,RF License Fee,184386.80,,,,,,,0.00,184386.80,, , 
KTPL,Budget Balances,  , , 01-04-2024 ,Other Expenses,Water Expenses,Water Expenses,60000.00,,,,,,,0.00,60000.00,, , 
ADHTPL,Budget Balances,  , , 01-04-2024 ,Capex,DG Accoustic housing,DG Accoustic housing,1000000.00,,,,,,,0.00,1000000.00,, , 
ADTPL,Budget Balances,  , , 01-04-2024 ,Other Expenses,AMC for AC  RO including spares  renewal fee,AMC for AC  RO including spares  renewal fee,75000.00,,,,,,,0.00,75000.00,, , 
JUHI,Budget Balances,  , , 01-04-2024 ,Electrical,Electrical Spares,Electrical Spares,225624.00,,,,,,,0.00,225624.00,, , 
QB,Budget Balances,  , , 01-04-2024 ,Routine Maintenance Exp.,Revision in Minimum Wages,Revision in Minimum Wages,1817489.10,,,,,,,0.00,1817489.10,, , 
QB,Budget Balances,  , , 01-04-2024 ,Vehicle Running & Maintenance Exp.,Fuel for Dewatering Pump,Fuel for Dewatering Pump,360000.00,,,,,,,0.00,360000.00,, , 
JUHI,Budget Balances,  , , 01-04-2024 ,Personal Exp.,Training and Development,Training and Development,236000.00,,,,,,,0.00,236000.00,, , 
KTPL,Budget Balances,  , , 01-04-2024 ,Other Expenses,ESG Training,ESG Training,150000.00,,,,,,,0.00,150000.00,, , 
ADHTPL,Budget Balances,  , , 01-04-2024 ,Other Expenses,Audit Expenses,Audit Expenses,2606000.00,,,,,,,0.00,2606000.00,, , 
ADTPL,Budget Balances,  , , 01-04-2024 ,Personal Exp.,Relocation Charges,Relocation Charges,200000.00,,,,,,,0.00,200000.00,, , 
KTPL,Budget Balances,  , , 01-04-2024 ,TMS & HTMS  Electrical Exp.,TMS AMC,TMS AMC,2900000.00,,,,,,,0.00,2900000.00,, , 
ADHTPL,Budget Balances,  , , 01-04-2024 ,TMS & HTMS Exp.,Stamping Charges for WIM & SWB,Stamping Charges for WIM & SWB,519200.00,,,,,,,0.00,519200.00,, , 
ADTPL,Budget Balances,  , , 01-04-2024 ,Routine Maintenance Exp.,Change in Tariff of toll plaza sign boards  ,Change in Tariff of toll plaza sign boards  ,100000.00,,,,,,,0.00,100000.00,, , 
QB,Budget Balances,  , , 01-04-2024 ,Safety & ESG Exp.,Pamphlets and Banners for Safety Programmes,Pamphlets and Banners for Safety Programmes,472000.00,,,,,,,0.00,472000.00,, , 
KTPL,Budget Balances,  , , 01-04-2024 ,Contingency,Contingency Expenses,Contingency Expenses,1991310.55,,,,,,,-1991310.00,1991310.55,, , 
ADHTPL,Budget Balances,  , , 01-04-2024 ,One Time Expenses,Road Marking,Road Marking,907330.32,,,,,,,0.00,907330.32,, , 
ADTPL,Budget Balances,  , , 01-04-2024 ,Capex,New SWB Work,New SWB Work,3000000.00,,,,,,,0.00,3000000.00,, , 
JUHI,Budget Balances,  , , 01-04-2024 ,Other Exp.,Fire Extinguishers Refilling Charges, Fire Extinguishers Refilling Charges ,65549.00,,,,,,,0.00,65549.00,, , 
QB,Budget Balances,  , , 01-04-2024 ,TMS & HTMS Exp.,AMC for WIM and SWB,AMC for WIM and SWB,1534000.00,,,,,,,0.00,1534000.00,, , 
ADTPL,Budget Balances,  , , 01-04-2024 ,Other Expenses,Statutory Audit Fee,Statutory Audit Fee,1000000.00,,,,,,,0.00,1000000.00,, , 
QB,Budget Balances,  , , 01-04-2024 ,One Time Expenses,Viaduct Pier - Crack Repair,Viaduct Pier - Crack Repair,1770000.00,,,,,,,0.00,1770000.00,, , 
JUHI,Budget Balances,  , , 01-04-2024 ,Safety & ESG Exp.,Road Safety and Other Programmes,Road Safety and Other Programmes,295000.00,,,,,,,0.00,295000.00,, , 
ADHTPL,Budget Balances,  , , 01-04-2024 ,Other Expenses,Fire Extinguishers Refilling Charges,Fire Extinguishers Refilling Charges,40000.00,,,,,,,0.00,40000.00,, , 
AIPL,Budget Balances,  , , 01-04-2024 ,Personal Exp.,Employee Insurance,Employee Insurance,2100000.00,,,,,,,2100000.00,0.00,, , 
AIPL,Supplier Invoice,2305,910,09-07-2024,Personal Exp.,Employee Insurance,Employee Insurance,,GMC & GPA Policy,CARE HEALTH INDUSRANCE LIMITED,0.00, ,0.00,1528604.24,,,, Completed, 
AIPL,Purchase Order,910,910,01-04-2024,Personal Exp.,Employee Insurance,Employee Insurance,,GMC & GPA Policy,CARE HEALTH INDUSRANCE LIMITED,1528604.00, 0.00,,0.00,,0,0, Approved, 
AIPL,Budget Balances,  , , 01-04-2024 ,Other Expenses,Professional Fees - Special,Professional Fees - Special,5000000.00,,,,,,,-1200000.00,5000000.00,, , 
AIPL,Supplier Invoice,2515,924,26-07-2024,Other Expenses,Professional Fees - Special,Professional Fees - Special,,Professional fees -special,GROWTH SPURT,0.00, ,0.00,45521.00,,,, Completed, 
AIPL,Purchase Order,924,924,01-04-2024,Other Expenses,Professional Fees - Special,Professional Fees - Special,,Professional fees -special,GROWTH SPURT,3000000.00, 0.00,,0.00,,0,0, Approved, 
AIPL,Supplier Invoice,2187,924,02-07-2024,Other Expenses,Professional Fees - Special,Professional Fees - Special,,Professional fees -special,GROWTH SPURT,0.00, ,0.00,500000.00,,0,0, Completed, 
AIPL,Supplier Invoice,2575,924,02-08-2024,Other Expenses,Professional Fees - Special,Professional Fees - Special,,Professional fees -special,GROWTH SPURT,0.00, ,0.00,500000.00,,0,0, Completed, 
AIPL,Supplier Invoice,2564,924,01-08-2024,Other Expenses,Professional Fees - Special,Professional Fees - Special,,Professional fees -special,GROWTH SPURT,0.00, ,0.00,28217.00,,0,0, Completed, 
AIPL,Supplier Invoice,1839,924,01-06-2024,Other Expenses,Professional Fees - Special,Professional Fees - Special,,Professional fees -special,GROWTH SPURT,0.00, ,0.00,500000.00,,0,0, Completed, 
AIPL,Supplier Invoice,1615,924,03-05-2024,Other Expenses,Professional Fees - Special,Professional Fees - Special,,Professional fees -special,GROWTH SPURT,0.00, ,0.00,500000.00,,0,0, Completed, 
AIPL,Supplier Invoice,2514,924,26-07-2024,Other Expenses,Professional Fees - Special,Professional Fees - Special,,Professional fees -special,GROWTH SPURT,0.00, ,0.00,26571.00,,0,0, Completed, 
ADHTPL,Budget Balances,  , , 01-04-2024 ,Routine Maintenance Exp.,BBD and BI Test,BBD and BI Test,400000.00,,,,,,,0.00,400000.00,, , 
ADHTPL,Supplier Invoice,1556,927,19-04-2024,Routine Maintenance Exp.,BBD and BI Test,BBD and BI Test,,Road Roughness Survey,Civil Tech India Pvt Ltd-DH,0.00, ,0.00,116146.00,,,, Completed, 
ADHTPL,Purchase Order,927,927,06-04-2024,Routine Maintenance Exp.,BBD and BI Test,BBD and BI Test,,Road Roughness Survey,Civil Tech India Pvt Ltd-DH,116146.00, 0.00,,0.00,,0,0, Closed, 
ADHTPL,Supplier Invoice,2517,1456,26-07-2024,Routine Maintenance Exp.,BBD and BI Test,BBD and BI Test,,Road Roughness Survey,Civil Tech India Pvt Ltd-DH,0.00, ,0.00,125033.00,,0,0, Completed, 
ADHTPL,Purchase Order,1456,1456,09-07-2024,Routine Maintenance Exp.,BBD and BI Test,BBD and BI Test,,Road Roughness Survey,Civil Tech India Pvt Ltd-DH,125033.00, 125033.00,,0.00,,0,0, Approved, 
AIPL,Budget Balances,  , , 01-04-2024 ,Due Diligence,Astro 2,Astro 2,0.00,,,,,,,243080.00,0.00,, , 
AIPL,Supplier Invoice,1722,1061,14-05-2024,Due Diligence,Astro 2,Astro 2,,Astro 2,Deloitte Touche Tohmatsu India LLP,0.00, ,0.00,206000.00,,,, Completed, 
AIPL,Budget Adjustment,445,0,04-04-2024,Due Diligence,Astro 2,Astro 2,,,,0.00, ,0.00,0.00,,0,0, , 
AIPL,Purchase Order,1061,1061,06-05-2024,Due Diligence,Astro 2,Astro 2,,Astro 2,Deloitte Touche Tohmatsu India LLP,206000.00, 0.00,,0.00,,0,0, Approved, 
KTPL,Budget Balances,  , , 01-04-2024 ,Other Expenses,Insurance Expenses,Insurance Expenses,2500000.00,,,,,,,54500.00,2500000.00,, , 
KTPL,Purchase Order,1049,1049,03-05-2024,Other Expenses,Insurance Expenses,Insurance Expenses,,Project Insurance,IFFCO TOKIO GEN INSURANCE CO LTD ,2502102.00, 2502102.00,,0.00,,,, Approved, 
KTPL,Budget Adjustment,446,0,05-04-2024,Other Expenses,Insurance Expenses,Insurance Expenses,,,,0.00, ,0.00,0.00,,0,0, , 
KTPL,Purchase Order,929,929,08-04-2024,Other Expenses,Insurance Expenses,Insurance Expenses,,INSURANCE POLICY,IFFCO TOKIO GEN INSURANCE CO LTD ,51522.00, 51522.00,,0.00,,0,0, Approved, 
ADHTPL,Budget Balances,  , , 01-04-2024 ,COS,Construction of Bus Stop,Construction of Bus Stop,0.00,,,,,,,2184786.00,0.00,, , 
ADHTPL,Supplier Invoice,1547,940,18-04-2024,COS,Construction of Bus Stop,Construction of Bus Stop,,Providing Anti skid ceramic tiles,Apkon Ventures Pvt Ltd ,0.00, ,0.00,317148.00,,,, Completed, 
ADHTPL,Purchase Order,940,940,10-04-2024,COS,Construction of Bus Stop,Construction of Bus Stop,,Supply and Fixing of CGI Sheet over roof,Apkon Ventures Pvt Ltd ,81130.00, 0.00,,0.00,,0,0, Approved, 
ADHTPL,Supplier Invoice,1547,940,18-04-2024,COS,Construction of Bus Stop,Construction of Bus Stop,,Litter bins,Apkon Ventures Pvt Ltd ,0.00, ,0.00,11379.00,,0,0, Completed, 
ADHTPL,Purchase Order,940,940,10-04-2024,COS,Construction of Bus Stop,Construction of Bus Stop,,Providing & laying  RCC M-30,Apkon Ventures Pvt Ltd ,122851.00, 0.00,,0.00,,0,0, Approved, 
ADHTPL,Purchase Order,940,940,10-04-2024,COS,Construction of Bus Stop,Construction of Bus Stop,,Providing & Filing in foundation trenches ,Apkon Ventures Pvt Ltd ,15459.00, 0.00,,0.00,,0,0, Approved, 
ADHTPL,Supplier Invoice,1547,940,18-04-2024,COS,Construction of Bus Stop,Construction of Bus Stop,,Supply and Fixing of all Structural Steel items ,Apkon Ventures Pvt Ltd ,0.00, ,0.00,837714.00,,0,0, Completed, 
ADHTPL,Purchase Order,940,940,10-04-2024,COS,Construction of Bus Stop,Construction of Bus Stop,,Applying red lead ready mix priming coat ,Apkon Ventures Pvt Ltd ,34934.00, 0.00,,0.00,,0,0, Approved, 
ADHTPL,Supplier Invoice,1547,940,18-04-2024,COS,Construction of Bus Stop,Construction of Bus Stop,,Providing & laying Plain / Reinforced Cement Con,Apkon Ventures Pvt Ltd ,0.00, ,0.00,147353.00,,0,0, Completed, 
ADHTPL,Supplier Invoice,1547,940,18-04-2024,COS,Construction of Bus Stop,Construction of Bus Stop,,Earth work excavation for foundation structures,Apkon Ventures Pvt Ltd ,0.00, ,0.00,6460.00,,0,0, Completed, 
ADHTPL,Purchase Order,940,940,10-04-2024,COS,Construction of Bus Stop,Construction of Bus Stop,,Providing TMT Steel bar,Apkon Ventures Pvt Ltd ,61664.00, 0.00,,0.00,,0,0, Approved, 
ADHTPL,Purchase Order,940,940,10-04-2024,COS,Construction of Bus Stop,Construction of Bus Stop,,Providing and Constructing Burnt Brick masonry,Apkon Ventures Pvt Ltd ,177018.00, 0.00,,0.00,,0,0, Approved, 
ADHTPL,Supplier Invoice,1547,940,18-04-2024,COS,Construction of Bus Stop,Construction of Bus Stop,,Supply and Fixing of CGI Sheet over roof,Apkon Ventures Pvt Ltd ,0.00, ,0.00,81130.00,,0,0, Completed, 
ADHTPL,Purchase Order,940,940,10-04-2024,COS,Construction of Bus Stop,Construction of Bus Stop,,Supply and Fixing of polycarbonate sheet sides,Apkon Ventures Pvt Ltd ,9166.00, 0.00,,0.00,,0,0, Approved, 
ADHTPL,Supplier Invoice,1547,940,18-04-2024,COS,Construction of Bus Stop,Construction of Bus Stop,,Providing & laying  RCC M-30,Apkon Ventures Pvt Ltd ,0.00, ,0.00,122851.00,,0,0, Completed, 
ADHTPL,Supplier Invoice,1547,940,18-04-2024,COS,Construction of Bus Stop,Construction of Bus Stop,,Providing & Filing in foundation trenches ,Apkon Ventures Pvt Ltd ,0.00, ,0.00,15459.00,,0,0, Completed, 
ADHTPL,Purchase Order,940,940,10-04-2024,COS,Construction of Bus Stop,Construction of Bus Stop,,Providing and applying enamel paint on metal,Apkon Ventures Pvt Ltd ,128428.00, 0.00,,0.00,,0,0, Approved, 
ADHTPL,Purchase Order,940,940,10-04-2024,COS,Construction of Bus Stop,Construction of Bus Stop,,Providing Anti skid ceramic tiles,Apkon Ventures Pvt Ltd ,317148.00, 0.00,,0.00,,0,0, Approved, 
ADHTPL,Supplier Invoice,1547,940,18-04-2024,COS,Construction of Bus Stop,Construction of Bus Stop,,Applying red lead ready mix priming coat ,Apkon Ventures Pvt Ltd ,0.00, ,0.00,34934.00,,0,0, Completed, 
ADHTPL,Purchase Order,940,940,10-04-2024,COS,Construction of Bus Stop,Construction of Bus Stop,,Litter bins,Apkon Ventures Pvt Ltd ,11379.00, 0.00,,0.00,,0,0, Approved, 
ADHTPL,Supplier Invoice,1547,940,18-04-2024,COS,Construction of Bus Stop,Construction of Bus Stop,,Providing TMT Steel bar,Apkon Ventures Pvt Ltd ,0.00, ,0.00,61664.00,,0,0, Completed, 
ADHTPL,Supplier Invoice,1547,940,18-04-2024,COS,Construction of Bus Stop,Construction of Bus Stop,,Providing and Constructing Burnt Brick masonry,Apkon Ventures Pvt Ltd ,0.00, ,0.00,177018.00,,0,0, Completed, 
ADHTPL,Purchase Order,940,940,10-04-2024,COS,Construction of Bus Stop,Construction of Bus Stop,,Supply and Fixing of all Structural Steel items ,Apkon Ventures Pvt Ltd ,837714.00, 0.00,,0.00,,0,0, Approved, 
ADHTPL,Supplier Invoice,1547,940,18-04-2024,COS,Construction of Bus Stop,Construction of Bus Stop,,Supply and Fixing of polycarbonate sheet sides,Apkon Ventures Pvt Ltd ,0.00, ,0.00,9166.00,,0,0, Completed, 
ADHTPL,Purchase Order,940,940,10-04-2024,COS,Construction of Bus Stop,Construction of Bus Stop,,Providing & laying Plain / Reinforced Cement Con,Apkon Ventures Pvt Ltd ,147353.00, 0.00,,0.00,,0,0, Approved, 
ADHTPL,Purchase Order,940,940,10-04-2024,COS,Construction of Bus Stop,Construction of Bus Stop,,Earth work excavation for foundation structures,Apkon Ventures Pvt Ltd ,6460.00, 0.00,,0.00,,0,0, Approved, 
ADHTPL,Budget Adjustment,447,0,06-04-2024,COS,Construction of Bus Stop,Construction of Bus Stop,,,,0.00, ,0.00,0.00,,0,0, , 
ADHTPL,Supplier Invoice,1547,940,18-04-2024,COS,Construction of Bus Stop,Construction of Bus Stop,,Providing and applying enamel paint on metal,Apkon Ventures Pvt Ltd ,0.00, ,0.00,128428.00,,0,0, Completed, 
ADHTPL,Budget Balances,  , , 01-04-2024 ,Other Expenses,Professional Fees,Legal and Professional Charges,0.00,,,,,,,0.00,141600.00,, , 
ADHTPL,Supplier Invoice,1565,932,24-04-2024,Other Expenses,Professional Fees,Legal and Professional Charges,,Data Recovery (B41484 - 4 SAS HDDs* 600 GB) ,Stellar Information Technology Private Ltd,0.00, ,0.00,70800.00,,,, Completed, 
ADHTPL,Supplier Invoice,1571,932,25-04-2024,Other Expenses,Professional Fees,Legal and Professional Charges,,Data Recovery (B41474 - 4 SAS HDDs* 600 GB) ,Stellar Information Technology Private Ltd,0.00, ,0.00,70800.00,,0,0, Completed, 
ADHTPL,Budget Adjustment,448,0,06-04-2024,Other Expenses,Professional Fees,Legal and Professional Charges,,,,0.00, ,0.00,0.00,,0,0, , 
ADHTPL,Purchase Order,932,932,08-04-2024,Other Expenses,Professional Fees,Legal and Professional Charges,,Data Recovery (B41484 - 4 SAS HDDs* 600 GB) ,Stellar Information Technology Private Ltd,70800.00, 0.00,,0.00,,0,0, Approved, 
ADHTPL,Purchase Order,932,932,08-04-2024,Other Expenses,Professional Fees,Legal and Professional Charges,,Data Recovery (B41474 - 4 SAS HDDs* 600 GB) ,Stellar Information Technology Private Ltd,70800.00, 0.00,,0.00,,0,0, Approved, 
AIPL,Budget Balances,  , , 01-04-2024 ,Personal Exp.,Staff Salary,Staff Salary,146166746.00,,,,,,,0.00,146166746.00,, , 
AIPL,Operating Expense,4572,0,05-07-2024,Personal Exp.,Staff Salary,Staff Salary,,Professional charges-Maternity Retn jan to Dec23,Samadhan Shinde ,0.00, ,0.00,5000.00,,,, Completed, 
AIPL,Operating Expense,4573,0,12-07-2024,Personal Exp.,Staff Salary,Staff Salary,,Professional charges for filing PTRC Return,Samadhan Shinde ,0.00, ,0.00,4000.00,,0,0, Completed, 
AIPL,Budget Balances,  , , 01-04-2024 ,Personal Exp.,Team building,Team building,3798024.92,,,,,,,0.00,3798024.92,, , 
AIPL,Purchase Order,1316,1316,12-06-2024,Personal Exp.,Team building,Team building,,T shirt ,Orian Corporation,30000.00, 0.00,,0.00,,,, Approved, 
AIPL,Purchase Order,1141,1141,17-05-2024,Personal Exp.,Team building,Team building,,Offsite Expenses-HDFC prepaid card,HDFC Prepaid Card,18741.00, 0.00,,0.00,,0,0, Approved, 
AIPL,Regular Expense,4185,0,18-04-2024,Personal Exp.,Team building,Team building,,Off Site Hotel and Travel expenses,Arvind Kumar Mishra,0.00, ,0.00,3790.00,,0,0, Completed, 
AIPL,Purchase Order,1497,1497,17-07-2024,Personal Exp.,Team building,Team building,,Trek Fees,WARRIORS  ADVENTURE,26400.00, 26400.00,,0.00,,0,0, Approved, 
AIPL,Supplier Invoice,1568,960,25-04-2024,Personal Exp.,Team building,Team building,,Professional Fees for Team Build ,Innovation India In,0.00, ,0.00,100000.00,,0,0, Completed, 
AIPL,Supplier Invoice,2080,1316,20-06-2024,Personal Exp.,Team building,Team building,,T shirt ,Orian Corporation,0.00, ,0.00,30000.00,,0,0, Completed, 
AIPL,Purchase Order,959,959,15-04-2024,Personal Exp.,Team building,Team building,,Bags For Offsite,Wildcraft India Pvt Ltd,127118.50, 0.00,,0.00,,0,0, Approved, 
AIPL,Purchase Order,1328,1328,19-06-2024,Personal Exp.,Team building,Team building,,Courier Charges (Offsite),Reliable Courier & Cargo,19383.00, 19383.00,,0.00,,0,0, Approved, 
AIPL,Supplier Invoice,2060,1141,18-06-2024,Personal Exp.,Team building,Team building,,Offsite Expenses-HDFC prepaid card,HDFC Prepaid Card,0.00, ,0.00,18741.00,,0,0, Completed, 
AIPL,Supplier Invoice,1537,959,17-04-2024,Personal Exp.,Team building,Team building,,Bags For Offsite,Wildcraft India Pvt Ltd,0.00, ,0.00,150000.00,,0,0, Completed, 
AIPL,Supplier Invoice,1581,961,29-04-2024,Personal Exp.,Team building,Team building,,Off Site Hotel and Travel expenses,Uniglobe Mod Travel ,0.00, ,0.00,411398.00,,0,0, Completed, 
AIPL,Regular Expense,4185,0,18-04-2024,Personal Exp.,Team building,Team building,,Off Site Hotel and Travel expenses,Arvind Kumar Mishra,0.00, ,0.00,480.00,,0,0, Completed, 
AIPL,Purchase Order,960,960,15-04-2024,Personal Exp.,Team building,Team building,,Professional Fees for Team Build ,Innovation India In,100000.00, 0.00,,0.00,,0,0, Approved, 
AIPL,Supplier Invoice,1588,961,29-04-2024,Personal Exp.,Team building,Team building,,Off Site Hotel and Travel expenses,Uniglobe Mod Travel ,0.00, ,0.00,2103183.00,,0,0, Completed, 
AIPL,Purchase Order,971,971,17-04-2024,Personal Exp.,Team building,Team building,,Lunch for team enroute,HDFC Prepaid Card,19360.00, 19360.00,,0.00,,0,0, Approved, 
AIPL,Regular Expense,4185,0,18-04-2024,Personal Exp.,Team building,Team building,,Off Site Hotel and Travel expenses,Arvind Kumar Mishra,0.00, ,0.00,260.00,,0,0, Completed, 
AIPL,Purchase Order,961,961,15-04-2024,Personal Exp.,Team building,Team building,,Off Site Hotel and Travel expenses,Uniglobe Mod Travel ,2616582.00, 0.00,,0.00,,0,0, Approved, 
AIPL,Supplier Invoice,2503,1497,25-07-2024,Personal Exp.,Team building,Team building,,Trek Fees,WARRIORS  ADVENTURE,0.00, ,0.00,22400.00,,0,0, Completed, 
AIPL,Budget Balances,  , , 01-04-2024 ,Personal Exp.,Mobile Reimbursement,Mobile Reimbursement,780000.00,,,,,,,0.00,780000.00,, , 
AIPL,Regular Expense,4289,0,22-05-2024,Personal Exp.,Mobile Reimbursement,Mobile Reimbursement,,Mobile Bill / Data Card,Abhay Dani,0.00, ,0.00,1188.00,,,, Completed, 
AIPL,Regular Expense,4271,0,18-05-2024,Personal Exp.,Mobile Reimbursement,Mobile Reimbursement,,Mobile Bill / Data Card,Rushabh Gala,0.00, ,0.00,471.00,,0,0, Completed, 
AIPL,Regular Expense,4577,0,13-07-2024,Personal Exp.,Mobile Reimbursement,Mobile Reimbursement,,Mobile Bill / Data Card,Manjeet Malhotra,0.00, ,0.00,708.00,,0,0, Completed, 
AIPL,Regular Expense,4006,0,06-04-2024,Personal Exp.,Mobile Reimbursement,Mobile Reimbursement,,Mobile Bill / Data Card,Manjeet Malhotra,0.00, ,0.00,707.00,,0,0, Completed, 
AIPL,Regular Expense,4641,0,26-07-2024,Personal Exp.,Mobile Reimbursement,Mobile Reimbursement,,Mobile Bill / Data Card,Vijayakumar P,0.00, ,0.00,672.50,,0,0, Completed, 
AIPL,Regular Expense,4088,0,23-04-2024,Personal Exp.,Mobile Reimbursement,Mobile Reimbursement,,Mobile Bill / Data Card,Mohan Pradhan,0.00, ,0.00,500.00,,0,0, Completed, 
AIPL,Regular Expense,4594,0,16-07-2024,Personal Exp.,Mobile Reimbursement,Mobile Reimbursement,,Mobile Bill / Data Card,Shashank Sardeshmukh,0.00, ,0.00,1412.00,,0,0, Completed, 
AIPL,Regular Expense,3999,0,10-04-2024,Personal Exp.,Mobile Reimbursement,Mobile Reimbursement,,Mobile Bill / Data Card,Bikram Singh,0.00, ,0.00,806.64,,0,0, Completed, 
AIPL,Regular Expense,4656,0,30-07-2024,Personal Exp.,Mobile Reimbursement,Mobile Reimbursement,,Mobile Bill / Data Card,Abhinay Vijayakar,0.00, ,0.00,470.82,,0,0, Completed, 
AIPL,Regular Expense,4778,0,24-04-2024,Personal Exp.,Mobile Reimbursement,Mobile Reimbursement,,Mobile Bill / Data Card,Harshad Shukla,0.00, ,0.00,1901.00,,0,0, Submitted, 
AIPL,Regular Expense,4268,0,18-05-2024,Personal Exp.,Mobile Reimbursement,Mobile Reimbursement,,Mobile Bill / Data Card,Himanshu Sharma,0.00, ,0.00,1331.00,,0,0, Completed, 
AIPL,Regular Expense,4656,0,30-07-2024,Personal Exp.,Mobile Reimbursement,Mobile Reimbursement,,Mobile Bill / Data Card,Abhinay Vijayakar,0.00, ,0.00,595.00,,0,0, Completed, 
AIPL,Regular Expense,4610,0,19-07-2024,Personal Exp.,Mobile Reimbursement,Mobile Reimbursement,,Mobile Bill / Data Card,Abhay Dani,0.00, ,0.00,1313.00,,0,0, Completed, 
AIPL,Regular Expense,4653,0,29-07-2024,Personal Exp.,Mobile Reimbursement,Mobile Reimbursement,,Mobile Bill / Data Card,Manjeet Malhotra,0.00, ,0.00,700.00,,0,0, Completed, 
AIPL,Regular Expense,4105,0,24-04-2024,Personal Exp.,Mobile Reimbursement,Mobile Reimbursement,,Mobile Bill / Data Card,Ishwar Lal Sharma,0.00, ,0.00,824.82,,0,0, Completed, 
AIPL,Regular Expense,4271,0,18-05-2024,Personal Exp.,Mobile Reimbursement,Mobile Reimbursement,,Mobile Bill / Data Card,Rushabh Gala,0.00, ,0.00,579.00,,0,0, Completed, 
AIPL,Regular Expense,4230,0,10-05-2024,Personal Exp.,Mobile Reimbursement,Mobile Reimbursement,,Mobile Bill / Data Card,Manjeet Malhotra,0.00, ,0.00,700.00,,0,0, Completed, 
AIPL,Regular Expense,4368,0,04-06-2024,Personal Exp.,Mobile Reimbursement,Mobile Reimbursement,,Mobile Bill / Data Card,Vijayakumar P,0.00, ,0.00,1327.50,,0,0, Completed, 
AIPL,Regular Expense,4444,0,21-06-2024,Personal Exp.,Mobile Reimbursement,Mobile Reimbursement,,Mobile Bill / Data Card,Rushabh Gala,0.00, ,0.00,277.15,,0,0, Completed, 
AIPL,Regular Expense,3999,0,10-04-2024,Personal Exp.,Mobile Reimbursement,Mobile Reimbursement,,Mobile Bill / Data Card,Bikram Singh,0.00, ,0.00,806.64,,0,0, Completed, 
AIPL,Regular Expense,4656,0,30-07-2024,Personal Exp.,Mobile Reimbursement,Mobile Reimbursement,,Mobile Bill / Data Card,Abhinay Vijayakar,0.00, ,0.00,470.82,,0,0, Completed, 
AIPL,Regular Expense,4388,0,06-06-2024,Personal Exp.,Mobile Reimbursement,Mobile Reimbursement,,Mobile Bill / Data Card,Manjeet Malhotra,0.00, ,0.00,708.00,,0,0, Completed, 
AIPL,Regular Expense,4654,0,24-04-2024,Personal Exp.,Mobile Reimbursement,Mobile Reimbursement,,Mobile Bill / Data Card,Ranganathan N,0.00, ,0.00,824.00,,0,0, Completed, 
AIPL,Regular Expense,3910,0,13-04-2024,Personal Exp.,Mobile Reimbursement,Mobile Reimbursement,,Mobile Bill / Data Card,Vikram Jadhav,0.00, ,0.00,1413.64,,0,0, Completed, 
AIPL,Regular Expense,4705,0,06-08-2024,Personal Exp.,Mobile Reimbursement,Mobile Reimbursement,,Mobile Bill / Data Card,Abhay Dani,0.00, ,0.00,10.00,,0,0, Draft, 
AIPL,Regular Expense,4290,0,22-05-2024,Personal Exp.,Mobile Reimbursement,Mobile Reimbursement,,Mobile Bill / Data Card,Abhay Dani,0.00, ,0.00,1313.00,,0,0, Completed, 
AIPL,Regular Expense,4271,0,18-05-2024,Personal Exp.,Mobile Reimbursement,Mobile Reimbursement,,Mobile Bill / Data Card,Rushabh Gala,0.00, ,0.00,579.00,,0,0, Completed, 
AIPL,Regular Expense,3999,0,10-04-2024,Personal Exp.,Mobile Reimbursement,Mobile Reimbursement,,Mobile Bill / Data Card,Bikram Singh,0.00, ,0.00,806.64,,0,0, Completed, 
AIPL,Regular Expense,4778,0,24-04-2024,Personal Exp.,Mobile Reimbursement,Mobile Reimbursement,,Mobile Bill / Data Card,Harshad Shukla,0.00, ,0.00,2358.00,,0,0, Submitted, 
AIPL,Regular Expense,4156,0,03-05-2024,Personal Exp.,Mobile Reimbursement,Mobile Reimbursement,,Mobile Bill / Data Card,Lakshmirekha Srilalan,0.00, ,0.00,6385.00,,0,0, Completed, 
AIPL,Regular Expense,4656,0,30-07-2024,Personal Exp.,Mobile Reimbursement,Mobile Reimbursement,,Mobile Bill / Data Card,Abhinay Vijayakar,0.00, ,0.00,588.82,,0,0, Completed, 
AIPL,Regular Expense,4654,0,24-04-2024,Personal Exp.,Mobile Reimbursement,Mobile Reimbursement,,Mobile Bill / Data Card,Ranganathan N,0.00, ,0.00,647.00,,0,0, Completed, 
AIPL,Regular Expense,4474,0,24-06-2024,Personal Exp.,Mobile Reimbursement,Mobile Reimbursement,,Mobile Bill / Data Card,Manjeet Malhotra,0.00, ,0.00,700.00,,0,0, Completed, 
AIPL,Regular Expense,4271,0,18-05-2024,Personal Exp.,Mobile Reimbursement,Mobile Reimbursement,,Mobile Bill / Data Card,Rushabh Gala,0.00, ,0.00,455.00,,0,0, Completed, 
AIPL,Regular Expense,4368,0,04-06-2024,Personal Exp.,Mobile Reimbursement,Mobile Reimbursement,,Mobile Bill / Data Card,Vijayakumar P,0.00, ,0.00,672.50,,0,0, Completed, 
AIPL,Regular Expense,4444,0,21-06-2024,Personal Exp.,Mobile Reimbursement,Mobile Reimbursement,,Mobile Bill / Data Card,Rushabh Gala,0.00, ,0.00,1190.15,,0,0, Completed, 
AIPL,Regular Expense,3999,0,10-04-2024,Personal Exp.,Mobile Reimbursement,Mobile Reimbursement,,Mobile Bill / Data Card,Bikram Singh,0.00, ,0.00,1372.65,,0,0, Completed, 
AIPL,Regular Expense,4656,0,30-07-2024,Personal Exp.,Mobile Reimbursement,Mobile Reimbursement,,Mobile Bill / Data Card,Abhinay Vijayakar,0.00, ,0.00,470.82,,0,0, Completed, 
AIPL,Regular Expense,4654,0,24-04-2024,Personal Exp.,Mobile Reimbursement,Mobile Reimbursement,,Mobile Bill / Data Card,Ranganathan N,0.00, ,0.00,824.00,,0,0, Completed, 
AIPL,Regular Expense,4607,0,19-07-2024,Personal Exp.,Mobile Reimbursement,Mobile Reimbursement,,Mobile Bill / Data Card,Bharath Mohan K,0.00, ,0.00,1178.82,,0,0, Completed, 
AIPL,Regular Expense,3910,0,13-04-2024,Personal Exp.,Mobile Reimbursement,Mobile Reimbursement,,Mobile Bill / Data Card,Vikram Jadhav,0.00, ,0.00,1413.64,,0,0, Completed, 
AIPL,Regular Expense,4271,0,18-05-2024,Personal Exp.,Mobile Reimbursement,Mobile Reimbursement,,Mobile Bill / Data Card,Rushabh Gala,0.00, ,0.00,6932.00,,0,0, Completed, 
AIPL,Regular Expense,4340,0,26-05-2024,Personal Exp.,Mobile Reimbursement,Mobile Reimbursement,,Mobile Bill / Data Card,Manjeet Malhotra,0.00, ,0.00,700.00,,0,0, Completed, 
AIPL,Regular Expense,4665,0,31-07-2024,Personal Exp.,Mobile Reimbursement,Mobile Reimbursement,,Mobile Bill / Data Card,Rushabh Gala,0.00, ,0.00,1415.00,,0,0, Completed, 
AIPL,Regular Expense,4489,0,24-06-2024,Personal Exp.,Mobile Reimbursement,Mobile Reimbursement,,Mobile Bill / Data Card,Tabraze Ahmed,0.00, ,0.00,1608.00,,0,0, Completed, 
AIPL,Regular Expense,3999,0,10-04-2024,Personal Exp.,Mobile Reimbursement,Mobile Reimbursement,,Mobile Bill / Data Card,Bikram Singh,0.00, ,0.00,806.64,,0,0, Completed, 
AIPL,Regular Expense,4778,0,24-04-2024,Personal Exp.,Mobile Reimbursement,Mobile Reimbursement,,Mobile Bill / Data Card,Harshad Shukla,0.00, ,0.00,2320.00,,0,0, Submitted, 
AIPL,Regular Expense,4656,0,30-07-2024,Personal Exp.,Mobile Reimbursement,Mobile Reimbursement,,Mobile Bill / Data Card,Abhinay Vijayakar,0.00, ,0.00,588.82,,0,0, Completed, 
AIPL,Regular Expense,4654,0,24-04-2024,Personal Exp.,Mobile Reimbursement,Mobile Reimbursement,,Mobile Bill / Data Card,Ranganathan N,0.00, ,0.00,647.00,,0,0, Completed, 
AIPL,Regular Expense,4755,0,24-07-2024,Personal Exp.,Mobile Reimbursement,Mobile Reimbursement,,Mobile Bill / Data Card,Tabraze Ahmed,0.00, ,0.00,1531.00,,0,0, Completed, 
AIPL,Regular Expense,4670,0,01-08-2024,Personal Exp.,Mobile Reimbursement,Mobile Reimbursement,,Mobile Bill / Data Card,Bharath Mohan K,0.00, ,0.00,3740.00,,0,0, Completed, 
AIPL,Regular Expense,4271,0,18-05-2024,Personal Exp.,Mobile Reimbursement,Mobile Reimbursement,,Mobile Bill / Data Card,Rushabh Gala,0.00, ,0.00,486.00,,0,0, Completed, 
AIPL,Regular Expense,4444,0,21-06-2024,Personal Exp.,Mobile Reimbursement,Mobile Reimbursement,,Mobile Bill / Data Card,Rushabh Gala,0.00, ,0.00,579.00,,0,0, Completed, 
AIPL,Regular Expense,3999,0,10-04-2024,Personal Exp.,Mobile Reimbursement,Mobile Reimbursement,,Mobile Bill / Data Card,Bikram Singh,0.00, ,0.00,1252.58,,0,0, Completed, 
AIPL,Regular Expense,4660,0,30-07-2024,Personal Exp.,Mobile Reimbursement,Mobile Reimbursement,,Mobile Bill / Data Card,Saksham Maheshwari,0.00, ,0.00,824.81,,0,0, Completed, 
AIPL,Regular Expense,4122,0,28-04-2024,Personal Exp.,Mobile Reimbursement,Mobile Reimbursement,,Mobile Bill / Data Card,Vijayakumar P,0.00, ,0.00,1327.50,,0,0, Completed, 
AIPL,Regular Expense,4784,0,19-08-2024,Personal Exp.,Mobile Reimbursement,Mobile Reimbursement,,Mobile Bill / Data Card,Abhay Dani,0.00, ,0.00,1188.00,,0,0, Submitted, 
AIPL,Regular Expense,4484,0,01-07-2024,Personal Exp.,Mobile Reimbursement,Mobile Reimbursement,,Mobile Bill / Data Card,Abhay Dani,0.00, ,0.00,7220.00,,0,0, Completed, 
AIPL,Regular Expense,4328,0,20-05-2024,Personal Exp.,Mobile Reimbursement,Mobile Reimbursement,,Mobile Bill / Data Card,Saksham Maheshwari,0.00, ,0.00,825.00,,0,0, Completed, 
AIPL,Regular Expense,3938,0,10-04-2024,Personal Exp.,Mobile Reimbursement,Mobile Reimbursement,,Mobile Bill / Data Card,Vijayakumar P,0.00, ,0.00,1327.50,,0,0, Completed, 
AIPL,Regular Expense,4656,0,30-07-2024,Personal Exp.,Mobile Reimbursement,Mobile Reimbursement,,Mobile Bill / Data Card,Abhinay Vijayakar,0.00, ,0.00,470.82,,0,0, Completed, 
AIPL,Regular Expense,4167,0,05-05-2024,Personal Exp.,Mobile Reimbursement,Mobile Reimbursement,,Mobile Bill / Data Card,Abhay Dani,0.00, ,0.00,1188.00,,0,0, Completed, 
AIPL,Regular Expense,4154,0,24-04-2024,Personal Exp.,Mobile Reimbursement,Mobile Reimbursement,,Mobile Bill / Data Card,Tabraze Ahmed,0.00, ,0.00,1531.00,,0,0, Completed, 
AIPL,Regular Expense,3910,0,13-04-2024,Personal Exp.,Mobile Reimbursement,Mobile Reimbursement,,Mobile Bill / Data Card,Vikram Jadhav,0.00, ,0.00,1413.64,,0,0, Completed, 
AIPL,Regular Expense,4654,0,24-04-2024,Personal Exp.,Mobile Reimbursement,Mobile Reimbursement,,Mobile Bill / Data Card,Ranganathan N,0.00, ,0.00,824.00,,0,0, Completed, 
AIPL,Regular Expense,4271,0,18-05-2024,Personal Exp.,Mobile Reimbursement,Mobile Reimbursement,,Mobile Bill / Data Card,Rushabh Gala,0.00, ,0.00,579.00,,0,0, Completed, 
AIPL,Regular Expense,4375,0,24-05-2024,Personal Exp.,Mobile Reimbursement,Mobile Reimbursement,,Mobile Bill / Data Card,Tabraze Ahmed,0.00, ,0.00,1531.00,,0,0, Completed, 
AIPL,Regular Expense,4665,0,31-07-2024,Personal Exp.,Mobile Reimbursement,Mobile Reimbursement,,Mobile Bill / Data Card,Rushabh Gala,0.00, ,0.00,579.00,,0,0, Completed, 
AIPL,Regular Expense,4740,0,06-08-2024,Personal Exp.,Mobile Reimbursement,Mobile Reimbursement,,Mobile Bill / Data Card,Manjeet Malhotra,0.00, ,0.00,712.00,,0,0, Completed, 
AIPL,Regular Expense,3999,0,10-04-2024,Personal Exp.,Mobile Reimbursement,Mobile Reimbursement,,Mobile Bill / Data Card,Bikram Singh,0.00, ,0.00,806.64,,0,0, Completed, 
AIPL,Regular Expense,4778,0,24-04-2024,Personal Exp.,Mobile Reimbursement,Mobile Reimbursement,,Mobile Bill / Data Card,Harshad Shukla,0.00, ,0.00,2240.00,,0,0, Submitted, 
AIPL,Regular Expense,4656,0,30-07-2024,Personal Exp.,Mobile Reimbursement,Mobile Reimbursement,,Mobile Bill / Data Card,Abhinay Vijayakar,0.00, ,0.00,470.82,,0,0, Completed, 
AIPL,Regular Expense,4480,0,30-06-2024,Personal Exp.,Mobile Reimbursement,Mobile Reimbursement,,Mobile Bill / Data Card,Vijayakumar P,0.00, ,0.00,1327.50,,0,0, Completed, 
AIPL,Regular Expense,4671,0,01-08-2024,Personal Exp.,Mobile Reimbursement,Mobile Reimbursement,,Mobile Bill / Data Card,Bharath Mohan K,0.00, ,0.00,11232.00,,0,0, Completed, 
AIPL,Regular Expense,4654,0,24-04-2024,Personal Exp.,Mobile Reimbursement,Mobile Reimbursement,,Mobile Bill / Data Card,Ranganathan N,0.00, ,0.00,706.00,,0,0, Completed, 
AIPL,Regular Expense,4271,0,18-05-2024,Personal Exp.,Mobile Reimbursement,Mobile Reimbursement,,Mobile Bill / Data Card,Rushabh Gala,0.00, ,0.00,579.00,,0,0, Completed, 
AIPL,Regular Expense,4242,0,13-05-2024,Personal Exp.,Mobile Reimbursement,Mobile Reimbursement,,Mobile Bill / Data Card,Pravin Karambelkar,0.00, ,0.00,3215.00,,0,0, Completed, 
AIPL,Regular Expense,3948,0,02-04-2024,Personal Exp.,Mobile Reimbursement,Mobile Reimbursement,,Mobile Bill / Data Card,Manjeet Malhotra,0.00, ,0.00,700.00,,0,0, Completed, 
AIPL,Regular Expense,4641,0,26-07-2024,Personal Exp.,Mobile Reimbursement,Mobile Reimbursement,,Mobile Bill / Data Card,Vijayakumar P,0.00, ,0.00,1327.50,,0,0, Completed, 
AIPL,Regular Expense,4122,0,28-04-2024,Personal Exp.,Mobile Reimbursement,Mobile Reimbursement,,Mobile Bill / Data Card,Vijayakumar P,0.00, ,0.00,672.50,,0,0, Completed, 
AIPL,Regular Expense,4784,0,19-08-2024,Personal Exp.,Mobile Reimbursement,Mobile Reimbursement,,Mobile Bill / Data Card,Abhay Dani,0.00, ,0.00,1313.00,,0,0, Submitted, 
AIPL,Regular Expense,4329,0,29-05-2024,Personal Exp.,Mobile Reimbursement,Mobile Reimbursement,,Mobile Bill / Data Card,Bharath Mohan K,0.00, ,0.00,2593.00,,0,0, Completed, 
AIPL,Regular Expense,4593,0,16-07-2024,Personal Exp.,Mobile Reimbursement,Mobile Reimbursement,,Mobile Bill / Data Card,Shashank Sardeshmukh,0.00, ,0.00,1412.00,,0,0, Completed, 
AIPL,Regular Expense,3938,0,10-04-2024,Personal Exp.,Mobile Reimbursement,Mobile Reimbursement,,Mobile Bill / Data Card,Vijayakumar P,0.00, ,0.00,672.50,,0,0, Completed, 
AIPL,Regular Expense,4656,0,30-07-2024,Personal Exp.,Mobile Reimbursement,Mobile Reimbursement,,Mobile Bill / Data Card,Abhinay Vijayakar,0.00, ,0.00,470.82,,0,0, Completed, 
AIPL,Regular Expense,4168,0,05-05-2024,Personal Exp.,Mobile Reimbursement,Mobile Reimbursement,,Mobile Bill / Data Card,Abhay Dani,0.00, ,0.00,1313.00,,0,0, Completed, 
AIPL,Regular Expense,4654,0,24-04-2024,Personal Exp.,Mobile Reimbursement,Mobile Reimbursement,,Mobile Bill / Data Card,Ranganathan N,0.00, ,0.00,824.00,,0,0, Completed, 
AIPL,Regular Expense,4609,0,19-07-2024,Personal Exp.,Mobile Reimbursement,Mobile Reimbursement,,Mobile Bill / Data Card,Abhay Dani,0.00, ,0.00,1188.00,,0,0, Completed, 
AIPL,Regular Expense,4271,0,18-05-2024,Personal Exp.,Mobile Reimbursement,Mobile Reimbursement,,Mobile Bill / Data Card,Rushabh Gala,0.00, ,0.00,471.00,,0,0, Completed, 
AIPL,Regular Expense,4472,0,27-06-2024,Personal Exp.,Mobile Reimbursement,Mobile Reimbursement,,Mobile Bill / Data Card,Pravin Karambelkar,0.00, ,0.00,1102.00,,0,0, Completed, 
AIPL,Regular Expense,4229,0,06-05-2024,Personal Exp.,Mobile Reimbursement,Mobile Reimbursement,,Mobile Bill / Data Card,Manjeet Malhotra,0.00, ,0.00,706.00,,0,0, Completed, 
AIPL,Regular Expense,3999,0,10-04-2024,Personal Exp.,Mobile Reimbursement,Mobile Reimbursement,,Mobile Bill / Data Card,Bikram Singh,0.00, ,0.00,806.64,,0,0, Completed, 
AIPL,Regular Expense,4656,0,30-07-2024,Personal Exp.,Mobile Reimbursement,Mobile Reimbursement,,Mobile Bill / Data Card,Abhinay Vijayakar,0.00, ,0.00,470.82,,0,0, Completed, 
AIPL,Regular Expense,4480,0,30-06-2024,Personal Exp.,Mobile Reimbursement,Mobile Reimbursement,,Mobile Bill / Data Card,Vijayakumar P,0.00, ,0.00,672.50,,0,0, Completed, 
AIPL,Regular Expense,4654,0,24-04-2024,Personal Exp.,Mobile Reimbursement,Mobile Reimbursement,,Mobile Bill / Data Card,Ranganathan N,0.00, ,0.00,706.00,,0,0, Completed, 
AIPL,Regular Expense,4024,0,12-04-2024,Personal Exp.,Mobile Reimbursement,Mobile Reimbursement,,Mobile Bill / Data Card,Bharath Mohan K,0.00, ,0.00,1179.00,,0,0, Completed, 
AIPL,Budget Balances,  , , 01-04-2024 ,Personal Exp.,Payroll Cost,Payroll Cost,350000.00,,,,,,,0.00,350000.00,, , 
AIPL,Purchase Order,1241,1241,04-06-2024,Personal Exp.,Payroll Cost,Payroll Cost,,Payroll cost,Grant Thornton,280572.00, 0.00,,0.00,,,, Approved, 
AIPL,Supplier Invoice,2083,1241,20-06-2024,Personal Exp.,Payroll Cost,Payroll Cost,,Payroll cost,Grant Thornton,0.00, ,0.00,23381.00,,0,0, Completed, 
AIPL,Budget Balances,  , , 01-04-2024 ,Personal Exp.,Recruitment expenses,Recruitment expenses,1075000.00,,,,,,,0.00,1075000.00,, , 
AIPL,Supplier Invoice,2551,1517,30-07-2024,Personal Exp.,Recruitment expenses,Recruitment expenses,,HR Monthly Subscription Charges-24-25,ICOMM TECHNOLOGIES PRIVATE LIMITED,0.00, ,0.00,26000.00,,,, Completed, 
AIPL,Regular Expense,4659,0,06-06-2024,Personal Exp.,Recruitment expenses,Recruitment expenses,,Relocation expense,Vijay Kumar Minchala,0.00, ,0.00,148000.00,,0,0, Submitted, 
AIPL,Supplier Invoice,2593,1517,06-08-2024,Personal Exp.,Recruitment expenses,Recruitment expenses,,HR Monthly Subscription Charges-24-25,ICOMM TECHNOLOGIES PRIVATE LIMITED,0.00, ,0.00,26000.00,,0,0, Completed, 
AIPL,Regular Expense,4659,0,06-06-2024,Personal Exp.,Recruitment expenses,Recruitment expenses,,Relocation expense,Vijay Kumar Minchala,0.00, ,0.00,2500.00,,0,0, Submitted, 
AIPL,Supplier Invoice,2548,1517,30-07-2024,Personal Exp.,Recruitment expenses,Recruitment expenses,,HR Monthly Subscription Charges-24-25,ICOMM TECHNOLOGIES PRIVATE LIMITED,0.00, ,0.00,26000.00,,0,0, Completed, 
AIPL,Regular Expense,4659,0,06-06-2024,Personal Exp.,Recruitment expenses,Recruitment expenses,,Relocation expense,Vijay Kumar Minchala,0.00, ,0.00,40000.00,,0,0, Submitted, 
AIPL,Supplier Invoice,2549,1517,30-07-2024,Personal Exp.,Recruitment expenses,Recruitment expenses,,HR Monthly Subscription Charges-24-25,ICOMM TECHNOLOGIES PRIVATE LIMITED,0.00, ,0.00,26000.00,,0,0, Completed, 
AIPL,Purchase Order,1517,1517,22-07-2024,Personal Exp.,Recruitment expenses,Recruitment expenses,,HR Monthly Subscription Charges-24-25,ICOMM TECHNOLOGIES PRIVATE LIMITED,312000.00, 0.00,,0.00,,0,0, Approved, 
AIPL,Regular Expense,4659,0,06-06-2024,Personal Exp.,Recruitment expenses,Recruitment expenses,,Relocation expense,Vijay Kumar Minchala,0.00, ,0.00,24579.00,,0,0, Submitted, 
AIPL,Supplier Invoice,2550,1517,30-07-2024,Personal Exp.,Recruitment expenses,Recruitment expenses,,HR Monthly Subscription Charges-24-25,ICOMM TECHNOLOGIES PRIVATE LIMITED,0.00, ,0.00,26000.00,,0,0, Completed, 
AIPL,Regular Expense,4659,0,06-06-2024,Personal Exp.,Recruitment expenses,Recruitment expenses,,Relocation expense,Vijay Kumar Minchala,0.00, ,0.00,633.00,,0,0, Submitted, 
AIPL,Budget Balances,  , , 01-04-2024 ,Personal Exp.,Staff Welfare & Celebrations,Staff Welfare & Celebrations,2748000.00,,,,,,,0.00,2748000.00,, , 
AIPL,Operating Expense,4366,0,01-06-2024,Personal Exp.,Staff Welfare & Celebrations,Staff Welfare & Celebrations,,Flowers and Bouquet,FLORITEK,0.00, ,0.00,2006.00,,,, Completed, 
AIPL,Travel Expense,4697,0,06-08-2024,Personal Exp.,Staff Welfare & Celebrations,Staff Welfare & Celebrations,,Food and Beverages,Vijay Kumar Minchala,0.00, ,0.00,943.00,,0,0, Submitted, 
AIPL,Supplier Invoice,2410,1032,15-07-2024,Personal Exp.,Staff Welfare & Celebrations,Staff Welfare & Celebrations,,Service charges - Sodexo,Sodexo SVC India Pvt Ltd,0.00, ,0.00,310.00,,0,0, Completed, 
AIPL,Regular Expense,4041,0,23-04-2024,Personal Exp.,Staff Welfare & Celebrations,Staff Welfare & Celebrations,,Food & Beverages (Tea/Coffee/Water etc.) ,Vijayakumar P,0.00, ,0.00,488.96,,0,0, Completed, 
AIPL,Travel Expense,4027,0,13-04-2024,Personal Exp.,Staff Welfare & Celebrations,Staff Welfare & Celebrations,,Food & Beverages (Tea/Coffee/Water etc.) ,Vikram Jadhav,0.00, ,0.00,1241.00,,0,0, Completed, 
AIPL,Regular Expense,4140,0,01-05-2024,Personal Exp.,Staff Welfare & Celebrations,Staff Welfare & Celebrations,,Food & Beverages (Tea/Coffee/Water etc.) ,Rushabh Gala,0.00, ,0.00,126.00,,0,0, Completed, 
AIPL,Regular Expense,4770,0,14-08-2024,Personal Exp.,Staff Welfare & Celebrations,Staff Welfare & Celebrations,,Food & Beverages (Tea/Coffee/Water etc.) ,Rushabh Gala,0.00, ,0.00,2434.00,,0,0, Completed, 
AIPL,Regular Expense,4303,0,24-05-2024,Personal Exp.,Staff Welfare & Celebrations,Staff Welfare & Celebrations,,Food & Beverages (Tea/Coffee/Water etc.) ,Himanshu Sharma,0.00, ,0.00,1563.00,,0,0, Completed, 
AIPL,Regular Expense,4124,0,28-04-2024,Personal Exp.,Staff Welfare & Celebrations,Staff Welfare & Celebrations,,Food & Beverages (Tea/Coffee/Water etc.) ,Vijayakumar P,0.00, ,0.00,983.00,,0,0, Completed, 
AIPL,Regular Expense,4294,0,23-05-2024,Personal Exp.,Staff Welfare & Celebrations,Staff Welfare & Celebrations,,Food & Beverages (Tea/Coffee/Water etc.) ,Himanshu Sharma,0.00, ,0.00,2829.00,,0,0, Completed, 
AIPL,Regular Expense,4750,0,12-08-2024,Personal Exp.,Staff Welfare & Celebrations,Staff Welfare & Celebrations,,Food and Beverages,Vijayakumar P,0.00, ,0.00,220.50,,0,0, Completed, 
AIPL,Travel Expense,4717,0,08-08-2024,Personal Exp.,Staff Welfare & Celebrations,Staff Welfare & Celebrations,,Food & Beverages (Tea/Coffee/Water etc.) ,Risa Manna,0.00, ,0.00,770.00,,0,0, Completed, 
AIPL,Travel Expense,4699,0,06-08-2024,Personal Exp.,Staff Welfare & Celebrations,Staff Welfare & Celebrations,,Food and Beverages,Vijay Kumar Minchala,0.00, ,0.00,389.00,,0,0, Submitted, 
AIPL,Regular Expense,4668,0,31-07-2024,Personal Exp.,Staff Welfare & Celebrations,Staff Welfare & Celebrations,,Food & Beverages (Tea/Coffee/Water etc.) ,Rushabh Gala,0.00, ,0.00,7709.00,,0,0, Completed, 
AIPL,Supplier Invoice,2060,1141,18-06-2024,Personal Exp.,Staff Welfare & Celebrations,Staff Welfare & Celebrations,,Regular expenses-HDFC prepaid card.,HDFC Prepaid Card,0.00, ,0.00,32422.00,,0,0, Completed, 
AIPL,Regular Expense,4596,0,08-07-2024,Personal Exp.,Staff Welfare & Celebrations,Staff Welfare & Celebrations,,Food and Beverages,Madan Mohan,0.00, ,0.00,3493.70,,0,0, Completed, 
AIPL,Regular Expense,4176,0,06-05-2024,Personal Exp.,Staff Welfare & Celebrations,Staff Welfare & Celebrations,,Food & Beverages (Tea/Coffee/Water etc.) ,Vijayakumar P,0.00, ,0.00,681.50,,0,0, Completed, 
AIPL,Regular Expense,4457,0,25-06-2024,Personal Exp.,Staff Welfare & Celebrations,Staff Welfare & Celebrations,,Food & Beverages (Tea/Coffee/Water etc.) ,Vijayakumar P,0.00, ,0.00,70.00,,0,0, Completed, 
AIPL,Travel Expense,4027,0,13-04-2024,Personal Exp.,Staff Welfare & Celebrations,Staff Welfare & Celebrations,,Food & Beverages (Tea/Coffee/Water etc.) ,Vikram Jadhav,0.00, ,0.00,424.00,,0,0, Completed, 
AIPL,Regular Expense,4140,0,01-05-2024,Personal Exp.,Staff Welfare & Celebrations,Staff Welfare & Celebrations,,Food & Beverages (Tea/Coffee/Water etc.) ,Rushabh Gala,0.00, ,0.00,228.00,,0,0, Completed, 
AIPL,Regular Expense,3991,0,10-04-2024,Personal Exp.,Staff Welfare & Celebrations,Staff Welfare & Celebrations,,Food and Beverages,Mohan Pradhan,0.00, ,0.00,11739.19,,0,0, Completed, 
AIPL,Regular Expense,4384,0,03-06-2024,Personal Exp.,Staff Welfare & Celebrations,Staff Welfare & Celebrations,,Food & Beverages (Tea/Coffee/Water etc.) ,Himanshu Sharma,0.00, ,0.00,738.00,,0,0, Completed, 
AIPL,Supplier Invoice,2408,1032,15-07-2024,Personal Exp.,Staff Welfare & Celebrations,Staff Welfare & Celebrations,,Service charges - Sodexo,Sodexo SVC India Pvt Ltd,0.00, ,0.00,330.34,,0,0, Completed, 
AIPL,Regular Expense,4124,0,28-04-2024,Personal Exp.,Staff Welfare & Celebrations,Staff Welfare & Celebrations,,Food & Beverages (Tea/Coffee/Water etc.) ,Vijayakumar P,0.00, ,0.00,963.90,,0,0, Completed, 
AIPL,Regular Expense,4052,0,14-04-2024,Personal Exp.,Staff Welfare & Celebrations,Staff Welfare & Celebrations,,Food & Beverages (Tea/Coffee/Water etc.) ,Manjeet Malhotra,0.00, ,0.00,788.00,,0,0, Completed, 
AIPL,Purchase Order,1032,1032,02-05-2024,Personal Exp.,Staff Welfare & Celebrations,Staff Welfare & Celebrations,,Staff welfare Expenses - Sodexo,Sodexo SVC India Pvt Ltd,795200.00, 0.00,,0.00,,0,0, Approved, 
AIPL,Regular Expense,4234,0,08-05-2024,Personal Exp.,Staff Welfare & Celebrations,Staff Welfare & Celebrations,,Food & Beverages (Tea/Coffee/Water etc.) ,Anjaneya Reddy,0.00, ,0.00,420.00,,0,0, Completed, 
AIPL,Supplier Invoice,2411,1032,15-07-2024,Personal Exp.,Staff Welfare & Celebrations,Staff Welfare & Celebrations,,Staff welfare Expenses - Sodexo,Sodexo SVC India Pvt Ltd,0.00, ,0.00,64000.00,,0,0, Completed, 
AIPL,Travel Expense,4693,0,05-08-2024,Personal Exp.,Staff Welfare & Celebrations,Staff Welfare & Celebrations,,Food and Beverages,Vijay Kumar Minchala,0.00, ,0.00,1139.00,,0,0, Submitted, 
AIPL,Regular Expense,4220,0,09-05-2024,Personal Exp.,Staff Welfare & Celebrations,Staff Welfare & Celebrations,,Food & Beverages (Tea/Coffee/Water etc.) ,Himanshu Sharma,0.00, ,0.00,1537.00,,0,0, Completed, 
AIPL,Regular Expense,4115,0,20-04-2024,Personal Exp.,Staff Welfare & Celebrations,Staff Welfare & Celebrations,,Food & Beverages (Tea/Coffee/Water etc.) ,Tabraze Ahmed,0.00, ,0.00,350.00,,0,0, Completed, 
AIPL,Regular Expense,4041,0,23-04-2024,Personal Exp.,Staff Welfare & Celebrations,Staff Welfare & Celebrations,,Food & Beverages (Tea/Coffee/Water etc.) ,Vijayakumar P,0.00, ,0.00,1848.00,,0,0, Completed, 
AIPL,Regular Expense,4279,0,21-05-2024,Personal Exp.,Staff Welfare & Celebrations,Staff Welfare & Celebrations,,Food & Beverages (Tea/Coffee/Water etc.) ,Aditi Sowale,0.00, ,0.00,1669.00,,0,0, Completed, 
AIPL,Travel Expense,4027,0,13-04-2024,Personal Exp.,Staff Welfare & Celebrations,Staff Welfare & Celebrations,,Food & Beverages (Tea/Coffee/Water etc.) ,Vikram Jadhav,0.00, ,0.00,380.00,,0,0, Completed, 
AIPL,Regular Expense,4140,0,01-05-2024,Personal Exp.,Staff Welfare & Celebrations,Staff Welfare & Celebrations,,Food & Beverages (Tea/Coffee/Water etc.) ,Rushabh Gala,0.00, ,0.00,923.00,,0,0, Completed, 
AIPL,Regular Expense,4771,0,15-08-2024,Personal Exp.,Staff Welfare & Celebrations,Staff Welfare & Celebrations,,Food & Beverages (Tea/Coffee/Water etc.) ,Sandeep Kumar Verma,0.00, ,0.00,2152.50,,0,0, Completed, 
AIPL,Regular Expense,4075,0,18-04-2024,Personal Exp.,Staff Welfare & Celebrations,Staff Welfare & Celebrations,,Food & Beverages (Tea/Coffee/Water etc.) ,Manjeet Malhotra,0.00, ,0.00,284.00,,0,0, Completed, 
AIPL,Regular Expense,4166,0,02-05-2024,Personal Exp.,Staff Welfare & Celebrations,Staff Welfare & Celebrations,,Food & Beverages (Tea/Coffee/Water etc.) ,Harshad Shukla,0.00, ,0.00,1296.00,,0,0, Completed, 
AIPL,Regular Expense,4260,0,17-05-2024,Personal Exp.,Staff Welfare & Celebrations,Staff Welfare & Celebrations,,Food & Beverages (Tea/Coffee/Water etc.) ,Himanshu Sharma,0.00, ,0.00,4054.00,,0,0, Completed, 
AIPL,Regular Expense,4457,0,25-06-2024,Personal Exp.,Staff Welfare & Celebrations,Staff Welfare & Celebrations,,Food & Beverages (Tea/Coffee/Water etc.) ,Vijayakumar P,0.00, ,0.00,180.00,,0,0, Completed, 
AIPL,Regular Expense,4124,0,28-04-2024,Personal Exp.,Staff Welfare & Celebrations,Staff Welfare & Celebrations,,Food & Beverages (Tea/Coffee/Water etc.) ,Vijayakumar P,0.00, ,0.00,617.00,,0,0, Completed, 
AIPL,Regular Expense,4164,0,11-04-2024,Personal Exp.,Staff Welfare & Celebrations,Staff Welfare & Celebrations,,Food & Beverages (Tea/Coffee/Water etc.) ,Harshad Shukla,0.00, ,0.00,340.00,,0,0, Completed, 
AIPL,Travel Expense,4717,0,08-08-2024,Personal Exp.,Staff Welfare & Celebrations,Staff Welfare & Celebrations,,Food & Beverages (Tea/Coffee/Water etc.) ,Risa Manna,0.00, ,0.00,263.00,,0,0, Completed, 
AIPL,Travel Expense,4699,0,06-08-2024,Personal Exp.,Staff Welfare & Celebrations,Staff Welfare & Celebrations,,Food and Beverages,Vijay Kumar Minchala,0.00, ,0.00,370.00,,0,0, Submitted, 
AIPL,Purchase Order,1141,1141,17-05-2024,Personal Exp.,Staff Welfare & Celebrations,Staff Welfare & Celebrations,,Cash from HDFC prepaid card,HDFC Prepaid Card,25500.00, 0.00,,0.00,,0,0, Approved, 
AIPL,Regular Expense,4087,0,05-04-2024,Personal Exp.,Staff Welfare & Celebrations,Staff Welfare & Celebrations,,Food and Beverages,Mohan Pradhan,0.00, ,0.00,600.00,,0,0, Completed, 
AIPL,Regular Expense,4176,0,06-05-2024,Personal Exp.,Staff Welfare & Celebrations,Staff Welfare & Celebrations,,Food & Beverages (Tea/Coffee/Water etc.) ,Vijayakumar P,0.00, ,0.00,200.00,,0,0, Completed, 
AIPL,Travel Expense,4027,0,13-04-2024,Personal Exp.,Staff Welfare & Celebrations,Staff Welfare & Celebrations,,Food & Beverages (Tea/Coffee/Water etc.) ,Vikram Jadhav,0.00, ,0.00,70.00,,0,0, Completed, 
AIPL,Regular Expense,4140,0,01-05-2024,Personal Exp.,Staff Welfare & Celebrations,Staff Welfare & Celebrations,,Food & Beverages (Tea/Coffee/Water etc.) ,Rushabh Gala,0.00, ,0.00,1146.00,,0,0, Completed, 
AIPL,Regular Expense,3996,0,23-04-2024,Personal Exp.,Staff Welfare & Celebrations,Staff Welfare & Celebrations,,Food & Beverages (Tea/Coffee/Water etc.) ,Vijayakumar P,0.00, ,0.00,390.00,,0,0, Completed, 
AIPL,Regular Expense,4384,0,03-06-2024,Personal Exp.,Staff Welfare & Celebrations,Staff Welfare & Celebrations,,Food & Beverages (Tea/Coffee/Water etc.) ,Himanshu Sharma,0.00, ,0.00,722.00,,0,0, Completed, 
AIPL,Supplier Invoice,2409,1032,15-07-2024,Personal Exp.,Staff Welfare & Celebrations,Staff Welfare & Celebrations,,Staff welfare Expenses - Sodexo,Sodexo SVC India Pvt Ltd,0.00, ,0.00,62000.00,,0,0, Completed, 
AIPL,Regular Expense,4124,0,28-04-2024,Personal Exp.,Staff Welfare & Celebrations,Staff Welfare & Celebrations,,Food and Beverages,Vijayakumar P,0.00, ,0.00,405.00,,0,0, Completed, 
AIPL,Travel Expense,4209,0,08-05-2024,Personal Exp.,Staff Welfare & Celebrations,Staff Welfare & Celebrations,,Food & Beverages (Tea/Coffee/Water etc.) ,S.V.Koteswara Rao,0.00, ,0.00,1215.00,,0,0, Completed, 
AIPL,Operating Expense,4186,0,06-05-2024,Personal Exp.,Staff Welfare & Celebrations,Staff Welfare & Celebrations,,News Paper bill ,DINESH R YADAV ,0.00, ,0.00,752.00,,0,0, Completed, 
AIPL,Regular Expense,4052,0,14-04-2024,Personal Exp.,Staff Welfare & Celebrations,Staff Welfare & Celebrations,,Food & Beverages (Tea/Coffee/Water etc.) ,Manjeet Malhotra,0.00, ,0.00,110.00,,0,0, Completed, 
AIPL,Regular Expense,4380,0,29-06-2024,Personal Exp.,Staff Welfare & Celebrations,Staff Welfare & Celebrations,,Food & Beverages (Tea/Coffee/Water etc.) ,Himanshu Sharma,0.00, ,0.00,1812.00,,0,0, Completed, 
AIPL,Regular Expense,4571,0,13-07-2024,Personal Exp.,Staff Welfare & Celebrations,Staff Welfare & Celebrations,,Food & Beverages (Tea/Coffee/Water etc.) ,Vijayakumar P,0.00, ,0.00,1456.36,,0,0, Completed, 
AIPL,Regular Expense,4291,0,22-05-2024,Personal Exp.,Staff Welfare & Celebrations,Staff Welfare & Celebrations,,Food & Beverages (Tea/Coffee/Water etc.) ,Himanshu Sharma,0.00, ,0.00,1919.00,,0,0, Completed, 
AIPL,Purchase Order,1032,1032,02-05-2024,Personal Exp.,Staff Welfare & Celebrations,Staff Welfare & Celebrations,,Service charges - Sodexo,Sodexo SVC India Pvt Ltd,4067.79, 0.00,,0.00,,0,0, Approved, 
AIPL,Travel Expense,4212,0,08-05-2024,Personal Exp.,Staff Welfare & Celebrations,Staff Welfare & Celebrations,,Food & Beverages (Tea/Coffee/Water etc.) ,S.V.Koteswara Rao,0.00, ,0.00,484.00,,0,0, Completed, 
AIPL,Regular Expense,4234,0,08-05-2024,Personal Exp.,Staff Welfare & Celebrations,Staff Welfare & Celebrations,,Food & Beverages (Tea/Coffee/Water etc.) ,Anjaneya Reddy,0.00, ,0.00,4950.75,,0,0, Completed, 
AIPL,Supplier Invoice,2411,1032,15-07-2024,Personal Exp.,Staff Welfare & Celebrations,Staff Welfare & Celebrations,,Service charges - Sodexo,Sodexo SVC India Pvt Ltd,0.00, ,0.00,320.00,,0,0, Completed, 
AIPL,Travel Expense,4693,0,05-08-2024,Personal Exp.,Staff Welfare & Celebrations,Staff Welfare & Celebrations,,Food and Beverages,Vijay Kumar Minchala,0.00, ,0.00,460.00,,0,0, Submitted, 
AIPL,Regular Expense,4117,0,26-04-2024,Personal Exp.,Staff Welfare & Celebrations,Staff Welfare & Celebrations,,Food & Beverages (Tea/Coffee/Water etc.) ,Pravin Karambelkar,0.00, ,0.00,2456.00,,0,0, Completed, 
AIPL,Regular Expense,4457,0,25-06-2024,Personal Exp.,Staff Welfare & Celebrations,Staff Welfare & Celebrations,,Food & Beverages (Tea/Coffee/Water etc.) ,Vijayakumar P,0.00, ,0.00,273.00,,0,0, Completed, 
AIPL,Regular Expense,4728,0,09-08-2024,Personal Exp.,Staff Welfare & Celebrations,Staff Welfare & Celebrations,,Food & Beverages (Tea/Coffee/Water etc.) ,Pravin Karambelkar,0.00, ,0.00,344.00,,0,0, Draft, 
AIPL,Travel Expense,4027,0,13-04-2024,Personal Exp.,Staff Welfare & Celebrations,Staff Welfare & Celebrations,,Food & Beverages (Tea/Coffee/Water etc.) ,Vikram Jadhav,0.00, ,0.00,400.00,,0,0, Completed, 
AIPL,Regular Expense,4140,0,01-05-2024,Personal Exp.,Staff Welfare & Celebrations,Staff Welfare & Celebrations,,Food & Beverages (Tea/Coffee/Water etc.) ,Rushabh Gala,0.00, ,0.00,518.00,,0,0, Completed, 
AIPL,Operating Expense,4704,0,06-08-2024,Personal Exp.,Staff Welfare & Celebrations,Staff Welfare & Celebrations,,Newspapers Expenses,DINESH R YADAV ,0.00, ,0.00,777.00,,0,0, Completed, 
AIPL,Operating Expense,4174,0,01-05-2024,Personal Exp.,Staff Welfare & Celebrations,Staff Welfare & Celebrations,,Flowers and Bouquet,FLORITEK,0.00, ,0.00,1003.00,,0,0, Completed, 
AIPL,Regular Expense,4075,0,18-04-2024,Personal Exp.,Staff Welfare & Celebrations,Staff Welfare & Celebrations,,Food & Beverages (Tea/Coffee/Water etc.) ,Manjeet Malhotra,0.00, ,0.00,234.00,,0,0, Completed, 
AIPL,Regular Expense,4166,0,02-05-2024,Personal Exp.,Staff Welfare & Celebrations,Staff Welfare & Celebrations,,Food & Beverages (Tea/Coffee/Water etc.) ,Harshad Shukla,0.00, ,0.00,780.00,,0,0, Completed, 
AIPL,Regular Expense,4262,0,01-04-2024,Personal Exp.,Staff Welfare & Celebrations,Staff Welfare & Celebrations,,Food & Beverages (Tea/Coffee/Water etc.) ,Aditi Sowale,0.00, ,0.00,4356.00,,0,0, Completed, 
AIPL,Regular Expense,4124,0,28-04-2024,Personal Exp.,Staff Welfare & Celebrations,Staff Welfare & Celebrations,,Food & Beverages (Tea/Coffee/Water etc.) ,Vijayakumar P,0.00, ,0.00,350.00,,0,0, Completed, 
AIPL,Regular Expense,4164,0,11-04-2024,Personal Exp.,Staff Welfare & Celebrations,Staff Welfare & Celebrations,,Food & Beverages (Tea/Coffee/Water etc.) ,Harshad Shukla,0.00, ,0.00,780.00,,0,0, Completed, 
AIPL,Travel Expense,4717,0,08-08-2024,Personal Exp.,Staff Welfare & Celebrations,Staff Welfare & Celebrations,,Food & Beverages (Tea/Coffee/Water etc.) ,Risa Manna,0.00, ,0.00,2869.00,,0,0, Completed, 
AIPL,Travel Expense,4699,0,06-08-2024,Personal Exp.,Staff Welfare & Celebrations,Staff Welfare & Celebrations,,Food and Beverages,Vijay Kumar Minchala,0.00, ,0.00,331.00,,0,0, Submitted, 
AIPL,Purchase Order,1141,1141,17-05-2024,Personal Exp.,Staff Welfare & Celebrations,Staff Welfare & Celebrations,,Regular expenses-HDFC prepaid card.,HDFC Prepaid Card,32422.00, 0.00,,0.00,,0,0, Approved, 
AIPL,Regular Expense,4087,0,05-04-2024,Personal Exp.,Staff Welfare & Celebrations,Staff Welfare & Celebrations,,Food and Beverages,Mohan Pradhan,0.00, ,0.00,2337.00,,0,0, Completed, 
AIPL,Regular Expense,4176,0,06-05-2024,Personal Exp.,Staff Welfare & Celebrations,Staff Welfare & Celebrations,,Food & Beverages (Tea/Coffee/Water etc.) ,Vijayakumar P,0.00, ,0.00,70.00,,0,0, Completed, 
AIPL,Supplier Invoice,2409,1032,15-07-2024,Personal Exp.,Staff Welfare & Celebrations,Staff Welfare & Celebrations,,Service charges - Sodexo,Sodexo SVC India Pvt Ltd,0.00, ,0.00,310.00,,0,0, Completed, 
AIPL,Travel Expense,4027,0,13-04-2024,Personal Exp.,Staff Welfare & Celebrations,Staff Welfare & Celebrations,,Food & Beverages (Tea/Coffee/Water etc.) ,Vikram Jadhav,0.00, ,0.00,605.00,,0,0, Completed, 
AIPL,Purchase Order,1481,1481,16-07-2024,Personal Exp.,Staff Welfare & Celebrations,Staff Welfare & Celebrations,,Regular Expenses -HDFC prepaid card,HDFC Prepaid Card,43376.00, 0.00,,0.00,,0,0, Approved, 
AIPL,Regular Expense,4140,0,01-05-2024,Personal Exp.,Staff Welfare & Celebrations,Staff Welfare & Celebrations,,Food & Beverages (Tea/Coffee/Water etc.) ,Rushabh Gala,0.00, ,0.00,872.00,,0,0, Completed, 
AIPL,Regular Expense,4266,0,17-05-2024,Personal Exp.,Staff Welfare & Celebrations,Staff Welfare & Celebrations,,Food & Beverages (Tea/Coffee/Water etc.) ,Himanshu Sharma,0.00, ,0.00,521.00,,0,0, Completed, 
AIPL,Regular Expense,4384,0,03-06-2024,Personal Exp.,Staff Welfare & Celebrations,Staff Welfare & Celebrations,,Food & Beverages (Tea/Coffee/Water etc.) ,Himanshu Sharma,0.00, ,0.00,242.00,,0,0, Completed, 
AIPL,Regular Expense,4052,0,14-04-2024,Personal Exp.,Staff Welfare & Celebrations,Staff Welfare & Celebrations,,Food & Beverages (Tea/Coffee/Water etc.) ,Manjeet Malhotra,0.00, ,0.00,257.00,,0,0, Completed, 
AIPL,Regular Expense,4382,0,07-06-2024,Personal Exp.,Staff Welfare & Celebrations,Staff Welfare & Celebrations,,Food & Beverages (Tea/Coffee/Water etc.) ,Himanshu Sharma,0.00, ,0.00,351.00,,0,0, Completed, 
AIPL,Regular Expense,4571,0,13-07-2024,Personal Exp.,Staff Welfare & Celebrations,Staff Welfare & Celebrations,,Food & Beverages (Tea/Coffee/Water etc.) ,Vijayakumar P,0.00, ,0.00,651.00,,0,0, Completed, 
AIPL,Travel Expense,4699,0,06-08-2024,Personal Exp.,Staff Welfare & Celebrations,Staff Welfare & Celebrations,,Food and Beverages,Vijay Kumar Minchala,0.00, ,0.00,434.00,,0,0, Submitted, 
AIPL,Travel Expense,4135,0,29-04-2024,Personal Exp.,Staff Welfare & Celebrations,Staff Welfare & Celebrations,,Food & Beverages (Tea/Coffee/Water etc.) ,Bikram Singh,0.00, ,0.00,1229.00,,0,0, Completed, 
AIPL,Regular Expense,4234,0,08-05-2024,Personal Exp.,Staff Welfare & Celebrations,Staff Welfare & Celebrations,,Food & Beverages (Tea/Coffee/Water etc.) ,Anjaneya Reddy,0.00, ,0.00,1139.25,,0,0, Completed, 
AIPL,Travel Expense,4693,0,05-08-2024,Personal Exp.,Staff Welfare & Celebrations,Staff Welfare & Celebrations,,Food and Beverages,Vijay Kumar Minchala,0.00, ,0.00,1605.00,,0,0, Submitted, 
AIPL,Regular Expense,4222,0,09-05-2024,Personal Exp.,Staff Welfare & Celebrations,Staff Welfare & Celebrations,,Food & Beverages (Tea/Coffee/Water etc.) ,Himanshu Sharma,0.00, ,0.00,3318.00,,0,0, Completed, 
AIPL,Regular Expense,4457,0,25-06-2024,Personal Exp.,Staff Welfare & Celebrations,Staff Welfare & Celebrations,,Food & Beverages (Tea/Coffee/Water etc.) ,Vijayakumar P,0.00, ,0.00,250.00,,0,0, Completed, 
AIPL,Travel Expense,4027,0,13-04-2024,Personal Exp.,Staff Welfare & Celebrations,Staff Welfare & Celebrations,,Food & Beverages (Tea/Coffee/Water etc.) ,Vikram Jadhav,0.00, ,0.00,525.00,,0,0, Completed, 
AIPL,Regular Expense,4140,0,01-05-2024,Personal Exp.,Staff Welfare & Celebrations,Staff Welfare & Celebrations,,Food & Beverages (Tea/Coffee/Water etc.) ,Rushabh Gala,0.00, ,0.00,146.00,,0,0, Completed, 
AIPL,Travel Expense,4129,0,29-04-2024,Personal Exp.,Staff Welfare & Celebrations,Staff Welfare & Celebrations,,Food & Beverages (Tea/Coffee/Water etc.) ,G Krishnamurthy,0.00, ,0.00,1820.00,,0,0, Completed, 
AIPL,Regular Expense,4772,0,09-08-2024,Personal Exp.,Staff Welfare & Celebrations,Staff Welfare & Celebrations,,Food & Beverages (Tea/Coffee/Water etc.) ,Harshad Shukla,0.00, ,0.00,2569.00,,0,0, Submitted, 
AIPL,Regular Expense,4166,0,02-05-2024,Personal Exp.,Staff Welfare & Celebrations,Staff Welfare & Celebrations,,Food & Beverages (Tea/Coffee/Water etc.) ,Harshad Shukla,0.00, ,0.00,50.00,,0,0, Completed, 
AIPL,Regular Expense,4383,0,31-05-2024,Personal Exp.,Staff Welfare & Celebrations,Staff Welfare & Celebrations,,Food & Beverages (Tea/Coffee/Water etc.) ,Himanshu Sharma,0.00, ,0.00,2404.00,,0,0, Completed, 
AIPL,Regular Expense,4124,0,28-04-2024,Personal Exp.,Staff Welfare & Celebrations,Staff Welfare & Celebrations,,Food & Beverages (Tea/Coffee/Water etc.) ,Vijayakumar P,0.00, ,0.00,130.00,,0,0, Completed, 
AIPL,Regular Expense,4164,0,11-04-2024,Personal Exp.,Staff Welfare & Celebrations,Staff Welfare & Celebrations,,Food & Beverages (Tea/Coffee/Water etc.) ,Harshad Shukla,0.00, ,0.00,150.00,,0,0, Completed, 
AIPL,Travel Expense,4717,0,08-08-2024,Personal Exp.,Staff Welfare & Celebrations,Staff Welfare & Celebrations,,Food & Beverages (Tea/Coffee/Water etc.) ,Risa Manna,0.00, ,0.00,530.00,,0,0, Completed, 
AIPL,Travel Expense,4699,0,06-08-2024,Personal Exp.,Staff Welfare & Celebrations,Staff Welfare & Celebrations,,Food and Beverages,Vijay Kumar Minchala,0.00, ,0.00,400.00,,0,0, Submitted, 
AIPL,Regular Expense,4445,0,21-06-2024,Personal Exp.,Staff Welfare & Celebrations,Staff Welfare & Celebrations,,Food & Beverages (Tea/Coffee/Water etc.) ,Rushabh Gala,0.00, ,0.00,9000.00,,0,0, Completed, 
AIPL,Travel Expense,4697,0,06-08-2024,Personal Exp.,Staff Welfare & Celebrations,Staff Welfare & Celebrations,,Food and Beverages,Vijay Kumar Minchala,0.00, ,0.00,540.00,,0,0, Submitted, 
AIPL,Regular Expense,4087,0,05-04-2024,Personal Exp.,Staff Welfare & Celebrations,Staff Welfare & Celebrations,,Food and Beverages,Mohan Pradhan,0.00, ,0.00,120.00,,0,0, Completed, 
AIPL,Regular Expense,4176,0,06-05-2024,Personal Exp.,Staff Welfare & Celebrations,Staff Welfare & Celebrations,,Food & Beverages (Tea/Coffee/Water etc.) ,Vijayakumar P,0.00, ,0.00,148.06,,0,0, Completed, 
AIPL,Supplier Invoice,2410,1032,15-07-2024,Personal Exp.,Staff Welfare & Celebrations,Staff Welfare & Celebrations,,Staff welfare Expenses - Sodexo,Sodexo SVC India Pvt Ltd,0.00, ,0.00,62000.00,,0,0, Completed, 
AIPL,Travel Expense,4736,0,09-08-2024,Personal Exp.,Staff Welfare & Celebrations,Staff Welfare & Celebrations,,Food & Beverages (Tea/Coffee/Water etc.) ,Shivaprakash M,0.00, ,0.00,600.00,,0,0, Completed, 
AIPL,Regular Expense,4140,0,01-05-2024,Personal Exp.,Staff Welfare & Celebrations,Staff Welfare & Celebrations,,Food & Beverages (Tea/Coffee/Water etc.) ,Rushabh Gala,0.00, ,0.00,518.00,,0,0, Completed, 
AIPL,Regular Expense,4777,0,07-06-2024,Personal Exp.,Staff Welfare & Celebrations,Staff Welfare & Celebrations,,Food & Beverages (Tea/Coffee/Water etc.) ,Harshad Shukla,0.00, ,0.00,1306.00,,0,0, Draft, 
AIPL,Regular Expense,4267,0,18-05-2024,Personal Exp.,Staff Welfare & Celebrations,Staff Welfare & Celebrations,,Food & Beverages (Tea/Coffee/Water etc.) ,Himanshu Sharma,0.00, ,0.00,1453.00,,0,0, Completed, 
AIPL,Regular Expense,4385,0,07-06-2024,Personal Exp.,Staff Welfare & Celebrations,Staff Welfare & Celebrations,,Food & Beverages (Tea/Coffee/Water etc.) ,Himanshu Sharma,0.00, ,0.00,1122.00,,0,0, Completed, 
AIPL,Regular Expense,4028,0,13-04-2024,Personal Exp.,Staff Welfare & Celebrations,Staff Welfare & Celebrations,,Food & Beverages (Tea/Coffee/Water etc.) ,Vikram Jadhav,0.00, ,0.00,627.00,,0,0, Completed, 
AIPL,Regular Expense,4259,0,17-05-2024,Personal Exp.,Staff Welfare & Celebrations,Staff Welfare & Celebrations,,Food & Beverages (Tea/Coffee/Water etc.) ,Himanshu Sharma,0.00, ,0.00,1488.00,,0,0, Completed, 
AIPL,Regular Expense,4124,0,28-04-2024,Personal Exp.,Staff Welfare & Celebrations,Staff Welfare & Celebrations,,Food & Beverages (Tea/Coffee/Water etc.) ,Vijayakumar P,0.00, ,0.00,280.00,,0,0, Completed, 
AIPL,Regular Expense,4750,0,12-08-2024,Personal Exp.,Staff Welfare & Celebrations,Staff Welfare & Celebrations,,Food and Beverages,Vijayakumar P,0.00, ,0.00,2514.76,,0,0, Completed, 
AIPL,Travel Expense,4717,0,08-08-2024,Personal Exp.,Staff Welfare & Celebrations,Staff Welfare & Celebrations,,Food & Beverages (Tea/Coffee/Water etc.) ,Risa Manna,0.00, ,0.00,784.00,,0,0, Completed, 
AIPL,Travel Expense,4699,0,06-08-2024,Personal Exp.,Staff Welfare & Celebrations,Staff Welfare & Celebrations,,Food and Beverages,Vijay Kumar Minchala,0.00, ,0.00,1376.00,,0,0, Submitted, 
AIPL,Travel Expense,4135,0,29-04-2024,Personal Exp.,Staff Welfare & Celebrations,Staff Welfare & Celebrations,,Food & Beverages (Tea/Coffee/Water etc.) ,Bikram Singh,0.00, ,0.00,940.00,,0,0, Completed, 
AIPL,Supplier Invoice,2060,1141,18-06-2024,Personal Exp.,Staff Welfare & Celebrations,Staff Welfare & Celebrations,,Cash from HDFC prepaid card,HDFC Prepaid Card,0.00, ,0.00,25500.00,,0,0, Completed, 
AIPL,Purchase Order,1589,1589,02-08-2024,Personal Exp.,Staff Welfare & Celebrations,Staff Welfare & Celebrations,,Fruit supply-24-25,Ashoka Devi Yadav Fruit Mart,50000.00, 50000.00,,0.00,,0,0, Submitted, 
AIPL,Regular Expense,4176,0,06-05-2024,Personal Exp.,Staff Welfare & Celebrations,Staff Welfare & Celebrations,,Food & Beverages (Tea/Coffee/Water etc.) ,Vijayakumar P,0.00, ,0.00,104.00,,0,0, Completed, 
AIPL,Regular Expense,4457,0,25-06-2024,Personal Exp.,Staff Welfare & Celebrations,Staff Welfare & Celebrations,,Food & Beverages (Tea/Coffee/Water etc.) ,Vijayakumar P,0.00, ,0.00,404.24,,0,0, Completed, 
AIPL,Regular Expense,4561,0,11-07-2024,Personal Exp.,Staff Welfare & Celebrations,Staff Welfare & Celebrations,,Food & Beverages (Tea/Coffee/Water etc.) ,Sandeep Kumar Verma,0.00, ,0.00,1875.33,,0,0, Completed, 
AIPL,Travel Expense,4027,0,13-04-2024,Personal Exp.,Staff Welfare & Celebrations,Staff Welfare & Celebrations,,Food & Beverages (Tea/Coffee/Water etc.) ,Vikram Jadhav,0.00, ,0.00,380.00,,0,0, Completed, 
AIPL,Travel Expense,4692,0,05-08-2024,Personal Exp.,Staff Welfare & Celebrations,Staff Welfare & Celebrations,,Food and Beverages,Vijay Kumar Minchala,0.00, ,0.00,305.00,,0,0, Submitted, 
AIPL,Regular Expense,4140,0,01-05-2024,Personal Exp.,Staff Welfare & Celebrations,Staff Welfare & Celebrations,,Food & Beverages (Tea/Coffee/Water etc.) ,Rushabh Gala,0.00, ,0.00,460.00,,0,0, Completed, 
AIPL,Regular Expense,4216,0,09-05-2024,Personal Exp.,Staff Welfare & Celebrations,Staff Welfare & Celebrations,,Food & Beverages (Tea/Coffee/Water etc.) ,Abhay Dani,0.00, ,0.00,353.00,,0,0, Completed, 
AIPL,Regular Expense,4166,0,02-05-2024,Personal Exp.,Staff Welfare & Celebrations,Staff Welfare & Celebrations,,Food & Beverages (Tea/Coffee/Water etc.) ,Harshad Shukla,0.00, ,0.00,190.00,,0,0, Completed, 
AIPL,Regular Expense,4383,0,31-05-2024,Personal Exp.,Staff Welfare & Celebrations,Staff Welfare & Celebrations,,Food & Beverages (Tea/Coffee/Water etc.) ,Himanshu Sharma,0.00, ,0.00,1221.00,,0,0, Completed, 
AIPL,Supplier Invoice,2408,1032,15-07-2024,Personal Exp.,Staff Welfare & Celebrations,Staff Welfare & Celebrations,,Staff welfare Expenses - Sodexo,Sodexo SVC India Pvt Ltd,0.00, ,0.00,66067.00,,0,0, Completed, 
AIPL,Regular Expense,4124,0,28-04-2024,Personal Exp.,Staff Welfare & Celebrations,Staff Welfare & Celebrations,,Food & Beverages (Tea/Coffee/Water etc.) ,Vijayakumar P,0.00, ,0.00,963.60,,0,0, Completed, 
AIPL,Supplier Invoice,2437,1481,18-07-2024,Personal Exp.,Staff Welfare & Celebrations,Staff Welfare & Celebrations,,Regular Expenses -HDFC prepaid card,HDFC Prepaid Card,0.00, ,0.00,43376.00,,0,0, Completed, 
AIPL,Travel Expense,4717,0,08-08-2024,Personal Exp.,Staff Welfare & Celebrations,Staff Welfare & Celebrations,,Food & Beverages (Tea/Coffee/Water etc.) ,Risa Manna,0.00, ,0.00,1625.00,,0,0, Completed, 
AIPL,Travel Expense,4699,0,06-08-2024,Personal Exp.,Staff Welfare & Celebrations,Staff Welfare & Celebrations,,Food and Beverages,Vijay Kumar Minchala,0.00, ,0.00,443.00,,0,0, Submitted, 
AIPL,Budget Balances,  , , 01-04-2024 ,Other Expenses,Office Rent,Office Rent,22236000.00,,,,,,,0.00,22236000.00,, , 
AIPL,Supplier Invoice,2584,989,05-08-2024,Other Expenses,Office Rent,Office Rent,,Monthly rental,UTI ASSET MANAGEMENT COMPANY LIMITED,0.00, ,0.00,1840003.00,,,, Completed, 
AIPL,Supplier Invoice,1892,989,05-06-2024,Other Expenses,Office Rent,Office Rent,,Monthly rental,UTI ASSET MANAGEMENT COMPANY LIMITED,0.00, ,0.00,1840003.00,,0,0, Completed, 
AIPL,Supplier Invoice,1572,989,26-04-2024,Other Expenses,Office Rent,Office Rent,,Monthly rental,UTI ASSET MANAGEMENT COMPANY LIMITED,0.00, ,0.00,1840003.00,,0,0, Completed, 
AIPL,Purchase Order,989,989,24-04-2024,Other Expenses,Office Rent,Office Rent,,Monthly rental,UTI ASSET MANAGEMENT COMPANY LIMITED,22080036.00, 0.00,,0.00,,0,0, Approved, 
AIPL,Supplier Invoice,1614,989,03-05-2024,Other Expenses,Office Rent,Office Rent,,Monthly rental,UTI ASSET MANAGEMENT COMPANY LIMITED,0.00, ,0.00,1840003.00,,0,0, Completed, 
AIPL,Supplier Invoice,1784,1140,23-05-2024,Other Expenses,Office Rent,Office Rent,,Water Charges.,UTI ASSET MANAGEMENT COMPANY LIMITED,0.00, ,0.00,32560.37,,0,0, Completed, 
AIPL,Supplier Invoice,2591,1140,05-08-2024,Other Expenses,Office Rent,Office Rent,,Water Charges.,UTI ASSET MANAGEMENT COMPANY LIMITED,0.00, ,0.00,32560.37,,0,0, Completed, 
AIPL,Purchase Order,1140,1140,17-05-2024,Other Expenses,Office Rent,Office Rent,,Water Charges.,UTI ASSET MANAGEMENT COMPANY LIMITED,140000.00, 0.00,,0.00,,0,0, Approved, 
AIPL,Budget Balances,  , , 01-04-2024 ,Other Expenses,Electricity Expenses,Electricity Expenses,1544000.00,,,,,,,0.00,1544000.00,, , 
AIPL,Supplier Invoice,1959,988,10-06-2024,Other Expenses,Electricity Expenses,Electricity Expenses,,Electricity Charges (Mumbai Ho),UTI ASSET MANAGEMENT COMPANY LIMITED,0.00, ,0.00,172604.33,,,, Completed, 
AIPL,Supplier Invoice,2242,988,04-07-2024,Other Expenses,Electricity Expenses,Electricity Expenses,,Electricity Charges (Mumbai Ho),UTI ASSET MANAGEMENT COMPANY LIMITED,0.00, ,0.00,159261.79,,0,0, Completed, 
AIPL,Purchase Order,988,988,24-04-2024,Other Expenses,Electricity Expenses,Electricity Expenses,,Electricity Charges (Mumbai Ho),UTI ASSET MANAGEMENT COMPANY LIMITED,1359550.00, 0.00,,0.00,,0,0, Approved, 
AIPL,Supplier Invoice,1641,988,06-05-2024,Other Expenses,Electricity Expenses,Electricity Expenses,,Electricity Charges (Mumbai Ho),UTI ASSET MANAGEMENT COMPANY LIMITED,0.00, ,0.00,174879.30,,0,0, Completed, 
AIPL,Supplier Invoice,2576,988,02-08-2024,Other Expenses,Electricity Expenses,Electricity Expenses,,Electricity Charges (Mumbai Ho),UTI ASSET MANAGEMENT COMPANY LIMITED,0.00, ,0.00,188191.20,,0,0, Completed, 
AIPL,Budget Balances,  , , 01-04-2024 ,Other Expenses,Hotel and Travelling Exp.,Hotel and Travelling Exp.,4500000.00,,,,,,,0.00,4500000.00,, , 
AIPL,Regular Expense,4145,0,01-05-2024,Other Expenses,Hotel and Travelling Exp.,Hotel and Travelling Exp.,,Conveyance ,Rushabh Gala,0.00, ,0.00,355.00,,,, Completed, 
AIPL,Supplier Invoice,2223,1186,03-07-2024,Other Expenses,Hotel and Travelling Exp.,Hotel and Travelling Exp.,,Car Hire Charges,AUTORIDERS INTERNATIONAL LTD,0.00, ,0.00,2335.00,,0,0, Completed, 
AIPL,Regular Expense,4445,0,21-06-2024,Other Expenses,Hotel and Travelling Exp.,Hotel and Travelling Exp.,,Travel Expenses,Rushabh Gala,0.00, ,0.00,2704.00,,0,0, Completed, 
AIPL,Regular Expense,4142,0,01-05-2024,Other Expenses,Hotel and Travelling Exp.,Hotel and Travelling Exp.,,Conveyance ,Rushabh Gala,0.00, ,0.00,356.00,,0,0, Draft, 
AIPL,Supplier Invoice,2012,990,13-06-2024,Other Expenses,Hotel and Travelling Exp.,Hotel and Travelling Exp.,,Hotel and Travel Expense,Uniglobe Mod Travel ,0.00, ,0.00,141773.00,,0,0, Completed, 
AIPL,Regular Expense,4123,0,28-04-2024,Other Expenses,Hotel and Travelling Exp.,Hotel and Travelling Exp.,,Conveyance ,Vijayakumar P,0.00, ,0.00,365.00,,0,0, Completed, 
AIPL,Travel Expense,4736,0,09-08-2024,Other Expenses,Hotel and Travelling Exp.,Hotel and Travelling Exp.,,Conveyance ,Shivaprakash M,0.00, ,0.00,851.00,,0,0, Completed, 
AIPL,Purchase Order,1513,1513,22-07-2024,Other Expenses,Hotel and Travelling Exp.,Hotel and Travelling Exp.,,Car Hire Charges,SPEEDWAYS HOSPITALITY AND TRAVEL SOLUTIONS PRIVATE LIMITED,100000.00, 0.00,,0.00,,0,0, Approved, 
AIPL,Travel Expense,4027,0,13-04-2024,Other Expenses,Hotel and Travelling Exp.,Hotel and Travelling Exp.,,Hotel & Travelling Expenses,Vikram Jadhav,0.00, ,0.00,40.00,,0,0, Completed, 
AIPL,Travel Expense,4693,0,05-08-2024,Other Expenses,Hotel and Travelling Exp.,Hotel and Travelling Exp.,,Conveyance ,Vijay Kumar Minchala,0.00, ,0.00,1753.00,,0,0, Submitted, 
AIPL,Regular Expense,4141,0,01-05-2024,Other Expenses,Hotel and Travelling Exp.,Hotel and Travelling Exp.,,Conveyance ,Rushabh Gala,0.00, ,0.00,292.00,,0,0, Draft, 
AIPL,Supplier Invoice,1969,1186,11-06-2024,Other Expenses,Hotel and Travelling Exp.,Hotel and Travelling Exp.,,Car Hire Charges,AUTORIDERS INTERNATIONAL LTD,0.00, ,0.00,4280.00,,0,0, Completed, 
AIPL,Regular Expense,4115,0,20-04-2024,Other Expenses,Hotel and Travelling Exp.,Hotel and Travelling Exp.,,Conveyance ,Tabraze Ahmed,0.00, ,0.00,200.00,,0,0, Completed, 
JUHI,Travel Expense,3992,0,10-04-2024,Other Expenses,Hotel and Travelling Exp.,Hotel and Travelling Exp.,,Conveyance ,S.V.Koteswara Rao,0.00, ,0.00,474.00,,0,0, Completed, 
AIPL,Regular Expense,4173,0,06-05-2024,Other Expenses,Hotel and Travelling Exp.,Hotel and Travelling Exp.,,Hotel & Travelling Expenses,Pravin Karambelkar,0.00, ,0.00,391.00,,0,0, Completed, 
AIPL,Regular Expense,4145,0,01-05-2024,Other Expenses,Hotel and Travelling Exp.,Hotel and Travelling Exp.,,Conveyance ,Rushabh Gala,0.00, ,0.00,357.00,,0,0, Completed, 
AIPL,Supplier Invoice,1835,1132,30-05-2024,Other Expenses,Hotel and Travelling Exp.,Hotel and Travelling Exp.,,Car Hire Charges for Advisor ,AUTORIDERS INTERNATIONAL LTD,0.00, ,0.00,134030.00,,0,0, Completed, 
AIPL,Regular Expense,4075,0,18-04-2024,Other Expenses,Hotel and Travelling Exp.,Hotel and Travelling Exp.,,Conveyance ,Manjeet Malhotra,0.00, ,0.00,1018.00,,0,0, Completed, 
AIPL,Regular Expense,4165,0,03-04-2024,Other Expenses,Hotel and Travelling Exp.,Hotel and Travelling Exp.,,Conveyance ,Harshad Shukla,0.00, ,0.00,160.00,,0,0, Completed, 
AIPL,Purchase Order,1186,1186,23-05-2024,Other Expenses,Hotel and Travelling Exp.,Hotel and Travelling Exp.,,Car Hire Charges,AUTORIDERS INTERNATIONAL LTD,400000.00, 0.00,,0.00,,0,0, Closed, 
AIPL,Regular Expense,4052,0,14-04-2024,Other Expenses,Hotel and Travelling Exp.,Hotel and Travelling Exp.,,Conveyance ,Manjeet Malhotra,0.00, ,0.00,800.00,,0,0, Completed, 
AIPL,Regular Expense,4145,0,01-05-2024,Other Expenses,Hotel and Travelling Exp.,Hotel and Travelling Exp.,,Conveyance ,Rushabh Gala,0.00, ,0.00,357.00,,0,0, Completed, 
AIPL,Supplier Invoice,2228,1186,03-07-2024,Other Expenses,Hotel and Travelling Exp.,Hotel and Travelling Exp.,,Car Hire Charges,AUTORIDERS INTERNATIONAL LTD,0.00, ,0.00,7840.00,,0,0, Completed, 
AIPL,Regular Expense,4142,0,01-05-2024,Other Expenses,Hotel and Travelling Exp.,Hotel and Travelling Exp.,,Conveyance ,Rushabh Gala,0.00, ,0.00,355.00,,0,0, Draft, 
AIPL,Supplier Invoice,2556,1513,31-07-2024,Other Expenses,Hotel and Travelling Exp.,Hotel and Travelling Exp.,,Car Hire Charges,SPEEDWAYS HOSPITALITY AND TRAVEL SOLUTIONS PRIVATE LIMITED,0.00, ,0.00,65355.00,,0,0, Completed, 
AIPL,Regular Expense,4142,0,01-05-2024,Other Expenses,Hotel and Travelling Exp.,Hotel and Travelling Exp.,,Conveyance ,Rushabh Gala,0.00, ,0.00,292.00,,0,0, Draft, 
AIPL,Supplier Invoice,2008,990,13-06-2024,Other Expenses,Hotel and Travelling Exp.,Hotel and Travelling Exp.,,Hotel and Travel Expense,Uniglobe Mod Travel ,0.00, ,0.00,95509.00,,0,0, Completed, 
AIPL,Regular Expense,4730,0,07-08-2024,Other Expenses,Hotel and Travelling Exp.,Hotel and Travelling Exp.,,Hotel and Travel Expense,Shashank Sardeshmukh,0.00, ,0.00,449.00,,0,0, Completed, 
AIPL,Purchase Order,1132,1132,15-05-2024,Other Expenses,Hotel and Travelling Exp.,Hotel and Travelling Exp.,,Car Hire Charges for Advisor ,AUTORIDERS INTERNATIONAL LTD,1608360.00, 0.00,,0.00,,0,0, Closed, 
AIPL,Travel Expense,4692,0,05-08-2024,Other Expenses,Hotel and Travelling Exp.,Hotel and Travelling Exp.,,Conveyance ,Vijay Kumar Minchala,0.00, ,0.00,656.00,,0,0, Submitted, 
AIPL,Supplier Invoice,2567,990,01-08-2024,Other Expenses,Hotel and Travelling Exp.,Hotel and Travelling Exp.,,Hotel and Travel Expense,Uniglobe Mod Travel ,0.00, ,0.00,133500.00,,0,0, Completed, 
AIPL,Regular Expense,3996,0,23-04-2024,Other Expenses,Hotel and Travelling Exp.,Hotel and Travelling Exp.,,Conveyance ,Vijayakumar P,0.00, ,0.00,324.00,,0,0, Completed, 
AIPL,Regular Expense,4166,0,02-05-2024,Other Expenses,Hotel and Travelling Exp.,Hotel and Travelling Exp.,,Conveyance ,Harshad Shukla,0.00, ,0.00,483.00,,0,0, Completed, 
JUHI,Travel Expense,4214,0,08-05-2024,Other Expenses,Hotel and Travelling Exp.,Hotel and Travelling Exp.,,Conveyance ,S.V.Koteswara Rao,0.00, ,0.00,901.00,,0,0, Completed, 
AIPL,Supplier Invoice,1953,1186,10-06-2024,Other Expenses,Hotel and Travelling Exp.,Hotel and Travelling Exp.,,Car Hire Charges,AUTORIDERS INTERNATIONAL LTD,0.00, ,0.00,3500.00,,0,0, Completed, 
AIPL,Regular Expense,4164,0,11-04-2024,Other Expenses,Hotel and Travelling Exp.,Hotel and Travelling Exp.,,Conveyance ,Harshad Shukla,0.00, ,0.00,450.00,,0,0, Completed, 
AIPL,Regular Expense,4145,0,01-05-2024,Other Expenses,Hotel and Travelling Exp.,Hotel and Travelling Exp.,,Conveyance ,Rushabh Gala,0.00, ,0.00,354.00,,0,0, Completed, 
AIPL,Travel Expense,4717,0,08-08-2024,Other Expenses,Hotel and Travelling Exp.,Hotel and Travelling Exp.,,Hotel and Travel Expense,Risa Manna,0.00, ,0.00,408.00,,0,0, Completed, 
AIPL,Regular Expense,4145,0,01-05-2024,Other Expenses,Hotel and Travelling Exp.,Hotel and Travelling Exp.,,Conveyance ,Rushabh Gala,0.00, ,0.00,292.00,,0,0, Completed, 
AIPL,Regular Expense,4092,0,18-04-2024,Other Expenses,Hotel and Travelling Exp.,Hotel and Travelling Exp.,,Conveyance ,Ranganathan N,0.00, ,0.00,1100.00,,0,0, Completed, 
AIPL,Regular Expense,4145,0,01-05-2024,Other Expenses,Hotel and Travelling Exp.,Hotel and Travelling Exp.,,Conveyance ,Rushabh Gala,0.00, ,0.00,356.00,,0,0, Completed, 
AIPL,Supplier Invoice,2224,1186,03-07-2024,Other Expenses,Hotel and Travelling Exp.,Hotel and Travelling Exp.,,Car Hire Charges,AUTORIDERS INTERNATIONAL LTD,0.00, ,0.00,2365.00,,0,0, Completed, 
AIPL,Regular Expense,4142,0,01-05-2024,Other Expenses,Hotel and Travelling Exp.,Hotel and Travelling Exp.,,Conveyance ,Rushabh Gala,0.00, ,0.00,357.00,,0,0, Draft, 
AIPL,Regular Expense,4123,0,28-04-2024,Other Expenses,Hotel and Travelling Exp.,Hotel and Travelling Exp.,,Conveyance ,Vijayakumar P,0.00, ,0.00,465.00,,0,0, Completed, 
AIPL,Regular Expense,4596,0,08-07-2024,Other Expenses,Hotel and Travelling Exp.,Hotel and Travelling Exp.,,Travel Expenses,Madan Mohan,0.00, ,0.00,343.36,,0,0, Completed, 
AIPL,Travel Expense,4736,0,09-08-2024,Other Expenses,Hotel and Travelling Exp.,Hotel and Travelling Exp.,,Conveyance ,Shivaprakash M,0.00, ,0.00,774.00,,0,0, Completed, 
AIPL,Regular Expense,4141,0,01-05-2024,Other Expenses,Hotel and Travelling Exp.,Hotel and Travelling Exp.,,Conveyance ,Rushabh Gala,0.00, ,0.00,315.00,,0,0, Draft, 
AIPL,Supplier Invoice,1970,1186,11-06-2024,Other Expenses,Hotel and Travelling Exp.,Hotel and Travelling Exp.,,Car Hire Charges,AUTORIDERS INTERNATIONAL LTD,0.00, ,0.00,7405.00,,0,0, Completed, 
AIPL,Supplier Invoice,1729,990,14-05-2024,Other Expenses,Hotel and Travelling Exp.,Hotel and Travelling Exp.,,Hotel and Travel Expense,Uniglobe Mod Travel ,0.00, ,0.00,125269.00,,0,0, Completed, 
AIPL,Regular Expense,4173,0,06-05-2024,Other Expenses,Hotel and Travelling Exp.,Hotel and Travelling Exp.,,Hotel & Travelling Expenses,Pravin Karambelkar,0.00, ,0.00,423.00,,0,0, Completed, 
AIPL,Regular Expense,4052,0,14-04-2024,Other Expenses,Hotel and Travelling Exp.,Hotel and Travelling Exp.,,Conveyance ,Manjeet Malhotra,0.00, ,0.00,679.00,,0,0, Completed, 
AIPL,Regular Expense,4145,0,01-05-2024,Other Expenses,Hotel and Travelling Exp.,Hotel and Travelling Exp.,,Conveyance ,Rushabh Gala,0.00, ,0.00,400.00,,0,0, Completed, 
AIPL,Supplier Invoice,2229,1186,03-07-2024,Other Expenses,Hotel and Travelling Exp.,Hotel and Travelling Exp.,,Car Hire Charges,AUTORIDERS INTERNATIONAL LTD,0.00, ,0.00,6550.00,,0,0, Completed, 
AIPL,Regular Expense,4750,0,12-08-2024,Other Expenses,Hotel and Travelling Exp.,Hotel and Travelling Exp.,,Conveyance ,Vijayakumar P,0.00, ,0.00,505.00,,0,0, Completed, 
AIPL,Supplier Invoice,2669,1132,08-08-2024,Other Expenses,Hotel and Travelling Exp.,Hotel and Travelling Exp.,,Car Hire Charges for Advisor ,AUTORIDERS INTERNATIONAL LTD,0.00, ,0.00,116840.81,,0,0, Completed, 
AIPL,Regular Expense,4143,0,01-05-2024,Other Expenses,Hotel and Travelling Exp.,Hotel and Travelling Exp.,,Conveyance ,Rushabh Gala,0.00, ,0.00,292.00,,0,0, Draft, 
AIPL,Regular Expense,4145,0,01-05-2024,Other Expenses,Hotel and Travelling Exp.,Hotel and Travelling Exp.,,Conveyance ,Rushabh Gala,0.00, ,0.00,356.00,,0,0, Completed, 
AIPL,Supplier Invoice,2257,990,04-07-2024,Other Expenses,Hotel and Travelling Exp.,Hotel and Travelling Exp.,,Hotel and Travel Expense,Uniglobe Mod Travel ,0.00, ,0.00,70080.00,,0,0, Completed, 
AIPL,Travel Expense,4697,0,06-08-2024,Other Expenses,Hotel and Travelling Exp.,Hotel and Travelling Exp.,,Conveyance ,Vijay Kumar Minchala,0.00, ,0.00,656.00,,0,0, Submitted, 
AIPL,Regular Expense,4142,0,01-05-2024,Other Expenses,Hotel and Travelling Exp.,Hotel and Travelling Exp.,,Conveyance ,Rushabh Gala,0.00, ,0.00,315.00,,0,0, Draft, 
AIPL,Regular Expense,4327,0,02-05-2024,Other Expenses,Hotel and Travelling Exp.,Hotel and Travelling Exp.,,Travel Expenses,Saksham Maheshwari,0.00, ,0.00,3115.00,,0,0, Completed, 
AIPL,Regular Expense,4457,0,25-06-2024,Other Expenses,Hotel and Travelling Exp.,Hotel and Travelling Exp.,,Conveyance ,Vijayakumar P,0.00, ,0.00,380.00,,0,0, Completed, 
AIPL,Regular Expense,4730,0,07-08-2024,Other Expenses,Hotel and Travelling Exp.,Hotel and Travelling Exp.,,Hotel and Travel Expense,Shashank Sardeshmukh,0.00, ,0.00,541.00,,0,0, Completed, 
AIPL,Travel Expense,4692,0,05-08-2024,Other Expenses,Hotel and Travelling Exp.,Hotel and Travelling Exp.,,Conveyance ,Vijay Kumar Minchala,0.00, ,0.00,521.00,,0,0, Submitted, 
AIPL,Regular Expense,4166,0,02-05-2024,Other Expenses,Hotel and Travelling Exp.,Hotel and Travelling Exp.,,Conveyance ,Harshad Shukla,0.00, ,0.00,300.00,,0,0, Completed, 
AIPL,Regular Expense,4145,0,01-05-2024,Other Expenses,Hotel and Travelling Exp.,Hotel and Travelling Exp.,,Conveyance ,Rushabh Gala,0.00, ,0.00,315.00,,0,0, Completed, 
AIPL,Regular Expense,3877,0,30-04-2024,Other Expenses,Hotel and Travelling Exp.,Hotel and Travelling Exp.,,Conveyance ,Anjali Mohit Sharma,0.00, ,0.00,1115.00,,0,0, Completed, 
AIPL,Supplier Invoice,1954,1186,10-06-2024,Other Expenses,Hotel and Travelling Exp.,Hotel and Travelling Exp.,,Car Hire Charges,AUTORIDERS INTERNATIONAL LTD,0.00, ,0.00,4646.00,,0,0, Completed, 
AIPL,Regular Expense,4165,0,03-04-2024,Other Expenses,Hotel and Travelling Exp.,Hotel and Travelling Exp.,,Conveyance ,Harshad Shukla,0.00, ,0.00,401.00,,0,0, Completed, 
AIPL,Regular Expense,4145,0,01-05-2024,Other Expenses,Hotel and Travelling Exp.,Hotel and Travelling Exp.,,Conveyance ,Rushabh Gala,0.00, ,0.00,336.00,,0,0, Completed, 
AIPL,Travel Expense,4717,0,08-08-2024,Other Expenses,Hotel and Travelling Exp.,Hotel and Travelling Exp.,,Hotel and Travel Expense,Risa Manna,0.00, ,0.00,215.00,,0,0, Completed, 
AIPL,Regular Expense,4092,0,18-04-2024,Other Expenses,Hotel and Travelling Exp.,Hotel and Travelling Exp.,,Conveyance ,Ranganathan N,0.00, ,0.00,1100.00,,0,0, Completed, 
AIPL,Regular Expense,4145,0,01-05-2024,Other Expenses,Hotel and Travelling Exp.,Hotel and Travelling Exp.,,Conveyance ,Rushabh Gala,0.00, ,0.00,289.00,,0,0, Completed, 
AIPL,Supplier Invoice,2225,1186,03-07-2024,Other Expenses,Hotel and Travelling Exp.,Hotel and Travelling Exp.,,Car Hire Charges,AUTORIDERS INTERNATIONAL LTD,0.00, ,0.00,1570.00,,0,0, Completed, 
AIPL,Regular Expense,4142,0,01-05-2024,Other Expenses,Hotel and Travelling Exp.,Hotel and Travelling Exp.,,Conveyance ,Rushabh Gala,0.00, ,0.00,356.00,,0,0, Draft, 
AIPL,Regular Expense,4123,0,28-04-2024,Other Expenses,Hotel and Travelling Exp.,Hotel and Travelling Exp.,,Conveyance ,Vijayakumar P,0.00, ,0.00,50.00,,0,0, Completed, 
AIPL,Regular Expense,4596,0,08-07-2024,Other Expenses,Hotel and Travelling Exp.,Hotel and Travelling Exp.,,Travel Expenses,Madan Mohan,0.00, ,0.00,513.84,,0,0, Completed, 
AIPL,Regular Expense,4141,0,01-05-2024,Other Expenses,Hotel and Travelling Exp.,Hotel and Travelling Exp.,,Conveyance ,Rushabh Gala,0.00, ,0.00,205.00,,0,0, Draft, 
AIPL,Supplier Invoice,1971,1186,11-06-2024,Other Expenses,Hotel and Travelling Exp.,Hotel and Travelling Exp.,,Car Hire Charges,AUTORIDERS INTERNATIONAL LTD,0.00, ,0.00,4560.00,,0,0, Completed, 
AIPL,Travel Expense,4199,0,07-05-2024,Other Expenses,Hotel and Travelling Exp.,Hotel and Travelling Exp.,,Conveyance ,Shivaprakash M,0.00, ,0.00,435.00,,0,0, Draft, 
AIPL,Regular Expense,4175,0,06-05-2024,Other Expenses,Hotel and Travelling Exp.,Hotel and Travelling Exp.,,Conveyance ,Vijayakumar P,0.00, ,0.00,403.00,,0,0, Completed, 
AIPL,Regular Expense,4052,0,14-04-2024,Other Expenses,Hotel and Travelling Exp.,Hotel and Travelling Exp.,,Conveyance ,Manjeet Malhotra,0.00, ,0.00,290.00,,0,0, Completed, 
AIPL,Regular Expense,4145,0,01-05-2024,Other Expenses,Hotel and Travelling Exp.,Hotel and Travelling Exp.,,Conveyance ,Rushabh Gala,0.00, ,0.00,339.00,,0,0, Completed, 
AIPL,Operating Expense,4377,0,05-06-2024,Other Expenses,Hotel and Travelling Exp.,Hotel and Travelling Exp.,,Vehicle Hiring Charges-Speedways,SPEEDWAYS HOSPITALITY AND TRAVEL SOLUTIONS PRIVATE LIMITED,0.00, ,0.00,2938.00,,0,0, Completed, 
AIPL,Regular Expense,4143,0,01-05-2024,Other Expenses,Hotel and Travelling Exp.,Hotel and Travelling Exp.,,Conveyance ,Rushabh Gala,0.00, ,0.00,315.00,,0,0, Draft, 
AIPL,Regular Expense,4145,0,01-05-2024,Other Expenses,Hotel and Travelling Exp.,Hotel and Travelling Exp.,,Conveyance ,Rushabh Gala,0.00, ,0.00,355.00,,0,0, Completed, 
AIPL,Supplier Invoice,2221,1186,03-07-2024,Other Expenses,Hotel and Travelling Exp.,Hotel and Travelling Exp.,,Car Hire Charges,AUTORIDERS INTERNATIONAL LTD,0.00, ,0.00,2193.00,,0,0, Completed, 
AIPL,Travel Expense,4697,0,06-08-2024,Other Expenses,Hotel and Travelling Exp.,Hotel and Travelling Exp.,,Conveyance ,Vijay Kumar Minchala,0.00, ,0.00,4678.00,,0,0, Submitted, 
AIPL,Regular Expense,4142,0,01-05-2024,Other Expenses,Hotel and Travelling Exp.,Hotel and Travelling Exp.,,Conveyance ,Rushabh Gala,0.00, ,0.00,205.00,,0,0, Draft, 
AIPL,Regular Expense,4457,0,25-06-2024,Other Expenses,Hotel and Travelling Exp.,Hotel and Travelling Exp.,,Conveyance ,Vijayakumar P,0.00, ,0.00,337.00,,0,0, Completed, 
AIPL,Regular Expense,4730,0,07-08-2024,Other Expenses,Hotel and Travelling Exp.,Hotel and Travelling Exp.,,Hotel and Travel Expense,Shashank Sardeshmukh,0.00, ,0.00,1575.00,,0,0, Completed, 
AIPL,Travel Expense,4536,0,09-07-2024,Other Expenses,Hotel and Travelling Exp.,Hotel and Travelling Exp.,,Conveyance ,Himanshu Sharma,0.00, ,0.00,1413.00,,0,0, Completed, 
AIPL,Travel Expense,4692,0,05-08-2024,Other Expenses,Hotel and Travelling Exp.,Hotel and Travelling Exp.,,Conveyance ,Vijay Kumar Minchala,0.00, ,0.00,378.00,,0,0, Submitted, 
AIPL,Supplier Invoice,1724,990,14-05-2024,Other Expenses,Hotel and Travelling Exp.,Hotel and Travelling Exp.,,Hotel and Travel Expense,Uniglobe Mod Travel ,0.00, ,0.00,152001.00,,0,0, Completed, 
AIPL,Regular Expense,4041,0,23-04-2024,Other Expenses,Hotel and Travelling Exp.,Hotel and Travelling Exp.,,Conveyance ,Vijayakumar P,0.00, ,0.00,351.00,,0,0, Completed, 
AIPL,Supplier Invoice,2077,990,20-06-2024,Other Expenses,Hotel and Travelling Exp.,Hotel and Travelling Exp.,,Hotel and Travel Expense,Uniglobe Mod Travel ,0.00, ,0.00,58884.00,,0,0, Completed, 
AIPL,Regular Expense,4145,0,01-05-2024,Other Expenses,Hotel and Travelling Exp.,Hotel and Travelling Exp.,,Conveyance ,Rushabh Gala,0.00, ,0.00,359.00,,0,0, Completed, 
AIPL,Travel Expense,4209,0,08-05-2024,Other Expenses,Hotel and Travelling Exp.,Hotel and Travelling Exp.,,Conveyance ,S.V.Koteswara Rao,0.00, ,0.00,1100.00,,0,0, Completed, 
AIPL,Regular Expense,4770,0,14-08-2024,Other Expenses,Hotel and Travelling Exp.,Hotel and Travelling Exp.,,Conveyance ,Rushabh Gala,0.00, ,0.00,446.00,,0,0, Completed, 
AIPL,Regular Expense,4165,0,03-04-2024,Other Expenses,Hotel and Travelling Exp.,Hotel and Travelling Exp.,,Conveyance ,Harshad Shukla,0.00, ,0.00,426.00,,0,0, Completed, 
AIPL,Supplier Invoice,2314,1132,09-07-2024,Other Expenses,Hotel and Travelling Exp.,Hotel and Travelling Exp.,,Car Hire Charges for Advisor ,AUTORIDERS INTERNATIONAL LTD,0.00, ,0.00,135340.00,,0,0, Completed, 
AIPL,Regular Expense,4350,0,18-04-2024,Other Expenses,Hotel and Travelling Exp.,Hotel and Travelling Exp.,,Travel Expenses,Abhinay Vijayakar,0.00, ,0.00,254.00,,0,0, Completed, 
AIPL,Regular Expense,4145,0,01-05-2024,Other Expenses,Hotel and Travelling Exp.,Hotel and Travelling Exp.,,Conveyance ,Rushabh Gala,0.00, ,0.00,338.00,,0,0, Completed, 
AIPL,Supplier Invoice,2226,1186,03-07-2024,Other Expenses,Hotel and Travelling Exp.,Hotel and Travelling Exp.,,Car Hire Charges,AUTORIDERS INTERNATIONAL LTD,0.00, ,0.00,4006.00,,0,0, Completed, 
AIPL,Regular Expense,4471,0,27-06-2024,Other Expenses,Hotel and Travelling Exp.,Hotel and Travelling Exp.,,Travel Expenses,Pravin Karambelkar,0.00, ,0.00,424.00,,0,0, Completed, 
AIPL,Regular Expense,4142,0,01-05-2024,Other Expenses,Hotel and Travelling Exp.,Hotel and Travelling Exp.,,Conveyance ,Rushabh Gala,0.00, ,0.00,355.00,,0,0, Draft, 
AIPL,Regular Expense,4123,0,28-04-2024,Other Expenses,Hotel and Travelling Exp.,Hotel and Travelling Exp.,,Conveyance ,Vijayakumar P,0.00, ,0.00,299.00,,0,0, Completed, 
AIPL,Regular Expense,4596,0,08-07-2024,Other Expenses,Hotel and Travelling Exp.,Hotel and Travelling Exp.,,Travel Expenses,Madan Mohan,0.00, ,0.00,2387.00,,0,0, Completed, 
AIPL,Regular Expense,4141,0,01-05-2024,Other Expenses,Hotel and Travelling Exp.,Hotel and Travelling Exp.,,Conveyance ,Rushabh Gala,0.00, ,0.00,359.00,,0,0, Draft, 
AIPL,Regular Expense,4175,0,06-05-2024,Other Expenses,Hotel and Travelling Exp.,Hotel and Travelling Exp.,,Conveyance ,Vijayakumar P,0.00, ,0.00,417.00,,0,0, Completed, 
AIPL,Regular Expense,4730,0,07-08-2024,Other Expenses,Hotel and Travelling Exp.,Hotel and Travelling Exp.,,Hotel and Travel Expense,Shashank Sardeshmukh,0.00, ,0.00,698.04,,0,0, Completed, 
AIPL,Operating Expense,4152,0,02-05-2024,Other Expenses,Hotel and Travelling Exp.,Hotel and Travelling Exp.,,Hotel & Travelling Expenses,ARISTA SERVICE APARTMENTS,0.00, ,0.00,9142.00,,0,0, Completed, 
AIPL,Supplier Invoice,1951,1186,10-06-2024,Other Expenses,Hotel and Travelling Exp.,Hotel and Travelling Exp.,,Car Hire Charges,AUTORIDERS INTERNATIONAL LTD,0.00, ,0.00,10602.00,,0,0, Completed, 
AIPL,Supplier Invoice,1917,1132,07-06-2024,Other Expenses,Hotel and Travelling Exp.,Hotel and Travelling Exp.,,Car Hire Charges for Advisor ,AUTORIDERS INTERNATIONAL LTD,0.00, ,0.00,135680.00,,0,0, Completed, 
AIPL,Regular Expense,4052,0,14-04-2024,Other Expenses,Hotel and Travelling Exp.,Hotel and Travelling Exp.,,Conveyance ,Manjeet Malhotra,0.00, ,0.00,1018.00,,0,0, Completed, 
AIPL,Regular Expense,4145,0,01-05-2024,Other Expenses,Hotel and Travelling Exp.,Hotel and Travelling Exp.,,Conveyance ,Rushabh Gala,0.00, ,0.00,521.00,,0,0, Completed, 
AIPL,Purchase Order,990,990,24-04-2024,Other Expenses,Hotel and Travelling Exp.,Hotel and Travelling Exp.,,Hotel and Travel Expense,Uniglobe Mod Travel ,1700000.00, 0.00,,0.00,,0,0, Approved, 
AIPL,Regular Expense,4143,0,01-05-2024,Other Expenses,Hotel and Travelling Exp.,Hotel and Travelling Exp.,,Conveyance ,Rushabh Gala,0.00, ,0.00,205.00,,0,0, Draft, 
AIPL,Regular Expense,4145,0,01-05-2024,Other Expenses,Hotel and Travelling Exp.,Hotel and Travelling Exp.,,Conveyance ,Rushabh Gala,0.00, ,0.00,355.00,,0,0, Completed, 
AIPL,Supplier Invoice,2222,1186,03-07-2024,Other Expenses,Hotel and Travelling Exp.,Hotel and Travelling Exp.,,Car Hire Charges,AUTORIDERS INTERNATIONAL LTD,0.00, ,0.00,3035.00,,0,0, Completed, 
AIPL,Regular Expense,4142,0,01-05-2024,Other Expenses,Hotel and Travelling Exp.,Hotel and Travelling Exp.,,Conveyance ,Rushabh Gala,0.00, ,0.00,359.00,,0,0, Draft, 
AIPL,Travel Expense,4027,0,13-04-2024,Other Expenses,Hotel and Travelling Exp.,Hotel and Travelling Exp.,,Hotel & Travelling Expenses,Vikram Jadhav,0.00, ,0.00,1097.00,,0,0, Completed, 
AIPL,Travel Expense,4693,0,05-08-2024,Other Expenses,Hotel and Travelling Exp.,Hotel and Travelling Exp.,,Conveyance ,Vijay Kumar Minchala,0.00, ,0.00,895.00,,0,0, Submitted, 
AIPL,Regular Expense,4115,0,20-04-2024,Other Expenses,Hotel and Travelling Exp.,Hotel and Travelling Exp.,,Conveyance ,Tabraze Ahmed,0.00, ,0.00,435.00,,0,0, Completed, 
AIPL,Regular Expense,4041,0,23-04-2024,Other Expenses,Hotel and Travelling Exp.,Hotel and Travelling Exp.,,Conveyance ,Vijayakumar P,0.00, ,0.00,392.00,,0,0, Completed, 
AIPL,Regular Expense,4145,0,01-05-2024,Other Expenses,Hotel and Travelling Exp.,Hotel and Travelling Exp.,,Conveyance ,Rushabh Gala,0.00, ,0.00,356.00,,0,0, Completed, 
AIPL,Regular Expense,4770,0,14-08-2024,Other Expenses,Hotel and Travelling Exp.,Hotel and Travelling Exp.,,Conveyance ,Rushabh Gala,0.00, ,0.00,352.00,,0,0, Completed, 
AIPL,Regular Expense,4075,0,18-04-2024,Other Expenses,Hotel and Travelling Exp.,Hotel and Travelling Exp.,,Conveyance ,Manjeet Malhotra,0.00, ,0.00,849.00,,0,0, Completed, 
AIPL,Regular Expense,4165,0,03-04-2024,Other Expenses,Hotel and Travelling Exp.,Hotel and Travelling Exp.,,Conveyance ,Harshad Shukla,0.00, ,0.00,148.00,,0,0, Completed, 
AIPL,Regular Expense,4350,0,18-04-2024,Other Expenses,Hotel and Travelling Exp.,Hotel and Travelling Exp.,,Travel Expenses,Abhinay Vijayakar,0.00, ,0.00,493.00,,0,0, Completed, 
AIPL,Regular Expense,4145,0,01-05-2024,Other Expenses,Hotel and Travelling Exp.,Hotel and Travelling Exp.,,Conveyance ,Rushabh Gala,0.00, ,0.00,355.00,,0,0, Completed, 
AIPL,Supplier Invoice,2227,1186,03-07-2024,Other Expenses,Hotel and Travelling Exp.,Hotel and Travelling Exp.,,Car Hire Charges,AUTORIDERS INTERNATIONAL LTD,0.00, ,0.00,3265.00,,0,0, Completed, 
AIPL,Regular Expense,4142,0,01-05-2024,Other Expenses,Hotel and Travelling Exp.,Hotel and Travelling Exp.,,Conveyance ,Rushabh Gala,0.00, ,0.00,355.00,,0,0, Draft, 
AIPL,Regular Expense,4668,0,31-07-2024,Other Expenses,Hotel and Travelling Exp.,Hotel and Travelling Exp.,,Conveyance ,Rushabh Gala,0.00, ,0.00,5230.00,,0,0, Completed, 
AIPL,Regular Expense,4596,0,08-07-2024,Other Expenses,Hotel and Travelling Exp.,Hotel and Travelling Exp.,,Travel Expenses,Madan Mohan,0.00, ,0.00,1953.00,,0,0, Completed, 
AIPL,Regular Expense,4141,0,01-05-2024,Other Expenses,Hotel and Travelling Exp.,Hotel and Travelling Exp.,,Conveyance ,Rushabh Gala,0.00, ,0.00,356.00,,0,0, Draft, 
AIPL,Regular Expense,4730,0,07-08-2024,Other Expenses,Hotel and Travelling Exp.,Hotel and Travelling Exp.,,Hotel and Travel Expense,Shashank Sardeshmukh,0.00, ,0.00,1210.41,,0,0, Completed, 
AIPL,Regular Expense,3996,0,23-04-2024,Other Expenses,Hotel and Travelling Exp.,Hotel and Travelling Exp.,,Conveyance ,Vijayakumar P,0.00, ,0.00,322.00,,0,0, Completed, 
AIPL,Operating Expense,4152,0,02-05-2024,Other Expenses,Hotel and Travelling Exp.,Hotel and Travelling Exp.,,Hotel & Travelling Expenses,ARISTA SERVICE APARTMENTS,0.00, ,0.00,630.00,,0,0, Completed, 
AIPL,Supplier Invoice,1952,1186,10-06-2024,Other Expenses,Hotel and Travelling Exp.,Hotel and Travelling Exp.,,Car Hire Charges,AUTORIDERS INTERNATIONAL LTD,0.00, ,0.00,2520.00,,0,0, Completed, 
AIPL,Regular Expense,4052,0,14-04-2024,Other Expenses,Hotel and Travelling Exp.,Hotel and Travelling Exp.,,Conveyance ,Manjeet Malhotra,0.00, ,0.00,417.00,,0,0, Completed, 
AIPL,Regular Expense,4164,0,11-04-2024,Other Expenses,Hotel and Travelling Exp.,Hotel and Travelling Exp.,,Conveyance ,Harshad Shukla,0.00, ,0.00,300.00,,0,0, Completed, 
AIPL,Regular Expense,4145,0,01-05-2024,Other Expenses,Hotel and Travelling Exp.,Hotel and Travelling Exp.,,Conveyance ,Rushabh Gala,0.00, ,0.00,355.00,,0,0, Completed, 
AIPL,Supplier Invoice,2672,990,08-08-2024,Other Expenses,Hotel and Travelling Exp.,Hotel and Travelling Exp.,,Hotel and Travel Expense,Uniglobe Mod Travel ,0.00, ,0.00,110942.00,,0,0, Completed, 
AIPL,Regular Expense,4145,0,01-05-2024,Other Expenses,Hotel and Travelling Exp.,Hotel and Travelling Exp.,,Conveyance ,Rushabh Gala,0.00, ,0.00,205.00,,0,0, Completed, 
AIPL,Budget Balances,  , , 01-04-2024 ,Other Expenses,IT Related Expenses,IT Related Expenses,7589004.00,,,,,,,0.00,7589004.00,, , 
AIPL,Purchase Order,983,983,23-04-2024,Other Expenses,IT Related Expenses,IT Related Expenses,,EPABX,Team One Tech Solutions LLP,45000.00, 0.00,,0.00,,,, Approved, 
AIPL,Supplier Invoice,2473,1453,22-07-2024,Other Expenses,IT Related Expenses,IT Related Expenses,,Microsoft Copilot Licenses,Team One Tech Solutions LLP,0.00, ,0.00,74250.00,,0,0, Completed, 
AIPL,Supplier Invoice,1740,1099,15-05-2024,Other Expenses,IT Related Expenses,IT Related Expenses,,Laptop Repair - LCD,KlickIT Solutions & Services,0.00, ,0.00,9410.00,,0,0, Completed, 
AIPL,Purchase Order,1642,1642,19-08-2024,Other Expenses,IT Related Expenses,IT Related Expenses,,Acronis Hosted Storage,ACMA Computers Ltd. ,44440.00, 44440.00,,0.00,,0,0, Submitted, 
AIPL,Purchase Order,1136,1136,16-05-2024,Other Expenses,IT Related Expenses,IT Related Expenses,,Microsoft Azure-April & May 2024,Futuresoft Solutions Pvt Ltd.,92373.00, 0.00,,0.00,,0,0, Closed, 
AIPL,Purchase Order,1239,1239,04-06-2024,Other Expenses,IT Related Expenses,IT Related Expenses,,Adobe Pro DC,Zenisys Systems,133000.00, 114000.00,,0.00,,0,0, Approved, 
AIPL,Supplier Invoice,1845,964,01-06-2024,Other Expenses,IT Related Expenses,IT Related Expenses,,Tally AMC Period :- April-24 to March-25 March-25 ,PARTH INFOTECH SOLUTIONS PRIVATE LIMITED,0.00, ,0.00,35000.00,,0,0, Completed, 
AIPL,Purchase Order,935,935,10-04-2024,Other Expenses,IT Related Expenses,IT Related Expenses,,One time Installation Charges -  Acronis ,ACMA Computers Ltd. ,5000.00, 0.00,,0.00,,0,0, Approved, 
AIPL,Supplier Invoice,1625,935,03-05-2024,Other Expenses,IT Related Expenses,IT Related Expenses,,Backup - WL - Workstation - Acronis Cyber Protect ,ACMA Computers Ltd. ,0.00, ,0.00,77400.00,,0,0, Completed, 
AIPL,Supplier Invoice,2189,987,02-07-2024,Other Expenses,IT Related Expenses,IT Related Expenses,,AMC - HSSE Web Application and Mobile App,SYMPHONY INFOTECH,0.00, ,0.00,22500.00,,0,0, Completed, 
AIPL,Purchase Order,987,987,24-04-2024,Other Expenses,IT Related Expenses,IT Related Expenses,,AMC - Trading Compliance App,SYMPHONY INFOTECH,30000.00, 0.00,,0.00,,0,0, Approved, 
AIPL,Operating Expense,4037,838,10-04-2024,Other Expenses,IT Related Expenses,IT Related Expenses,,Dell Laptop BatteryBattery,Zenisys Systems,0.00, ,0.00,4450.00,,0,0, Completed, 
AIPL,Supplier Invoice,2580,1056,05-08-2024,Other Expenses,IT Related Expenses,IT Related Expenses,,Telephone Expenses/HO,TATA TELESERVICES (MAHARASHTRA) LIMITED,0.00, ,0.00,5000.00,,0,0, Completed, 
AIPL,Purchase Order,1099,1099,10-05-2024,Other Expenses,IT Related Expenses,IT Related Expenses,,Laptop Repair - LCD,KlickIT Solutions & Services,9410.00, 0.00,,0.00,,0,0, Approved, 
AIPL,Supplier Invoice,1800,1131,24-05-2024,Other Expenses,IT Related Expenses,IT Related Expenses,,Sophos - Intercept X Advance Central for computer,Cloudgen Infotech Pvt. Ltd.,0.00, ,0.00,80000.00,,0,0, Completed, 
AIPL,Purchase Order,1453,1453,08-07-2024,Other Expenses,IT Related Expenses,IT Related Expenses,,Microsoft Copilot Licenses,Team One Tech Solutions LLP,74250.00, 74250.00,,0.00,,0,0, Approved, 
AIPL,Supplier Invoice,1583,983,29-04-2024,Other Expenses,IT Related Expenses,IT Related Expenses,,Wi-Fi Devices,Team One Tech Solutions LLP,0.00, ,0.00,10000.00,,0,0, Completed, 
AIPL,Supplier Invoice,1755,1079,16-05-2024,Other Expenses,IT Related Expenses,IT Related Expenses,,Internet Leased Line - 100MB 1:1,Primenet Global Limited,0.00, ,0.00,80000.00,,0,0, Completed, 
AIPL,Purchase Order,963,963,15-04-2024,Other Expenses,IT Related Expenses,IT Related Expenses,,Internet charge for 2024 To 2025,TATA TELESERVICES (MAHARASHTRA) LIMITED,425000.00, 0.00,,0.00,,0,0, Closed, 
AIPL,Supplier Invoice,2087,1136,21-06-2024,Other Expenses,IT Related Expenses,IT Related Expenses,,Microsoft Azure-April & May 2024,Futuresoft Solutions Pvt Ltd.,0.00, ,0.00,23838.00,,0,0, Completed, 
AIPL,Supplier Invoice,1567,941,25-04-2024,Other Expenses,IT Related Expenses,IT Related Expenses,,Microsoft 365 Business Premium Licenses,Team One Technologies Pvt. Ltd.,0.00, ,0.00,1738000.00,,0,0, Completed, 
AIPL,Regular Expense,4320,0,28-05-2024,Other Expenses,IT Related Expenses,IT Related Expenses,,IT Helpdesk Ticketing Software,Ranganathan N,0.00, ,0.00,16788.00,,0,0, Completed, 
AIPL,Supplier Invoice,1740,1099,15-05-2024,Other Expenses,IT Related Expenses,IT Related Expenses,,Laptop Repair - Power Pin ,KlickIT Solutions & Services,0.00, ,0.00,1930.00,,0,0, Completed, 
AIPL,Purchase Order,1152,1152,21-05-2024,Other Expenses,IT Related Expenses,IT Related Expenses,,20KV UPS AMD - Period from 22-05-2024 to 21-04-202,NOVATEUR ELECTRICAL AND DIGITAL SYSTEMS PVT LTD - MUMBAI,30000.00, 30000.00,,0.00,,0,0, Approved, 
AIPL,Purchase Order,1514,1514,22-07-2024,Other Expenses,IT Related Expenses,IT Related Expenses,,Microsoft Office 365 One Drive Plan 2,Team One Technologies Pvt. Ltd.,9420.00, 9420.00,,0.00,,0,0, Approved, 
AIPL,Supplier Invoice,1625,935,03-05-2024,Other Expenses,IT Related Expenses,IT Related Expenses,,Backup - WL - Acronis Hosted Storage ,ACMA Computers Ltd. ,0.00, ,0.00,159129.60,,0,0, Completed, 
AIPL,Supplier Invoice,2614,1583,06-08-2024,Other Expenses,IT Related Expenses,IT Related Expenses,,Adobe Pro DC,Zenisys Systems,0.00, ,0.00,19000.00,,0,0, Completed, 
AIPL,Purchase Order,1213,1213,28-05-2024,Other Expenses,IT Related Expenses,IT Related Expenses,,Adobe Pro DC,Team One Tech Solutions LLP,133000.00, 133000.00,,0.00,,0,0, Closed, 
AIPL,Supplier Invoice,2437,1481,18-07-2024,Other Expenses,IT Related Expenses,IT Related Expenses,,Tatasky Recharge,HDFC Prepaid Card,0.00, ,0.00,5000.00,,0,0, Completed, 
AIPL,Supplier Invoice,2189,987,02-07-2024,Other Expenses,IT Related Expenses,IT Related Expenses,,AMC - Trading Compliance App,SYMPHONY INFOTECH,0.00, ,0.00,7500.00,,0,0, Completed, 
AIPL,Supplier Invoice,2500,1330,25-07-2024,Other Expenses,IT Related Expenses,IT Related Expenses,,Microsoft Azure Virtual Private Server,Team One Technologies Pvt. Ltd.,0.00, ,0.00,40389.60,,0,0, Completed, 
AIPL,Purchase Order,983,983,23-04-2024,Other Expenses,IT Related Expenses,IT Related Expenses,,Matrix Switch,Team One Tech Solutions LLP,25000.00, 0.00,,0.00,,0,0, Approved, 
AIPL,Purchase Order,1079,1079,08-05-2024,Other Expenses,IT Related Expenses,IT Related Expenses,,Internet Leased Line - 100MB 1:1,Primenet Global Limited,320000.00, 0.00,,0.00,,0,0, Approved, 
AIPL,Purchase Order,1583,1583,01-08-2024,Other Expenses,IT Related Expenses,IT Related Expenses,,Adobe Pro DC,Zenisys Systems,19000.00, 0.00,,0.00,,0,0, Approved, 
AIPL,Purchase Order,1099,1099,10-05-2024,Other Expenses,IT Related Expenses,IT Related Expenses,,Laptop Repair - Power Pin ,KlickIT Solutions & Services,1950.00, 0.00,,0.00,,0,0, Approved, 
AIPL,Supplier Invoice,1583,983,29-04-2024,Other Expenses,IT Related Expenses,IT Related Expenses,,Video Conference Setup,Team One Tech Solutions LLP,0.00, ,0.00,20000.00,,0,0, Completed, 
AIPL,Supplier Invoice,2127,1315,25-06-2024,Other Expenses,IT Related Expenses,IT Related Expenses,,M365 Business Basic,Team One Technologies Pvt. Ltd.,0.00, ,0.00,41250.00,,0,0, Completed, 
AIPL,Supplier Invoice,2537,1093,30-07-2024,Other Expenses,IT Related Expenses,IT Related Expenses,,Virtual cloud service for Compliance Tool,Cloud4C Services Private Limited	,0.00, ,0.00,13020.00,,0,0, Completed, 
AIPL,Purchase Order,964,964,15-04-2024,Other Expenses,IT Related Expenses,IT Related Expenses,,Tally AMC Period :- April-24 to March-25 March-25 ,PARTH INFOTECH SOLUTIONS PRIVATE LIMITED,35000.00, 0.00,,0.00,,0,0, Approved, 
AIPL,Purchase Order,1606,1606,07-08-2024,Other Expenses,IT Related Expenses,IT Related Expenses,,Zscaler Internet Access (Business Edition),Hararei India Private Limited,679596.00, 679596.00,,0.00,,0,0, Approved, 
AIPL,Purchase Order,935,935,10-04-2024,Other Expenses,IT Related Expenses,IT Related Expenses,,Advanced Management - Acronis Cyber Protect Cloud,ACMA Computers Ltd. ,1404.00, 0.00,,0.00,,0,0, Approved, 
AIPL,Supplier Invoice,2642,1079,07-08-2024,Other Expenses,IT Related Expenses,IT Related Expenses,,Internet Leased Line - 100MB 1:1,Primenet Global Limited,0.00, ,0.00,80000.00,,0,0, Completed, 
AIPL,Supplier Invoice,1740,1099,15-05-2024,Other Expenses,IT Related Expenses,IT Related Expenses,,Service Charges - LCD replacement,KlickIT Solutions & Services,0.00, ,0.00,1950.00,,0,0, Completed, 
AIPL,Supplier Invoice,2302,939,08-07-2024,Other Expenses,IT Related Expenses,IT Related Expenses,,MobileApp Development - P2P,SYMPHONY INFOTECH,0.00, ,0.00,48750.00,,0,0, Completed, 
AIPL,Purchase Order,987,987,24-04-2024,Other Expenses,IT Related Expenses,IT Related Expenses,,AMC - P2P Workflow Web Application,SYMPHONY INFOTECH,420000.00, 0.00,,0.00,,0,0, Approved, 
AIPL,Supplier Invoice,2493,1514,24-07-2024,Other Expenses,IT Related Expenses,IT Related Expenses,,Microsoft Office 365 One Drive Plan 2,Team One Technologies Pvt. Ltd.,0.00, ,0.00,9420.00,,0,0, Completed, 
AIPL,Supplier Invoice,2153,939,26-06-2024,Other Expenses,IT Related Expenses,IT Related Expenses,,MobileApp Development - P2P,SYMPHONY INFOTECH,0.00, ,0.00,16233.75,,0,0, Completed, 
AIPL,Purchase Order,939,939,10-04-2024,Other Expenses,IT Related Expenses,IT Related Expenses,,MobileApp Development - P2P,SYMPHONY INFOTECH,65000.00, 0.00,,0.00,,0,0, Approved, 
AIPL,Supplier Invoice,1625,935,03-05-2024,Other Expenses,IT Related Expenses,IT Related Expenses,,One time Installation Charges -  Acronis ,ACMA Computers Ltd. ,0.00, ,0.00,5000.00,,0,0, Completed, 
AIPL,Supplier Invoice,1783,1136,23-05-2024,Other Expenses,IT Related Expenses,IT Related Expenses,,Microsoft Azure-April & May 2024,Futuresoft Solutions Pvt Ltd.,0.00, ,0.00,46186.46,,0,0, Completed, 
AIPL,Supplier Invoice,2398,1441,15-07-2024,Other Expenses,IT Related Expenses,IT Related Expenses,,Tally On Cloud VM based Solutions,PARTH INFOTECH SOLUTIONS PRIVATE LIMITED,0.00, ,0.00,66000.00,,0,0, Completed, 
AIPL,Purchase Order,983,983,23-04-2024,Other Expenses,IT Related Expenses,IT Related Expenses,,Wi-Fi Devices,Team One Tech Solutions LLP,10000.00, 0.00,,0.00,,0,0, Approved, 
AIPL,Supplier Invoice,1890,1056,05-06-2024,Other Expenses,IT Related Expenses,IT Related Expenses,,Telephone Expenses/HO,TATA TELESERVICES (MAHARASHTRA) LIMITED,0.00, ,0.00,5000.00,,0,0, Completed, 
AIPL,Operating Expense,4055,0,16-04-2024,Other Expenses,IT Related Expenses,IT Related Expenses,,Dell Laptop Battery ,Zenisys Systems,0.00, ,0.00,4450.00,,0,0, Completed, 
AIPL,Purchase Order,1099,1099,10-05-2024,Other Expenses,IT Related Expenses,IT Related Expenses,,Service Charges - LCD replacement,KlickIT Solutions & Services,1950.00, 0.00,,0.00,,0,0, Approved, 
AIPL,Supplier Invoice,1583,983,29-04-2024,Other Expenses,IT Related Expenses,IT Related Expenses,,EPABX,Team One Tech Solutions LLP,0.00, ,0.00,45000.00,,0,0, Completed, 
AIPL,Supplier Invoice,2401,1085,15-07-2024,Other Expenses,IT Related Expenses,IT Related Expenses,,Internet Leased Line - 100MB 1:1,TATA TELESERVICES (MAHARASHTRA) LIMITED,0.00, ,0.00,87500.00,,0,0, Completed, 
AIPL,Purchase Order,935,935,10-04-2024,Other Expenses,IT Related Expenses,IT Related Expenses,,Backup - WL - Workstation - Acronis Cyber Protect ,ACMA Computers Ltd. ,77400.00, 0.00,,0.00,,0,0, Approved, 
AIPL,Supplier Invoice,1740,1099,15-05-2024,Other Expenses,IT Related Expenses,IT Related Expenses,,Service Charges - Power Pin Replacement,KlickIT Solutions & Services,0.00, ,0.00,1950.00,,0,0, Completed, 
AIPL,Supplier Invoice,1943,1093,10-06-2024,Other Expenses,IT Related Expenses,IT Related Expenses,,Virtual cloud service for Compliance Tool,Cloud4C Services Private Limited	,0.00, ,0.00,13020.00,,0,0, Completed, 
AIPL,Operating Expense,4082,0,22-04-2024,Other Expenses,IT Related Expenses,IT Related Expenses,,SSL Certificate ,SYMPHONY INFOTECH,0.00, ,0.00,2521.00,,0,0, Completed, 
AIPL,Supplier Invoice,2302,939,08-07-2024,Other Expenses,IT Related Expenses,IT Related Expenses,,API Development Cost - P2P,SYMPHONY INFOTECH,0.00, ,0.00,41250.00,,0,0, Completed, 
AIPL,Supplier Invoice,2189,987,02-07-2024,Other Expenses,IT Related Expenses,IT Related Expenses,,AMC - P2P Workflow Web Application,SYMPHONY INFOTECH,0.00, ,0.00,105000.00,,0,0, Completed, 
AIPL,Purchase Order,987,987,24-04-2024,Other Expenses,IT Related Expenses,IT Related Expenses,,AMC - MobileMIS Application with Back-end,SYMPHONY INFOTECH,120000.00, 0.00,,0.00,,0,0, Approved, 
AIPL,Supplier Invoice,2153,939,26-06-2024,Other Expenses,IT Related Expenses,IT Related Expenses,,API Development Cost - P2P,SYMPHONY INFOTECH,0.00, ,0.00,13750.00,,0,0, Completed, 
AIPL,Purchase Order,939,939,10-04-2024,Other Expenses,IT Related Expenses,IT Related Expenses,,API Development Cost - P2P,SYMPHONY INFOTECH,55000.00, 0.00,,0.00,,0,0, Approved, 
AIPL,Regular Expense,4084,0,22-04-2024,Other Expenses,IT Related Expenses,IT Related Expenses,,Remote Desktop Application - Teamviewer ,Ranganathan N,0.00, ,0.00,21225.84,,0,0, Completed, 
AIPL,Supplier Invoice,2259,1093,04-07-2024,Other Expenses,IT Related Expenses,IT Related Expenses,,Virtual cloud service for Compliance Tool,Cloud4C Services Private Limited	,0.00, ,0.00,13020.00,,0,0, Completed, 
AIPL,Supplier Invoice,2559,1152,31-07-2024,Other Expenses,IT Related Expenses,IT Related Expenses,,20KV UPS AMD - Period from 22-05-2024 to 21-04-202,NOVATEUR ELECTRICAL AND DIGITAL SYSTEMS PVT LTD - MUMBAI,0.00, ,0.00,30000.00,,0,0, Completed, 
AIPL,Purchase Order,1330,1330,19-06-2024,Other Expenses,IT Related Expenses,IT Related Expenses,,Microsoft Azure Virtual Private Server,Team One Technologies Pvt. Ltd.,502582.00, 0.00,,0.00,,0,0, Approved, 
AIPL,Purchase Order,983,983,23-04-2024,Other Expenses,IT Related Expenses,IT Related Expenses,,Video Conference Setup,Team One Tech Solutions LLP,20000.00, 0.00,,0.00,,0,0, Approved, 
AIPL,Purchase Order,941,941,10-04-2024,Other Expenses,IT Related Expenses,IT Related Expenses,,Microsoft 365 Business Premium Licenses,Team One Technologies Pvt. Ltd.,1738000.00, 0.00,,0.00,,0,0, Approved, 
AIPL,Purchase Order,1056,1056,06-05-2024,Other Expenses,IT Related Expenses,IT Related Expenses,,Telephone Expenses/HO,TATA TELESERVICES (MAHARASHTRA) LIMITED,60000.00, 0.00,,0.00,,0,0, Approved, 
AIPL,Purchase Order,1642,1642,19-08-2024,Other Expenses,IT Related Expenses,IT Related Expenses,,Acronis Advanced Backup - Server,ACMA Computers Ltd. ,75040.00, 75040.00,,0.00,,0,0, Submitted, 
AIPL,Purchase Order,1099,1099,10-05-2024,Other Expenses,IT Related Expenses,IT Related Expenses,,Service Charges - Power Pin Replacement,KlickIT Solutions & Services,1930.00, 0.00,,0.00,,0,0, Approved, 
AIPL,Supplier Invoice,2249,1056,04-07-2024,Other Expenses,IT Related Expenses,IT Related Expenses,,Telephone Expenses/HO,TATA TELESERVICES (MAHARASHTRA) LIMITED,0.00, ,0.00,5000.00,,0,0, Completed, 
AIPL,Purchase Order,1093,1093,09-05-2024,Other Expenses,IT Related Expenses,IT Related Expenses,,Virtual cloud service for Compliance Tool,Cloud4C Services Private Limited	,156240.00, 0.00,,0.00,,0,0, Approved, 
AIPL,Supplier Invoice,1625,935,03-05-2024,Other Expenses,IT Related Expenses,IT Related Expenses,,Advanced Management - Acronis Cyber Protect Cloud,ACMA Computers Ltd. ,0.00, ,0.00,1404.00,,0,0, Completed, 
AIPL,Purchase Order,1315,1315,12-06-2024,Other Expenses,IT Related Expenses,IT Related Expenses,,M365 Business Basic,Team One Technologies Pvt. Ltd.,41250.00, 0.00,,0.00,,0,0, Approved, 
AIPL,Purchase Order,935,935,10-04-2024,Other Expenses,IT Related Expenses,IT Related Expenses,,Backup - WL - Acronis Hosted Storage ,ACMA Computers Ltd. ,159129.60, 0.00,,0.00,,0,0, Approved, 
AIPL,Operating Expense,4082,0,22-04-2024,Other Expenses,IT Related Expenses,IT Related Expenses,,SSL certificate Installation Charges,SYMPHONY INFOTECH,0.00, ,0.00,1000.00,,0,0, Completed, 
AIPL,Supplier Invoice,2304,1239,08-07-2024,Other Expenses,IT Related Expenses,IT Related Expenses,,Adobe Pro DC,Zenisys Systems,0.00, ,0.00,133000.00,,0,0, Completed, 
AIPL,Supplier Invoice,2189,987,02-07-2024,Other Expenses,IT Related Expenses,IT Related Expenses,,AMC - MobileMIS Application with Back-end,SYMPHONY INFOTECH,0.00, ,0.00,30000.00,,0,0, Completed, 
AIPL,Purchase Order,987,987,24-04-2024,Other Expenses,IT Related Expenses,IT Related Expenses,,AMC - HSSE Web Application and Mobile App,SYMPHONY INFOTECH,90000.00, 0.00,,0.00,,0,0, Approved, 
AIPL,Purchase Order,1085,1085,08-05-2024,Other Expenses,IT Related Expenses,IT Related Expenses,,Internet Leased Line - 100MB 1:1,TATA TELESERVICES (MAHARASHTRA) LIMITED,350000.00, 350000.00,,0.00,,0,0, Approved, 
AIPL,Supplier Invoice,1539,963,17-04-2024,Other Expenses,IT Related Expenses,IT Related Expenses,,Internet charge for 2024 To 2025,TATA TELESERVICES (MAHARASHTRA) LIMITED,0.00, ,0.00,106250.00,,0,0, Completed, 
AIPL,Purchase Order,1441,1441,05-07-2024,Other Expenses,IT Related Expenses,IT Related Expenses,,Tally On Cloud VM based Solutions,PARTH INFOTECH SOLUTIONS PRIVATE LIMITED,66000.00, 0.00,,0.00,,0,0, Approved, 
AIPL,Supplier Invoice,2147,1330,26-06-2024,Other Expenses,IT Related Expenses,IT Related Expenses,,Microsoft Azure Virtual Private Server,Team One Technologies Pvt. Ltd.,0.00, ,0.00,20820.24,,0,0, Completed, 
AIPL,Purchase Order,1131,1131,15-05-2024,Other Expenses,IT Related Expenses,IT Related Expenses,,Sophos - Intercept X Advance Central for computer,Cloudgen Infotech Pvt. Ltd.,80000.00, 0.00,,0.00,,0,0, Approved, 
AIPL,Purchase Order,1481,1481,16-07-2024,Other Expenses,IT Related Expenses,IT Related Expenses,,Tatasky Recharge,HDFC Prepaid Card,5000.00, 0.00,,0.00,,0,0, Approved, 
AIPL,Supplier Invoice,1583,983,29-04-2024,Other Expenses,IT Related Expenses,IT Related Expenses,,Matrix Switch,Team One Tech Solutions LLP,0.00, ,0.00,25000.00,,0,0, Completed, 
AIPL,Supplier Invoice,1693,1056,13-05-2024,Other Expenses,IT Related Expenses,IT Related Expenses,,Telephone Expenses/HO,TATA TELESERVICES (MAHARASHTRA) LIMITED,0.00, ,0.00,5000.00,,0,0, Completed, 
AIPL,Budget Balances,  , , 01-04-2024 ,Other Expenses,Athaang Website Maintenance & branding,Athaang Website Maintenance & branding,600000.00,,,,,,,0.00,600000.00,, , 
AIPL,Supplier Invoice,2425,1206,16-07-2024,Other Expenses,Athaang Website Maintenance & branding,Athaang Website Maintenance & branding,,Service LinkedIn Management Retainer Fees-Hyperion,Hyperion Brand & Communications Consultancy,0.00, ,0.00,50000.00,,,, Completed, 
AIPL,Purchase Order,1206,1206,27-05-2024,Other Expenses,Athaang Website Maintenance & branding,Athaang Website Maintenance & branding,,Service LinkedIn Management Retainer Fees-Hyperion,Hyperion Brand & Communications Consultancy,100000.00, 0.00,,0.00,,0,0, Approved, 
AIPL,Supplier Invoice,2424,1206,16-07-2024,Other Expenses,Athaang Website Maintenance & branding,Athaang Website Maintenance & branding,,Service LinkedIn Management Retainer Fees-Hyperion,Hyperion Brand & Communications Consultancy,0.00, ,0.00,50000.00,,0,0, Completed, 
AIPL,Budget Balances,  , , 01-04-2024 ,Other Expenses,Car Parking Expenses,Car Parking Expenses,400000.00,,,,,,,0.00,400000.00,, , 
AIPL,Supplier Invoice,2573,1178,01-08-2024,Other Expenses,Car Parking Expenses,Car Parking Expenses,,Parking Service (4 Wheeler ),SS ENTERPRISES,0.00, ,0.00,22000.00,,,, Completed, 
AIPL,Supplier Invoice,2079,1178,20-06-2024,Other Expenses,Car Parking Expenses,Car Parking Expenses,,Parking Service (4 Wheeler ),SS ENTERPRISES,0.00, ,0.00,22000.00,,0,0, Completed, 
AIPL,Purchase Order,1035,1035,02-05-2024,Other Expenses,Car Parking Expenses,Car Parking Expenses,,Parking Service (4 Wheeler ),SS ENTERPRISES,273600.00, 273600.00,,0.00,,0,0, Closed, 
AIPL,Supplier Invoice,2573,1178,01-08-2024,Other Expenses,Car Parking Expenses,Car Parking Expenses,,Parking service (2 wheeler),SS ENTERPRISES,0.00, ,0.00,8750.00,,0,0, Completed, 
AIPL,Supplier Invoice,2079,1178,20-06-2024,Other Expenses,Car Parking Expenses,Car Parking Expenses,,Parking service (2 wheeler),SS ENTERPRISES,0.00, ,0.00,8750.00,,0,0, Completed, 
AIPL,Purchase Order,1035,1035,02-05-2024,Other Expenses,Car Parking Expenses,Car Parking Expenses,,Parking service (2 wheeler),SS ENTERPRISES,59400.00, 59400.00,,0.00,,0,0, Closed, 
AIPL,Purchase Order,1178,1178,23-05-2024,Other Expenses,Car Parking Expenses,Car Parking Expenses,,Parking Service (4 Wheeler ),SS ENTERPRISES,264000.00, 0.00,,0.00,,0,0, Approved, 
AIPL,Supplier Invoice,2371,1178,12-07-2024,Other Expenses,Car Parking Expenses,Car Parking Expenses,,Parking Service (4 Wheeler ),SS ENTERPRISES,0.00, ,0.00,22000.00,,0,0, Completed, 
AIPL,Supplier Invoice,2081,1178,20-06-2024,Other Expenses,Car Parking Expenses,Car Parking Expenses,,Parking Service (4 Wheeler ),SS ENTERPRISES,0.00, ,0.00,26400.00,,0,0, Completed, 
AIPL,Purchase Order,1178,1178,23-05-2024,Other Expenses,Car Parking Expenses,Car Parking Expenses,,Parking service (2 wheeler),SS ENTERPRISES,105000.00, 0.00,,0.00,,0,0, Approved, 
AIPL,Supplier Invoice,2371,1178,12-07-2024,Other Expenses,Car Parking Expenses,Car Parking Expenses,,Parking service (2 wheeler),SS ENTERPRISES,0.00, ,0.00,8750.00,,0,0, Completed, 
AIPL,Supplier Invoice,2081,1178,20-06-2024,Other Expenses,Car Parking Expenses,Car Parking Expenses,,Parking service (2 wheeler),SS ENTERPRISES,0.00, ,0.00,8750.00,,0,0, Completed, 
AIPL,Budget Balances,  , , 01-04-2024 ,Other Expenses,Office Consumables,Office Consumables,750000.00,,,,,,,0.00,750000.00,, , 
AIPL,Supplier Invoice,1718,1068,14-05-2024,Other Expenses,Office Consumables,Office Consumables,,Monthly Rental- Service- & Maintenance Charges per,SIDDHIVINAYAK ENTERPRISES,0.00, ,0.00,2900.00,,,, Completed, 
AIPL,Supplier Invoice,2689,1069,09-08-2024,Other Expenses,Office Consumables,Office Consumables,,30915 Skincare Scott Foam ,LOCK STOCK AND BARREL HYGIENE LLP,0.00, ,0.00,2310.00,,0,0, Completed, 
AIPL,Supplier Invoice,2460,1069,19-07-2024,Other Expenses,Office Consumables,Office Consumables,,Finocon Rub + Blue Liquid - Hand Sanitiser 80%,LOCK STOCK AND BARREL HYGIENE LLP,0.00, ,0.00,800.00,,0,0, Completed, 
AIPL,Supplier Invoice,2611,1068,06-08-2024,Other Expenses,Office Consumables,Office Consumables,,Monthly Rental- Service- & Maintenance Charges per,SIDDHIVINAYAK ENTERPRISES,0.00, ,0.00,2900.00,,0,0, Completed, 
AIPL,Purchase Order,1069,1069,07-05-2024,Other Expenses,Office Consumables,Office Consumables,,12388 - TWL SCOTT SLIMROLL 176M x 6,LOCK STOCK AND BARREL HYGIENE LLP,191520.00, 191492.00,,0.00,,0,0, Approved, 
AIPL,Supplier Invoice,2457,1069,19-07-2024,Other Expenses,Office Consumables,Office Consumables,,12388 - TWL SCOTT SLIMROLL 176M x 6,LOCK STOCK AND BARREL HYGIENE LLP,0.00, ,0.00,15960.00,,0,0, Completed, 
AIPL,Supplier Invoice,2691,1069,09-08-2024,Other Expenses,Office Consumables,Office Consumables,,Finocon Rub + Blue Liquid - Hand Sanitiser 80%,LOCK STOCK AND BARREL HYGIENE LLP,0.00, ,0.00,800.00,,0,0, Completed, 
AIPL,Supplier Invoice,1714,1084,14-05-2024,Other Expenses,Office Consumables,Office Consumables,,Kitchen products with 0 % gst,SONI MAJAN SERVICE PVT. LTD,0.00, ,0.00,1266.00,,0,0, Completed, 
AIPL,Supplier Invoice,1897,1068,06-06-2024,Other Expenses,Office Consumables,Office Consumables,,Kitchen products with 0 % gst,SIDDHIVINAYAK ENTERPRISES,0.00, ,0.00,16218.00,,0,0, Completed, 
AIPL,Supplier Invoice,2504,1492,25-07-2024,Other Expenses,Office Consumables,Office Consumables,,Kitchen products with 0 % gst,SONI MAJAN SERVICE PVT. LTD,0.00, ,0.00,16876.00,,0,0, Completed, 
AIPL,Supplier Invoice,2689,1069,09-08-2024,Other Expenses,Office Consumables,Office Consumables,,12388 - TWL SCOTT SLIMROLL 176M x 6,LOCK STOCK AND BARREL HYGIENE LLP,0.00, ,0.00,15960.00,,0,0, Completed, 
AIPL,Purchase Order,1492,1492,17-07-2024,Other Expenses,Office Consumables,Office Consumables,,Kitchen products with 0 % gst,SONI MAJAN SERVICE PVT. LTD,33000.00, 32999.00,,0.00,,0,0, Approved, 
AIPL,Purchase Order,1082,1082,08-05-2024,Other Expenses,Office Consumables,Office Consumables,,Kitchen products with 0 % gst,Center Point Stationery,20000.00, 19999.00,,0.00,,0,0, Approved, 
AIPL,Supplier Invoice,2461,1069,19-07-2024,Other Expenses,Office Consumables,Office Consumables,,12388 - TWL SCOTT SLIMROLL 176M x 6,LOCK STOCK AND BARREL HYGIENE LLP,0.00, ,0.00,15960.00,,0,0, Completed, 
AIPL,Purchase Order,1069,1069,07-05-2024,Other Expenses,Office Consumables,Office Consumables,, 01175 F/TISS KIMSOFT,LOCK STOCK AND BARREL HYGIENE LLP,47520.00, 0.00,,0.00,,0,0, Approved, 
AIPL,Supplier Invoice,2457,1069,19-07-2024,Other Expenses,Office Consumables,Office Consumables,,Airnergy Mini Metered Spray,LOCK STOCK AND BARREL HYGIENE LLP,0.00, ,0.00,4800.00,,0,0, Completed, 
AIPL,Operating Expense,4376,0,31-05-2024,Other Expenses,Office Consumables,Office Consumables,,News Paper bill ,DINESH R YADAV ,0.00, ,0.00,777.00,,0,0, Completed, 
AIPL,Supplier Invoice,1715,1084,14-05-2024,Other Expenses,Office Consumables,Office Consumables,,Kitchen products with 0 % gst,SONI MAJAN SERVICE PVT. LTD,0.00, ,0.00,27977.00,,0,0, Completed, 
AIPL,Supplier Invoice,1898,1068,06-06-2024,Other Expenses,Office Consumables,Office Consumables,,Monthly Rental- Service- & Maintenance Charges per,SIDDHIVINAYAK ENTERPRISES,0.00, ,0.00,2900.00,,0,0, Completed, 
AIPL,Purchase Order,1068,1068,07-05-2024,Other Expenses,Office Consumables,Office Consumables,,Monthly Rental- Service- & Maintenance Charges per,SIDDHIVINAYAK ENTERPRISES,34800.00, 0.00,,0.00,,0,0, Approved, 
AIPL,Supplier Invoice,1720,1069,14-05-2024,Other Expenses,Office Consumables,Office Consumables,,12388 - TWL SCOTT SLIMROLL 176M x 6,LOCK STOCK AND BARREL HYGIENE LLP,0.00, ,0.00,15960.00,,0,0, Completed, 
AIPL,Supplier Invoice,2689,1069,09-08-2024,Other Expenses,Office Consumables,Office Consumables,, 01175 F/TISS KIMSOFT,LOCK STOCK AND BARREL HYGIENE LLP,0.00, ,0.00,3960.00,,0,0, Completed, 
AIPL,Supplier Invoice,2461,1069,19-07-2024,Other Expenses,Office Consumables,Office Consumables,, 01175 F/TISS KIMSOFT,LOCK STOCK AND BARREL HYGIENE LLP,0.00, ,0.00,3960.00,,0,0, Completed, 
AIPL,Supplier Invoice,2144,1335,26-06-2024,Other Expenses,Office Consumables,Office Consumables,,Pest Control Service,KALPAVRUKSHA PEST CONTROL SANSTHA,0.00, ,0.00,16900.00,,0,0, Completed, 
AIPL,Purchase Order,1069,1069,07-05-2024,Other Expenses,Office Consumables,Office Consumables,,Finocon Rub + Blue Liquid - Hand Sanitiser 80%,LOCK STOCK AND BARREL HYGIENE LLP,28800.00, 28795.00,,0.00,,0,0, Approved, 
AIPL,Supplier Invoice,2071,1084,20-06-2024,Other Expenses,Office Consumables,Office Consumables,,Kitchen products with 0 % gst,SONI MAJAN SERVICE PVT. LTD,0.00, ,0.00,29321.00,,0,0, Completed, 
AIPL,Supplier Invoice,2458,1069,19-07-2024,Other Expenses,Office Consumables,Office Consumables,, 01175 F/TISS KIMSOFT,LOCK STOCK AND BARREL HYGIENE LLP,0.00, ,0.00,800.00,,0,0, Completed, 
AIPL,Purchase Order,1068,1068,07-05-2024,Other Expenses,Office Consumables,Office Consumables,,Kitchen products with 0 % gst,SIDDHIVINAYAK ENTERPRISES,198488.00, 181934.22,,0.00,,0,0, Approved, 
AIPL,Supplier Invoice,1720,1069,14-05-2024,Other Expenses,Office Consumables,Office Consumables,, 01175 F/TISS KIMSOFT,LOCK STOCK AND BARREL HYGIENE LLP,0.00, ,0.00,3960.00,,0,0, Completed, 
AIPL,Supplier Invoice,2689,1069,09-08-2024,Other Expenses,Office Consumables,Office Consumables,,Micro Airoma Aerosol Cool-100MI -VAMA02,LOCK STOCK AND BARREL HYGIENE LLP,0.00, ,0.00,4800.00,,0,0, Completed, 
AIPL,Purchase Order,1084,1084,08-05-2024,Other Expenses,Office Consumables,Office Consumables,,Kitchen products with 0 % gst,SONI MAJAN SERVICE PVT. LTD,64000.00, 63997.00,,0.00,,0,0, Approved, 
AIPL,Supplier Invoice,2461,1069,19-07-2024,Other Expenses,Office Consumables,Office Consumables,,Airnergy Mini Metered Spray,LOCK STOCK AND BARREL HYGIENE LLP,0.00, ,0.00,4800.00,,0,0, Completed, 
AIPL,Purchase Order,1069,1069,07-05-2024,Other Expenses,Office Consumables,Office Consumables,,Micro Airoma Aerosol Cool-100MI -VAMA02,LOCK STOCK AND BARREL HYGIENE LLP,28800.00, 0.00,,0.00,,0,0, Approved, 
AIPL,Supplier Invoice,1717,1068,14-05-2024,Other Expenses,Office Consumables,Office Consumables,,Kitchen products with 0 % gst,SIDDHIVINAYAK ENTERPRISES,0.00, ,0.00,16540.62,,0,0, Completed, 
AIPL,Supplier Invoice,2459,1069,19-07-2024,Other Expenses,Office Consumables,Office Consumables,,Finocon Rub + Blue Liquid - Hand Sanitiser 80%,LOCK STOCK AND BARREL HYGIENE LLP,0.00, ,0.00,800.00,,0,0, Completed, 
AIPL,Supplier Invoice,2610,1068,06-08-2024,Other Expenses,Office Consumables,Office Consumables,,Kitchen products with 0 % gst,SIDDHIVINAYAK ENTERPRISES,0.00, ,0.00,16550.78,,0,0, Completed, 
AIPL,Purchase Order,1069,1069,07-05-2024,Other Expenses,Office Consumables,Office Consumables,,30915 Skincare Scott Foam ,LOCK STOCK AND BARREL HYGIENE LLP,27720.00, 27718.00,,0.00,,0,0, Approved, 
AIPL,Supplier Invoice,2457,1069,19-07-2024,Other Expenses,Office Consumables,Office Consumables,,30915 Skincare Scott Foam ,LOCK STOCK AND BARREL HYGIENE LLP,0.00, ,0.00,2310.00,,0,0, Completed, 
AIPL,Purchase Order,1335,1335,21-06-2024,Other Expenses,Office Consumables,Office Consumables,,Pest Control Service,KALPAVRUKSHA PEST CONTROL SANSTHA,16900.00, 0.00,,0.00,,0,0, Approved, 
AIPL,Supplier Invoice,1720,1069,14-05-2024,Other Expenses,Office Consumables,Office Consumables,,Airnergy Mini Metered Spray,LOCK STOCK AND BARREL HYGIENE LLP,0.00, ,0.00,4800.00,,0,0, Completed, 
AIPL,Supplier Invoice,2690,1069,09-08-2024,Other Expenses,Office Consumables,Office Consumables,,Finocon Rub + Blue Liquid - Hand Sanitiser 80%,LOCK STOCK AND BARREL HYGIENE LLP,0.00, ,0.00,800.00,,0,0, Completed, 
AIPL,Supplier Invoice,1713,1082,14-05-2024,Other Expenses,Office Consumables,Office Consumables,,Kitchen products with 0 % gst,Center Point Stationery,0.00, ,0.00,2340.00,,0,0, Completed, 
AIPL,Purchase Order,1069,1069,07-05-2024,Other Expenses,Office Consumables,Office Consumables,,Airnergy Mini Metered Spray,LOCK STOCK AND BARREL HYGIENE LLP,57600.00, 0.00,,0.00,,0,0, Approved, 
AIPL,Budget Balances,  , , 01-04-2024 ,Other Expenses,Printing  Postage and Telephone,Printing  Postage and Telephone,400000.00,,,,,,,0.00,400000.00,, , 
AIPL,Purchase Order,1368,1368,24-06-2024,Other Expenses,Printing  Postage and Telephone,Printing  Postage and Telephone,,Printing and Stationary Charges-2024 - 2025,IKON BUSINESS SOLUTION,100000.00, 0.00,,0.00,,,, Approved, 
AIPL,Purchase Order,1492,1492,17-07-2024,Other Expenses,Printing  Postage and Telephone,Printing  Postage and Telephone,,Printing and stationery ,SONI MAJAN SERVICE PVT. LTD,45000.00, 44998.00,,0.00,,0,0, Approved, 
AIPL,Purchase Order,1082,1082,08-05-2024,Other Expenses,Printing  Postage and Telephone,Printing  Postage and Telephone,,Printing and stationery ,Center Point Stationery,20000.00, 20000.00,,0.00,,0,0, Approved, 
AIPL,Operating Expense,4362,0,31-05-2024,Other Expenses,Printing  Postage and Telephone,Printing  Postage and Telephone,,Printing and Stationary Charges-2024 - 2025,SERENDIPITY IN SYNCHRONICITY PET PROJECT PRIVATE LIMITED ,0.00, ,0.00,590.00,,0,0, Completed, 
AIPL,Operating Expense,4550,0,02-07-2024,Other Expenses,Printing  Postage and Telephone,Printing  Postage and Telephone,,Printing and Stationary Charges-2024 - 2025,SONI MAJAN SERVICE PVT. LTD,0.00, ,0.00,6240.00,,0,0, Completed, 
AIPL,Purchase Order,976,976,22-04-2024,Other Expenses,Printing  Postage and Telephone,Printing  Postage and Telephone,,Annual Subscription charges of Road Development,INDIA INFRASTRUCTURE PUBLISHING PVT LTD,100000.00, 0.00,,0.00,,0,0, Approved, 
AIPL,Supplier Invoice,2602,1492,06-08-2024,Other Expenses,Printing  Postage and Telephone,Printing  Postage and Telephone,,Printing and stationery ,SONI MAJAN SERVICE PVT. LTD,0.00, ,0.00,13820.00,,0,0, Completed, 
AIPL,Purchase Order,1084,1084,08-05-2024,Other Expenses,Printing  Postage and Telephone,Printing  Postage and Telephone,,Printing and stationery ,SONI MAJAN SERVICE PVT. LTD,55000.00, 54998.00,,0.00,,0,0, Approved, 
AIPL,Operating Expense,4541,0,09-07-2024,Other Expenses,Printing  Postage and Telephone,Printing  Postage and Telephone,,Printing and Stationary Charges-2024 - 2025,SONI MAJAN SERVICE PVT. LTD,0.00, ,0.00,612.00,,0,0, Completed, 
AIPL,Operating Expense,4424,0,14-06-2024,Other Expenses,Printing  Postage and Telephone,Printing  Postage and Telephone,,Printing and Stationary Charges,Reliable Courier & Cargo,0.00, ,0.00,1911.00,,0,0, Completed, 
AIPL,Supplier Invoice,1716,1084,14-05-2024,Other Expenses,Printing  Postage and Telephone,Printing  Postage and Telephone,,Printing and stationery ,SONI MAJAN SERVICE PVT. LTD,0.00, ,0.00,10170.00,,0,0, Completed, 
AIPL,Regular Expense,4629,0,23-07-2024,Other Expenses,Printing  Postage and Telephone,Printing  Postage and Telephone,,Printing and Stationary Charges-2024 - 2025,Anjali Mohit Sharma,0.00, ,0.00,1000.00,,0,0, Completed, 
AIPL,Supplier Invoice,2072,1084,20-06-2024,Other Expenses,Printing  Postage and Telephone,Printing  Postage and Telephone,,Printing and stationery ,SONI MAJAN SERVICE PVT. LTD,0.00, ,0.00,12465.00,,0,0, Completed, 
AIPL,Supplier Invoice,2159,1368,28-06-2024,Other Expenses,Printing  Postage and Telephone,Printing  Postage and Telephone,,Printing and Stationary Charges-2024 - 2025,IKON BUSINESS SOLUTION,0.00, ,0.00,30380.10,,0,0, Completed, 
AIPL,Supplier Invoice,2671,1492,08-08-2024,Other Expenses,Printing  Postage and Telephone,Printing  Postage and Telephone,,Printing and stationery ,SONI MAJAN SERVICE PVT. LTD,0.00, ,0.00,13820.00,,0,0, Completed, 
AIPL,Supplier Invoice,1570,976,25-04-2024,Other Expenses,Printing  Postage and Telephone,Printing  Postage and Telephone,,Annual Subscription charges of Road Development,INDIA INFRASTRUCTURE PUBLISHING PVT LTD,0.00, ,0.00,100000.00,,0,0, Completed, 
AIPL,Supplier Invoice,2324,1368,09-07-2024,Other Expenses,Printing  Postage and Telephone,Printing  Postage and Telephone,,Printing and Stationary Charges-2024 - 2025,IKON BUSINESS SOLUTION,0.00, ,0.00,11164.65,,0,0, Completed, 
AIPL,Budget Balances,  , , 01-04-2024 ,Other Expenses,Legal & Professional Fees ,Legal & Professional Fees ,7517143.00,,,,,,,1901759.00,7517143.00,, , 
AIPL,Purchase Order,1057,1057,06-05-2024,Other Expenses,Legal & Professional Fees ,Legal & Professional Fees ,,Legal & Profession Fees  ,SIVARAMAN NARAYANASWAMI,5500000.00, 0.00,,0.00,,,, Approved, 
AIPL,Supplier Invoice,2210,1192,02-07-2024,Other Expenses,Legal & Professional Fees ,Legal & Professional Fees ,,Legal & Profession Fees  ,Sandip Shah & co,0.00, ,0.00,20000.00,,0,0, Completed, 
AIPL,Supplier Invoice,1593,1027,30-04-2024,Other Expenses,Legal & Professional Fees ,Legal & Professional Fees ,,Legal & Profession Fees  ,Vishal Vijay Ram,0.00, ,0.00,85000.00,,0,0, Completed, 
AIPL,Supplier Invoice,2197,1350,02-07-2024,Other Expenses,Legal & Professional Fees ,Legal & Professional Fees ,,Legal & Profession Fees  ,Protiviti India Member Private Limited,0.00, ,0.00,21429.00,,0,0, Completed, 
AIPL,Purchase Order,1350,1350,21-06-2024,Other Expenses,Legal & Professional Fees ,Legal & Professional Fees ,,Legal & Profession Fees  ,Protiviti India Member Private Limited,85716.00, 0.00,,0.00,,0,0, Approved, 
AIPL,Supplier Invoice,2104,1027,24-06-2024,Other Expenses,Legal & Professional Fees ,Legal & Professional Fees ,,Legal & Profession Fees  ,Vishal Vijay Ram,0.00, ,0.00,85000.00,,0,0, Completed, 
AIPL,Purchase Order,1550,1550,25-07-2024,Other Expenses,Legal & Professional Fees ,Legal & Professional Fees ,,Accounting advisory services - NCDs and ICDs,Price Waterhouse & Co LLP,250000.00, 250000.00,,0.00,,0,0, Approved, 
AIPL,Purchase Order,1233,1233,03-06-2024,Other Expenses,Legal & Professional Fees ,Legal & Professional Fees ,,HOAI,Highway Operators Association (I),1200000.00, 0.00,,0.00,,0,0, Approved, 
AIPL,Supplier Invoice,2236,1376,03-07-2024,Other Expenses,Legal & Professional Fees ,Legal & Professional Fees ,,Audit Support-23-24,Protiviti India Member Private Limited,0.00, ,0.00,124286.00,,0,0, Completed, 
AIPL,Operating Expense,4077,0,02-04-2024,Other Expenses,Legal & Professional Fees ,Legal & Professional Fees ,,Legal & Profession Fees  ,Axis Bank Ltd,0.00, ,0.00,2500.00,,0,0, Completed, 
AIPL,Purchase Order,985,985,23-04-2024,Other Expenses,Legal & Professional Fees ,Legal & Professional Fees ,,NSDL Annual Custody Fees FY 24-25,National Securities Depository Limited (For Athaang infrastructure ),75000.00, 0.00,,0.00,,0,0, Approved, 
AIPL,Supplier Invoice,2586,1057,05-08-2024,Other Expenses,Legal & Professional Fees ,Legal & Professional Fees ,,Legal & Profession Fees  ,SIVARAMAN NARAYANASWAMI,0.00, ,0.00,500000.00,,0,0, Completed, 
AIPL,Supplier Invoice,1994,1295,12-06-2024,Other Expenses,Legal & Professional Fees ,Legal & Professional Fees ,,Actuarial Valuation Fees,KP Actuaries and Consultants LLP,0.00, ,0.00,17500.00,,0,0, Completed, 
AIPL,Supplier Invoice,2198,1350,02-07-2024,Other Expenses,Legal & Professional Fees ,Legal & Professional Fees ,,Legal & Profession Fees  ,Protiviti India Member Private Limited,0.00, ,0.00,21429.00,,0,0, Completed, 
AIPL,Operating Expense,4071,0,18-04-2024,Other Expenses,Legal & Professional Fees ,Legal & Professional Fees ,,Legal & Profession Fees  ,Anubhuti Tripathi & Associates,0.00, ,0.00,7500.00,,0,0, Completed, 
AIPL,Purchase Order,1327,1327,18-06-2024,Other Expenses,Legal & Professional Fees ,Legal & Professional Fees ,,Professional Fees 23-24	,Suresh Surana & Associates,650000.00, 0.00,,0.00,,0,0, Approved, 
AIPL,Supplier Invoice,2658,1347,07-08-2024,Other Expenses,Legal & Professional Fees ,Legal & Professional Fees ,,Legal & Profession Fees  ,BDO India LLP ,0.00, ,0.00,86520.00,,0,0, Completed, 
AIPL,Budget Adjustment,466,0,31-07-2024,Other Expenses,Legal & Professional Fees ,Legal & Professional Fees ,,,,0.00, ,0.00,0.00,,0,0, , 
AIPL,Purchase Order,1551,1551,25-07-2024,Other Expenses,Legal & Professional Fees ,Legal & Professional Fees ,,Professional Fees-FY 24-25. ,,1.00, 1.00,,0.00,,0,0, , 
AIPL,Supplier Invoice,1788,1060,23-05-2024,Other Expenses,Legal & Professional Fees ,Legal & Professional Fees ,,Professional Fees,BDO India LLP ,0.00, ,0.00,95790.00,,0,0, Completed, 
AIPL,Purchase Order,1192,1192,23-05-2024,Other Expenses,Legal & Professional Fees ,Legal & Professional Fees ,,Legal & Profession Fees  ,Sandip Shah & co,40000.00, 0.00,,0.00,,0,0, Approved, 
AIPL,Supplier Invoice,2312,1057,09-07-2024,Other Expenses,Legal & Professional Fees ,Legal & Professional Fees ,,Legal & Profession Fees  ,SIVARAMAN NARAYANASWAMI,0.00, ,0.00,500000.00,,0,0, Completed, 
AIPL,Supplier Invoice,2194,1349,02-07-2024,Other Expenses,Legal & Professional Fees ,Legal & Professional Fees ,,Legal & Profession Fees  ,Protiviti India Member Private Limited,0.00, ,0.00,15715.00,,0,0, Completed, 
AIPL,Purchase Order,1347,1347,21-06-2024,Other Expenses,Legal & Professional Fees ,Legal & Professional Fees ,,Legal & Profession Fees  ,BDO India LLP ,287370.00, 0.00,,0.00,,0,0, Approved, 
AIPL,Purchase Order,1579,1579,31-07-2024,Other Expenses,Legal & Professional Fees ,Legal & Professional Fees ,,Legal & Profession Fees  ,Vishal Vijay Ram,255000.00, 0.00,,0.00,,0,0, Approved, 
AIPL,Supplier Invoice,2201,1350,02-07-2024,Other Expenses,Legal & Professional Fees ,Legal & Professional Fees ,,Legal & Profession Fees  ,Protiviti India Member Private Limited,0.00, ,0.00,42858.00,,0,0, Completed, 
AIPL,Supplier Invoice,2266,1349,05-07-2024,Other Expenses,Legal & Professional Fees ,Legal & Professional Fees ,,Legal & Profession Fees  ,Protiviti India Member Private Limited,0.00, ,0.00,31430.00,,0,0, Completed, 
AIPL,Operating Expense,4071,0,18-04-2024,Other Expenses,Legal & Professional Fees ,Legal & Professional Fees ,,Legal & Profession Fees  ,Anubhuti Tripathi & Associates,0.00, ,0.00,155.00,,0,0, Completed, 
AIPL,Supplier Invoice,1816,1027,28-05-2024,Other Expenses,Legal & Professional Fees ,Legal & Professional Fees ,,Legal & Profession Fees  ,Vishal Vijay Ram,0.00, ,0.00,85000.00,,0,0, Completed, 
AIPL,Supplier Invoice,2284,1349,08-07-2024,Other Expenses,Legal & Professional Fees ,Legal & Professional Fees ,,Legal & Profession Fees  ,Protiviti India Member Private Limited,0.00, ,0.00,1894.00,,0,0, Completed, 
AIPL,Supplier Invoice,2195,1349,02-07-2024,Other Expenses,Legal & Professional Fees ,Legal & Professional Fees ,,Legal & Profession Fees  ,Protiviti India Member Private Limited,0.00, ,0.00,15715.00,,0,0, Completed, 
AIPL,Purchase Order,1060,1060,06-05-2024,Other Expenses,Legal & Professional Fees ,Legal & Professional Fees ,,Professional Fees,BDO India LLP ,231750.00, 0.00,,0.00,,0,0, Closed, 
AIPL,Supplier Invoice,1569,985,25-04-2024,Other Expenses,Legal & Professional Fees ,Legal & Professional Fees ,,NSDL Annual Custody Fees FY 24-25,National Securities Depository Limited (For Athaang infrastructure ),0.00, ,0.00,75000.00,,0,0, Completed, 
AIPL,Supplier Invoice,1661,1057,09-05-2024,Other Expenses,Legal & Professional Fees ,Legal & Professional Fees ,,Legal & Profession Fees  ,SIVARAMAN NARAYANASWAMI,0.00, ,0.00,500000.00,,0,0, Completed, 
AIPL,Supplier Invoice,2565,1579,01-08-2024,Other Expenses,Legal & Professional Fees ,Legal & Professional Fees ,,Legal & Profession Fees  ,Vishal Vijay Ram,0.00, ,0.00,85000.00,,0,0, Completed, 
AIPL,Purchase Order,1295,1295,07-06-2024,Other Expenses,Legal & Professional Fees ,Legal & Professional Fees ,,Actuarial Valuation Fees,KP Actuaries and Consultants LLP,17500.00, 0.00,,0.00,,0,0, Approved, 
AIPL,Supplier Invoice,2234,1378,03-07-2024,Other Expenses,Legal & Professional Fees ,Legal & Professional Fees ,,Legal & Profession Fees  ,Spiraea Services Pvt Ltd,0.00, ,0.00,7903.00,,0,0, Completed, 
AIPL,Supplier Invoice,1692,1060,13-05-2024,Other Expenses,Legal & Professional Fees ,Legal & Professional Fees ,,Professional Fees,BDO India LLP ,0.00, ,0.00,77250.00,,0,0, Completed, 
AIPL,Purchase Order,1376,1376,24-06-2024,Other Expenses,Legal & Professional Fees ,Legal & Professional Fees ,,Audit Support-23-24,Protiviti India Member Private Limited,124286.00, 0.00,,0.00,,0,0, Approved, 
AIPL,Supplier Invoice,2107,1233,24-06-2024,Other Expenses,Legal & Professional Fees ,Legal & Professional Fees ,,HOAI,Highway Operators Association (I),0.00, ,0.00,1200000.00,,0,0, Completed, 
AIPL,Supplier Invoice,2209,1192,02-07-2024,Other Expenses,Legal & Professional Fees ,Legal & Professional Fees ,,Legal & Profession Fees  ,Sandip Shah & co,0.00, ,0.00,20000.00,,0,0, Completed, 
AIPL,Supplier Invoice,2196,1349,02-07-2024,Other Expenses,Legal & Professional Fees ,Legal & Professional Fees ,,Legal & Profession Fees  ,Protiviti India Member Private Limited,0.00, ,0.00,31430.00,,0,0, Completed, 
AIPL,Supplier Invoice,1913,1057,07-06-2024,Other Expenses,Legal & Professional Fees ,Legal & Professional Fees ,,Legal & Profession Fees  ,SIVARAMAN NARAYANASWAMI,0.00, ,0.00,500000.00,,0,0, Completed, 
AIPL,Purchase Order,1027,1027,30-04-2024,Other Expenses,Legal & Professional Fees ,Legal & Professional Fees ,,Legal & Profession Fees  ,Vishal Vijay Ram,255000.00, 0.00,,0.00,,0,0, Approved, 
AIPL,Purchase Order,1349,1349,21-06-2024,Other Expenses,Legal & Professional Fees ,Legal & Professional Fees ,,Legal & Profession Fees  ,Protiviti India Member Private Limited,377160.00, 0.00,,0.00,,0,0, Approved, 
AIPL,Supplier Invoice,2103,1347,24-06-2024,Other Expenses,Legal & Professional Fees ,Legal & Professional Fees ,,Legal & Profession Fees  ,BDO India LLP ,0.00, ,0.00,86520.00,,0,0, Completed, 
AIPL,Supplier Invoice,2483,1327,23-07-2024,Other Expenses,Legal & Professional Fees ,Legal & Professional Fees ,,Professional Fees 23-24	,Suresh Surana & Associates,0.00, ,0.00,650000.00,,0,0, Completed, 
AIPL,Supplier Invoice,2235,1378,03-07-2024,Other Expenses,Legal & Professional Fees ,Legal & Professional Fees ,,Legal & Profession Fees  ,Spiraea Services Pvt Ltd,0.00, ,0.00,34999.00,,0,0, Completed, 
AIPL,Purchase Order,1378,1378,24-06-2024,Other Expenses,Legal & Professional Fees ,Legal & Professional Fees ,,Legal & Profession Fees  ,Spiraea Services Pvt Ltd,42902.00, 0.00,,0.00,,0,0, Approved, 
AIPL,Budget Balances,  , , 01-04-2024 ,Other Expenses,Secretarial Charges,Secretarial Charges,1201400.00,,,,,,,0.00,1201400.00,, , 
AIPL,Regular Expense,4486,0,29-06-2024,Other Expenses,Secretarial Charges,Secretarial Charges,,MCA Form Filing Charges ,Vibhav R,0.00, ,0.00,600.00,,,, Completed, 
AIPL,Purchase Order,1391,1391,27-06-2024,Other Expenses,Secretarial Charges,Secretarial Charges,,consultant fees for compliance tool,Protiviti India Member Private Limited,330000.00, 0.00,,0.00,,0,0, Approved, 
AIPL,Purchase Order,1159,1159,21-05-2024,Other Expenses,Secretarial Charges,Secretarial Charges,,Secretarial Charges.,KFin Technologies Limited,10000.00, 0.00,,0.00,,0,0, Approved, 
AIPL,Purchase Order,1481,1481,16-07-2024,Other Expenses,Secretarial Charges,Secretarial Charges,,Secretarial Expenses,HDFC Prepaid Card,39774.00, 0.00,,0.00,,0,0, Approved, 
AIPL,Supplier Invoice,2193,1391,02-07-2024,Other Expenses,Secretarial Charges,Secretarial Charges,,consultant fees for compliance tool,Protiviti India Member Private Limited,0.00, ,0.00,55000.00,,0,0, Completed, 
AIPL,Supplier Invoice,2060,1141,18-06-2024,Other Expenses,Secretarial Charges,Secretarial Charges,,MCA fees -HDFC prepaid card,HDFC Prepaid Card,0.00, ,0.00,606.00,,0,0, Completed, 
AIPL,Purchase Order,1481,1481,16-07-2024,Other Expenses,Secretarial Charges,Secretarial Charges,,MCA fees -HDFC prepaid card,HDFC Prepaid Card,3640.32, 0.00,,0.00,,0,0, Approved, 
AIPL,Supplier Invoice,2437,1481,18-07-2024,Other Expenses,Secretarial Charges,Secretarial Charges,,Secretarial Expenses,HDFC Prepaid Card,0.00, ,0.00,39774.00,,0,0, Completed, 
AIPL,Supplier Invoice,2437,1481,18-07-2024,Other Expenses,Secretarial Charges,Secretarial Charges,,MCA fees -HDFC prepaid card,HDFC Prepaid Card,0.00, ,0.00,3640.32,,0,0, Completed, 
AIPL,Purchase Order,1141,1141,17-05-2024,Other Expenses,Secretarial Charges,Secretarial Charges,,MCA fees -HDFC prepaid card,HDFC Prepaid Card,606.00, 0.00,,0.00,,0,0, Approved, 
AIPL,Purchase Order,1635,1635,14-08-2024,Other Expenses,Secretarial Charges,Secretarial Charges,,PROFESSIONAL FEES FOR OPINION,Anubhuti Tripathi & Associates,50000.00, 50000.00,,0.00,,0,0, Submitted, 
AIPL,Supplier Invoice,2063,1159,19-06-2024,Other Expenses,Secretarial Charges,Secretarial Charges,,Secretarial Charges.,KFin Technologies Limited,0.00, ,0.00,10000.00,,0,0, Completed, 
AIPL,Budget Balances,  , , 01-04-2024 ,Other Expenses,Security & Facility Management,Security & Facility Management,2952000.00,,,,,,,0.00,2952000.00,, , 
AIPL,Supplier Invoice,2343,1126,10-07-2024,Other Expenses,Security & Facility Management,Security & Facility Management,,Security Services-Walsons,WALSONS SERVICES PVT LTD ,0.00, ,0.00,100282.00,,,, Completed, 
AIPL,Purchase Order,1520,1520,22-07-2024,Other Expenses,Security & Facility Management,Security & Facility Management,,Ex-gratia payment ,Paresh P Pagade,25000.00, 0.00,,0.00,,0,0, Approved, 
AIPL,Supplier Invoice,2030,1126,14-06-2024,Other Expenses,Security & Facility Management,Security & Facility Management,,Security Services-Walsons,WALSONS SERVICES PVT LTD ,0.00, ,0.00,100282.00,,0,0, Completed, 
AIPL,Supplier Invoice,1921,1126,07-06-2024,Other Expenses,Security & Facility Management,Security & Facility Management,,Security Services-Walsons,WALSONS SERVICES PVT LTD ,0.00, ,0.00,100282.00,,0,0, Completed, 
AIPL,Supplier Invoice,2491,1520,24-07-2024,Other Expenses,Security & Facility Management,Security & Facility Management,,Ex-gratia payment ,Paresh P Pagade,0.00, ,0.00,25000.00,,0,0, Completed, 
AIPL,Purchase Order,1126,1126,14-05-2024,Other Expenses,Security & Facility Management,Security & Facility Management,,Security Services-Walsons,WALSONS SERVICES PVT LTD ,1203384.00, 0.00,,0.00,,0,0, Approved, 
ADTPL,Budget Balances,  , , 01-04-2024 ,Routine Maintenance Exp.,Agency Cost - Contract ,Agency Cost - Contract ,27847591.25,,,,,,,0.00,27847591.25,, , 
ADTPL,Purchase Order,975,975,22-04-2024,Routine Maintenance Exp.,Agency Cost - Contract ,Agency Cost - Contract ,,Agency Cost- Contract,KAMPEL INFRA MANAGEMENT SOLUTION,6899999.00, 0.00,,0.00,,,, Approved, 
ADTPL,Supplier Invoice,1658,975,08-05-2024,Routine Maintenance Exp.,Agency Cost - Contract ,Agency Cost - Contract ,,Agency Cost- Contract,KAMPEL INFRA MANAGEMENT SOLUTION,0.00, ,0.00,2094695.00,,0,0, Completed, 
ADTPL,Supplier Invoice,1963,975,11-06-2024,Routine Maintenance Exp.,Agency Cost - Contract ,Agency Cost - Contract ,,Agency Cost- Contract,KAMPEL INFRA MANAGEMENT SOLUTION,0.00, ,0.00,2325362.00,,0,0, Completed, 
ADTPL,Supplier Invoice,2355,975,11-07-2024,Routine Maintenance Exp.,Agency Cost - Contract ,Agency Cost - Contract ,,Agency Cost- Contract,KAMPEL INFRA MANAGEMENT SOLUTION,0.00, ,0.00,2316281.00,,0,0, Completed, 
ADTPL,Purchase Order,1574,1574,31-07-2024,Routine Maintenance Exp.,Agency Cost - Contract ,Agency Cost - Contract ,,Agency Cost- Contract,FAIRWAYS TOLL AND SECURITY SERVICES PVT LTD,19532984.00, 19532984.00,,0.00,,0,0, Submitted, 
ADTPL,Budget Balances,  , , 01-04-2024 ,Routine Maintenance Exp.,Repair Works,Repair Works,3980866.00,,,,,,,0.00,3980866.00,, , 
ADTPL,Regular Expense,4261,0,14-05-2024,Routine Maintenance Exp.,Repair Works,Repair Works,,Civil Consumables ,Krishnakanth Potini,0.00, ,0.00,1600.00,,,, Completed, 
ADTPL,Regular Expense,4285,0,21-05-2024,Routine Maintenance Exp.,Repair Works,Repair Works,,Civil Consumables ,Krishnakanth Potini,0.00, ,0.00,2500.00,,0,0, Completed, 
ADTPL,Supplier Invoice,2744,1603,16-08-2024,Routine Maintenance Exp.,Repair Works,Repair Works,,Damaged W-MBCB refabrication,DARA MOHAN,0.00, ,0.00,236000.00,,0,0, Completed, 
ADTPL,Purchase Order,1603,1603,07-08-2024,Routine Maintenance Exp.,Repair Works,Repair Works,,Damaged W-MBCB refabrication,DARA MOHAN,236000.00, 236000.00,,0.00,,0,0, Approved, 
ADTPL,Purchase Order,1574,1574,31-07-2024,Routine Maintenance Exp.,Repair Works,Repair Works,,BOQ Works ,FAIRWAYS TOLL AND SECURITY SERVICES PVT LTD,2984220.00, 2984220.00,,0.00,,0,0, Submitted, 
ADTPL,Purchase Order,975,975,22-04-2024,Routine Maintenance Exp.,Repair Works,Repair Works,,BOQ Works ,KAMPEL INFRA MANAGEMENT SOLUTION,297360.00, 0.00,,0.00,,0,0, Approved, 
ADTPL,Supplier Invoice,1658,975,08-05-2024,Routine Maintenance Exp.,Repair Works,Repair Works,,BOQ Works ,KAMPEL INFRA MANAGEMENT SOLUTION,0.00, ,0.00,52864.00,,0,0, Completed, 
ADTPL,Supplier Invoice,1963,975,11-06-2024,Routine Maintenance Exp.,Repair Works,Repair Works,,BOQ Works ,KAMPEL INFRA MANAGEMENT SOLUTION,0.00, ,0.00,109032.00,,0,0, Completed, 
ADTPL,Budget Balances,  , , 01-04-2024 ,Routine Maintenance Exp.,BBD and BI Test,BBD and BI Test,700256.71,,,,,,,0.00,700256.71,, , 
ADTPL,Supplier Invoice,1836,1096,31-05-2024,Routine Maintenance Exp.,BBD and BI Test,BBD and BI Test,,BC Core Test,HYDERABAD TEST LABS AND ENGINEERING SERVICES,0.00, ,0.00,132631.00,,,, Completed, 
ADTPL,Purchase Order,1096,1096,10-05-2024,Routine Maintenance Exp.,BBD and BI Test,BBD and BI Test,,BC Core Test,HYDERABAD TEST LABS AND ENGINEERING SERVICES,132631.00, 0.00,,0.00,,0,0, Approved, 
ADTPL,Purchase Order,1611,1611,08-08-2024,Routine Maintenance Exp.,BBD and BI Test,BBD and BI Test,,BI Test,HYDERABAD TEST LABS AND ENGINEERING SERVICES,102377.00, 102377.00,,0.00,,0,0, Approved, 
ADTPL,Budget Balances,  , , 01-04-2024 ,Routine Maintenance Exp.,Special Works,Special Works,7712726.48,,,,,,,0.00,7712726.48,, , 
ADTPL,Purchase Order,1332,1332,20-06-2024,Routine Maintenance Exp.,Special Works,Special Works,,Spacer -150mm X 75 mm X 5mm - 360 mm long,SUGUNA INDUSTRIES PVT LTD,1581200.00, 0.00,,0.00,,,, Approved, 
ADTPL,Supplier Invoice,2356,1332,11-07-2024,Routine Maintenance Exp.,Special Works,Special Works,,Round Bolts,SUGUNA INDUSTRIES PVT LTD,0.00, ,0.00,141600.00,,0,0, Completed, 
ADTPL,Supplier Invoice,2663,1458,08-08-2024,Routine Maintenance Exp.,Special Works,Special Works,,Preparation and Submission of As Built drawings,SRI INFRA CONSULTING ENGINEERS PRIVATE LIMITED,0.00, ,0.00,236000.00,,0,0, Completed, 
ADTPL,Purchase Order,1332,1332,20-06-2024,Routine Maintenance Exp.,Special Works,Special Works,,Round Bolts,SUGUNA INDUSTRIES PVT LTD,141600.00, 141600.00,,0.00,,0,0, Approved, 
ADTPL,Supplier Invoice,2186,1332,02-07-2024,Routine Maintenance Exp.,Special Works,Special Works,,Spacer -150mm X 75 mm X 5mm - 360 mm long,SUGUNA INDUSTRIES PVT LTD,0.00, ,0.00,897489.00,,0,0, Completed, 
ADTPL,Supplier Invoice,2356,1332,11-07-2024,Routine Maintenance Exp.,Special Works,Special Works,,Hexa Bolts,SUGUNA INDUSTRIES PVT LTD,0.00, ,0.00,283200.00,,0,0, Completed, 
ADTPL,Purchase Order,1458,1458,10-07-2024,Routine Maintenance Exp.,Special Works,Special Works,,Preparation and Submission of As Built drawings,SRI INFRA CONSULTING ENGINEERS PRIVATE LIMITED,1180000.00, 0.00,,0.00,,0,0, Approved, 
ADTPL,Purchase Order,1332,1332,20-06-2024,Routine Maintenance Exp.,Special Works,Special Works,,Hexa Bolts,SUGUNA INDUSTRIES PVT LTD,283200.00, 0.00,,0.00,,0,0, Approved, 
ADTPL,Purchase Order,1585,1585,01-08-2024,Routine Maintenance Exp.,Special Works,Special Works,,Supply of Cold MIX ,INDIANOIL TOTAL PRIVATE LIMITED -Chennai,173250.00, 173250.00,,0.00,,0,0, Approved, 
ADTPL,Supplier Invoice,2356,1332,11-07-2024,Routine Maintenance Exp.,Special Works,Special Works,,Spacer -150mm X 75 mm X 5mm - 360 mm long,SUGUNA INDUSTRIES PVT LTD,0.00, ,0.00,683711.00,,0,0, Completed, 
ADTPL,Budget Balances,  , , 01-04-2024 ,Toll & Route Exp.,Agency Cost,Agency Cost,43660912.12,,,,,,,0.00,43660912.12,, , 
ADTPL,Supplier Invoice,1945,1080,10-06-2024,Toll & Route Exp.,Agency Cost,Agency Cost,,Toll Agency Cost,FAIRWAYS TOLL AND SECURITY SERVICES PVT LTD,0.00, ,0.00,376879.00,,,, Completed, 
ADTPL,Supplier Invoice,2308,1080,09-07-2024,Toll & Route Exp.,Agency Cost,Agency Cost,,Toll Agency Cost,FAIRWAYS TOLL AND SECURITY SERVICES PVT LTD,0.00, ,0.00,3287242.00,,0,0, Completed, 
ADTPL,Supplier Invoice,1768,1080,21-05-2024,Toll & Route Exp.,Agency Cost,Agency Cost,,Toll Agency Cost,FAIRWAYS TOLL AND SECURITY SERVICES PVT LTD,0.00, ,0.00,3289012.00,,0,0, Completed, 
ADTPL,Purchase Order,1080,1080,08-05-2024,Toll & Route Exp.,Agency Cost,Agency Cost,,Toll Agency Cost,FAIRWAYS TOLL AND SECURITY SERVICES PVT LTD,10881972.00, 0.00,,0.00,,0,0, Closed, 
ADTPL,Supplier Invoice,1769,1080,21-05-2024,Toll & Route Exp.,Agency Cost,Agency Cost,,Toll Agency Cost,FAIRWAYS TOLL AND SECURITY SERVICES PVT LTD,0.00, ,0.00,360345.00,,0,0, Completed, 
ADTPL,Purchase Order,1505,1505,22-07-2024,Toll & Route Exp.,Agency Cost,Agency Cost,,Toll Agency Cost,FAIRWAYS TOLL AND SECURITY SERVICES PVT LTD,29837486.00, 29837486.00,,0.00,,0,0, Approved, 
ADTPL,Supplier Invoice,2748,1505,16-08-2024,Toll & Route Exp.,Agency Cost,Agency Cost,,Toll Agency Cost,FAIRWAYS TOLL AND SECURITY SERVICES PVT LTD,0.00, ,0.00,3285684.00,,0,0, Completed, 
ADTPL,Supplier Invoice,1900,1080,06-06-2024,Toll & Route Exp.,Agency Cost,Agency Cost,,Toll Agency Cost,FAIRWAYS TOLL AND SECURITY SERVICES PVT LTD,0.00, ,0.00,3289012.00,,0,0, Completed, 
ADTPL,Supplier Invoice,2749,1505,16-08-2024,Toll & Route Exp.,Agency Cost,Agency Cost,,Toll Agency Cost,FAIRWAYS TOLL AND SECURITY SERVICES PVT LTD,0.00, ,0.00,360927.00,,0,0, Completed, 
ADTPL,Budget Balances,  , , 01-04-2024 ,Toll & Route Exp.,Internet Charges,Internet Charges,324500.00,,,,,,,0.00,324500.00,, , 
ADTPL,Supplier Invoice,2250,936,04-07-2024,Toll & Route Exp.,Internet Charges,Internet Charges,,DC - Internet Charges,Reliance Jio Infocomm Limited-Dichpally,0.00, ,0.00,32450.00,,,, Completed, 
ADTPL,Purchase Order,972,972,17-04-2024,Toll & Route Exp.,Internet Charges,Internet Charges,,DC - Internet Charges,Bharti Airtel Ltd - Internet Lease Line - Dichpally ,168150.00, 0.00,,0.00,,0,0, Approved, 
ADTPL,Supplier Invoice,1518,936,12-04-2024,Toll & Route Exp.,Internet Charges,Internet Charges,,DC - Internet Charges,Reliance Jio Infocomm Limited-Dichpally,0.00, ,0.00,38350.00,,0,0, Completed, 
ADTPL,Supplier Invoice,2058,972,18-06-2024,Toll & Route Exp.,Internet Charges,Internet Charges,,DC - Internet Charges,Bharti Airtel Ltd - Internet Lease Line - Dichpally ,0.00, ,0.00,56050.00,,0,0, Completed, 
ADTPL,Purchase Order,936,936,10-04-2024,Toll & Route Exp.,Internet Charges,Internet Charges,,DC - Internet Charges,Reliance Jio Infocomm Limited-Dichpally,153400.00, 0.00,,0.00,,0,0, Approved, 
ADTPL,Supplier Invoice,1564,972,24-04-2024,Toll & Route Exp.,Internet Charges,Internet Charges,,DC - Internet Charges,Bharti Airtel Ltd - Internet Lease Line - Dichpally ,0.00, ,0.00,56050.00,,0,0, Completed, 
ADTPL,Budget Balances,  , , 01-04-2024 ,Toll & Route Exp.,AMC for SWB (Essae Digitronics),AMC for SWB (Essae Digitronics),968304.00,,,,,,,0.00,968304.00,, , 
ADTPL,Supplier Invoice,2155,1300,27-06-2024,Toll & Route Exp.,AMC for SWB (Essae Digitronics),AMC for SWB (Essae Digitronics),,AMC for 10 Nos. WIM 3m wide & 2 Nos. WIM 3.5m wide,ashbee Systems Limited,0.00, ,0.00,181720.00,,,, Completed, 
ADTPL,Purchase Order,1300,1300,08-06-2024,Toll & Route Exp.,AMC for SWB (Essae Digitronics),AMC for SWB (Essae Digitronics),,AMC for 10 Nos. WIM 3m wide & 2 Nos. WIM 3.5m wide,ashbee Systems Limited,726880.00, 0.00,,0.00,,0,0, Approved, 
ADTPL,Budget Balances,  , , 01-04-2024 ,Toll & Route Exp.,Stamping Charges for WIM & SWB,Stamping Charges for WIM & SWB,280000.00,,,,,,,0.00,280000.00,, , 
ADTPL,Supplier Invoice,1914,1230,07-06-2024,Toll & Route Exp.,Stamping Charges for WIM & SWB,Stamping Charges for WIM & SWB,,Stamping of Medium Speed Weigh in Motion,VENTEK WEIGHING SYSTEMS,0.00, ,0.00,212400.00,,,, Completed, 
ADTPL,Purchase Order,1230,1230,31-05-2024,Toll & Route Exp.,Stamping Charges for WIM & SWB,Stamping Charges for WIM & SWB,,Stamping of Medium Speed Weigh in Motion,VENTEK WEIGHING SYSTEMS,212400.00, 0.00,,0.00,,0,0, Approved, 
ADTPL,Supplier Invoice,1914,1230,07-06-2024,Toll & Route Exp.,Stamping Charges for WIM & SWB,Stamping Charges for WIM & SWB,,Stamping of Static Weigh Bridge,VENTEK WEIGHING SYSTEMS,0.00, ,0.00,35400.00,,0,0, Completed, 
ADTPL,Purchase Order,1230,1230,31-05-2024,Toll & Route Exp.,Stamping Charges for WIM & SWB,Stamping Charges for WIM & SWB,,Stamping of Static Weigh Bridge,VENTEK WEIGHING SYSTEMS,35400.00, 0.00,,0.00,,0,0, Approved, 
ADTPL,Budget Balances,  , , 01-04-2024 ,Toll & Route Exp.,Firewall and TMS AMC,Firewall and TMS AMC,2430000.00,,,,,,,0.00,2430000.00,, , 
ADTPL,Supplier Invoice,2646,1302,07-08-2024,Toll & Route Exp.,Firewall and TMS AMC,Firewall and TMS AMC,,TMS AMC,Metro Infrasys Private Limited,0.00, ,0.00,590000.00,,,, Completed, 
ADTPL,Supplier Invoice,2760,1627,16-08-2024,Toll & Route Exp.,Firewall and TMS AMC,Firewall and TMS AMC,,Fortigate FG 60E 1 year 24x7 Bundle Renewal,Mass infonet Pvt Ltd.,0.00, ,0.00,56852.00,,0,0, Submitted, 
ADTPL,Purchase Order,1302,1302,08-06-2024,Toll & Route Exp.,Firewall and TMS AMC,Firewall and TMS AMC,,TMS AMC,Metro Infrasys Private Limited,2360000.00, 0.00,,0.00,,0,0, Approved, 
ADTPL,Supplier Invoice,2760,1627,16-08-2024,Toll & Route Exp.,Firewall and TMS AMC,Firewall and TMS AMC,,1 year Mass 8x5 Remote Support for FG60E,Mass infonet Pvt Ltd.,0.00, ,0.00,7080.00,,0,0, Submitted, 
ADTPL,Purchase Order,1627,1627,12-08-2024,Toll & Route Exp.,Firewall and TMS AMC,Firewall and TMS AMC,,Fortigate FG 60E 1 year 24x7 Bundle Renewal,Mass infonet Pvt Ltd.,56852.00, 56852.00,,0.00,,0,0, Approved, 
ADTPL,Purchase Order,1627,1627,12-08-2024,Toll & Route Exp.,Firewall and TMS AMC,Firewall and TMS AMC,,1 year Mass 8x5 Remote Support for FG60E,Mass infonet Pvt Ltd.,7080.00, 7080.00,,0.00,,0,0, Approved, 
ADTPL,Budget Balances,  , , 01-04-2024 ,Toll & Route Exp.,TMS and HTMS Spares,TMS and HTMS Spares,540000.00,,,,,,,0.00,540000.00,, , 
ADTPL,Operating Expense,4360,0,29-05-2024,Toll & Route Exp.,TMS and HTMS Spares,TMS and HTMS Spares,,cp plus 8 port poe switch ,Sattva System Integrators LLP,0.00, ,0.00,2950.00,,,, Completed, 
ADTPL,Operating Expense,4464,0,27-06-2024,Toll & Route Exp.,TMS and HTMS Spares,TMS and HTMS Spares,,1TB SATA SSD Crucial CT1000MX500SSD1,Sattva System Integrators LLP,0.00, ,0.00,6800.34,,0,0, Completed, 
ADTPL,Budget Balances,  , , 01-04-2024 ,Electrical,Electricity Bill Highway (Plaza),Electricity Bill Highway Plaza,12460000.00,,,,,,,0.00,12460000.00,, , 
ADTPL,Supplier Invoice,2337,1005,10-07-2024,Electrical,Electricity Bill Highway (Plaza),Electricity Bill Highway Plaza,,AAO/ERO/Rural/Nizamabad/,AAO/ERO/Rural/Nizamabad ,0.00, ,0.00,60067.00,,,, Completed, 
ADTPL,Supplier Invoice,1909,1004,06-06-2024,Electrical,Electricity Bill Highway (Plaza),Electricity Bill Highway Plaza,,AAO/ERO/Kamareddy/Rural,AAO/ERO/Kamareddy-Rural,0.00, ,0.00,135841.00,,0,0, Completed, 
ADTPL,Supplier Invoice,1686,1005,13-05-2024,Electrical,Electricity Bill Highway (Plaza),Electricity Bill Highway Plaza,,AAO/ERO/Rural/Nizamabad/,AAO/ERO/Rural/Nizamabad ,0.00, ,0.00,109034.00,,0,0, Completed, 
ADTPL,Purchase Order,1005,1005,25-04-2024,Electrical,Electricity Bill Highway (Plaza),Electricity Bill Highway Plaza,,AAO/ERO/Rural/Nizamabad/,AAO/ERO/Rural/Nizamabad ,7536000.00, 0.00,,0.00,,0,0, Approved, 
ADTPL,Supplier Invoice,1640,1003,06-05-2024,Electrical,Electricity Bill Highway (Plaza),Electricity Bill Highway Plaza,,Toll Plaza Electracity ,Toll Plaza Electracity ,0.00, ,0.00,203623.00,,0,0, Completed, 
ADTPL,Supplier Invoice,2051,1005,18-06-2024,Electrical,Electricity Bill Highway (Plaza),Electricity Bill Highway Plaza,,AAO/ERO/Rural/Nizamabad/,AAO/ERO/Rural/Nizamabad ,0.00, ,0.00,6766.00,,0,0, Completed, 
ADTPL,Supplier Invoice,1758,1005,17-05-2024,Electrical,Electricity Bill Highway (Plaza),Electricity Bill Highway Plaza,,AAO/ERO/Rural/Nizamabad/,AAO/ERO/Rural/Nizamabad ,0.00, ,0.00,18982.00,,0,0, Completed, 
ADTPL,Supplier Invoice,2276,1003,05-07-2024,Electrical,Electricity Bill Highway (Plaza),Electricity Bill Highway Plaza,,Toll Plaza Electracity ,Toll Plaza Electracity ,0.00, ,0.00,223844.00,,0,0, Completed, 
ADTPL,Supplier Invoice,2346,1004,10-07-2024,Electrical,Electricity Bill Highway (Plaza),Electricity Bill Highway Plaza,,AAO/ERO/Kamareddy/Rural,AAO/ERO/Kamareddy-Rural,0.00, ,0.00,99514.00,,0,0, Completed, 
ADTPL,Supplier Invoice,2692,1005,09-08-2024,Electrical,Electricity Bill Highway (Plaza),Electricity Bill Highway Plaza,,AAO/ERO/Rural/Nizamabad/,AAO/ERO/Rural/Nizamabad ,0.00, ,0.00,73323.00,,0,0, Completed, 
ADTPL,Supplier Invoice,2637,1006,06-08-2024,Electrical,Electricity Bill Highway (Plaza),Electricity Bill Highway Plaza,,AAO/SUB-ERO/TSNPDCL/PERKIT/,AAO/SUB-ERO/TSNPDCL/PERKIT ,0.00, ,0.00,19080.00,,0,0, Completed, 
ADTPL,Purchase Order,1006,1006,25-04-2024,Electrical,Electricity Bill Highway (Plaza),Electricity Bill Highway Plaza,,AAO/SUB-ERO/TSNPDCL/PERKIT/,AAO/SUB-ERO/TSNPDCL/PERKIT ,544000.00, 0.00,,0.00,,0,0, Approved, 
ADTPL,Supplier Invoice,2719,1006,13-08-2024,Electrical,Electricity Bill Highway (Plaza),Electricity Bill Highway Plaza,,AAO/SUB-ERO/TSNPDCL/PERKIT/,AAO/SUB-ERO/TSNPDCL/PERKIT ,0.00, ,0.00,15552.00,,0,0, Completed, 
ADTPL,Supplier Invoice,2370,1006,12-07-2024,Electrical,Electricity Bill Highway (Plaza),Electricity Bill Highway Plaza,,AAO/SUB-ERO/TSNPDCL/PERKIT/,AAO/SUB-ERO/TSNPDCL/PERKIT ,0.00, ,0.00,10908.00,,0,0, Completed, 
ADTPL,Supplier Invoice,1656,1004,08-05-2024,Electrical,Electricity Bill Highway (Plaza),Electricity Bill Highway Plaza,,AAO/ERO/Kamareddy/Rural,AAO/ERO/Kamareddy-Rural,0.00, ,0.00,111374.00,,0,0, Completed, 
ADTPL,Supplier Invoice,2587,1003,05-08-2024,Electrical,Electricity Bill Highway (Plaza),Electricity Bill Highway Plaza,,Toll Plaza Electracity ,Toll Plaza Electracity ,0.00, ,0.00,220794.00,,0,0, Completed, 
ADTPL,Supplier Invoice,2630,1004,06-08-2024,Electrical,Electricity Bill Highway (Plaza),Electricity Bill Highway Plaza,,AAO/ERO/Kamareddy/Rural,AAO/ERO/Kamareddy-Rural,0.00, ,0.00,41411.00,,0,0, Completed, 
ADTPL,Supplier Invoice,1660,1005,08-05-2024,Electrical,Electricity Bill Highway (Plaza),Electricity Bill Highway Plaza,,AAO/ERO/Rural/Nizamabad/,AAO/ERO/Rural/Nizamabad ,0.00, ,0.00,299347.00,,0,0, Completed, 
ADTPL,Supplier Invoice,1960,1006,11-06-2024,Electrical,Electricity Bill Highway (Plaza),Electricity Bill Highway Plaza,,AAO/SUB-ERO/TSNPDCL/PERKIT/,AAO/SUB-ERO/TSNPDCL/PERKIT ,0.00, ,0.00,13863.00,,0,0, Completed, 
ADTPL,Supplier Invoice,1924,1006,07-06-2024,Electrical,Electricity Bill Highway (Plaza),Electricity Bill Highway Plaza,,AAO/SUB-ERO/TSNPDCL/PERKIT/,AAO/SUB-ERO/TSNPDCL/PERKIT ,0.00, ,0.00,23424.00,,0,0, Completed, 
ADTPL,Supplier Invoice,2347,1006,10-07-2024,Electrical,Electricity Bill Highway (Plaza),Electricity Bill Highway Plaza,,AAO/SUB-ERO/TSNPDCL/PERKIT/,AAO/SUB-ERO/TSNPDCL/PERKIT ,0.00, ,0.00,21798.00,,0,0, Completed, 
ADTPL,Supplier Invoice,2670,1004,08-08-2024,Electrical,Electricity Bill Highway (Plaza),Electricity Bill Highway Plaza,,AAO/ERO/Kamareddy/Rural,AAO/ERO/Kamareddy-Rural,0.00, ,0.00,95332.00,,0,0, Completed, 
ADTPL,Supplier Invoice,2295,1005,08-07-2024,Electrical,Electricity Bill Highway (Plaza),Electricity Bill Highway Plaza,,AAO/ERO/Rural/Nizamabad/,AAO/ERO/Rural/Nizamabad ,0.00, ,0.00,370330.00,,0,0, Completed, 
ADTPL,Supplier Invoice,1912,1005,06-06-2024,Electrical,Electricity Bill Highway (Plaza),Electricity Bill Highway Plaza,,AAO/ERO/Rural/Nizamabad/,AAO/ERO/Rural/Nizamabad ,0.00, ,0.00,64895.00,,0,0, Completed, 
ADTPL,Purchase Order,1003,1003,25-04-2024,Electrical,Electricity Bill Highway (Plaza),Electricity Bill Highway Plaza,,Toll Plaza Electracity ,Toll Plaza Electracity ,2460000.00, 0.00,,0.00,,0,0, Approved, 
ADTPL,Supplier Invoice,2031,1005,14-06-2024,Electrical,Electricity Bill Highway (Plaza),Electricity Bill Highway Plaza,,AAO/ERO/Rural/Nizamabad/,AAO/ERO/Rural/Nizamabad ,0.00, ,0.00,85067.00,,0,0, Completed, 
ADTPL,Supplier Invoice,1962,1005,11-06-2024,Electrical,Electricity Bill Highway (Plaza),Electricity Bill Highway Plaza,,AAO/ERO/Rural/Nizamabad/,AAO/ERO/Rural/Nizamabad ,0.00, ,0.00,177120.00,,0,0, Completed, 
ADTPL,Supplier Invoice,2639,1005,06-08-2024,Electrical,Electricity Bill Highway (Plaza),Electricity Bill Highway Plaza,,AAO/ERO/Rural/Nizamabad/,AAO/ERO/Rural/Nizamabad ,0.00, ,0.00,474761.00,,0,0, Completed, 
ADTPL,Supplier Invoice,2296,1004,08-07-2024,Electrical,Electricity Bill Highway (Plaza),Electricity Bill Highway Plaza,,AAO/ERO/Kamareddy/Rural,AAO/ERO/Kamareddy-Rural,0.00, ,0.00,40414.00,,0,0, Completed, 
ADTPL,Supplier Invoice,1891,1003,05-06-2024,Electrical,Electricity Bill Highway (Plaza),Electricity Bill Highway Plaza,,Toll Plaza Electracity ,Toll Plaza Electracity ,0.00, ,0.00,238333.00,,0,0, Completed, 
ADTPL,Supplier Invoice,1685,1006,13-05-2024,Electrical,Electricity Bill Highway (Plaza),Electricity Bill Highway Plaza,,AAO/SUB-ERO/TSNPDCL/PERKIT/,AAO/SUB-ERO/TSNPDCL/PERKIT ,0.00, ,0.00,17487.00,,0,0, Completed, 
ADTPL,Purchase Order,1004,1004,25-04-2024,Electrical,Electricity Bill Highway (Plaza),Electricity Bill Highway Plaza,,AAO/ERO/Kamareddy/Rural,AAO/ERO/Kamareddy-Rural,1920000.00, 0.00,,0.00,,0,0, Approved, 
ADTPL,Supplier Invoice,1918,1005,07-06-2024,Electrical,Electricity Bill Highway (Plaza),Electricity Bill Highway Plaza,,AAO/ERO/Rural/Nizamabad/,AAO/ERO/Rural/Nizamabad ,0.00, ,0.00,196930.00,,0,0, Completed, 
ADTPL,Supplier Invoice,2368,1005,12-07-2024,Electrical,Electricity Bill Highway (Plaza),Electricity Bill Highway Plaza,,AAO/ERO/Rural/Nizamabad/,AAO/ERO/Rural/Nizamabad ,0.00, ,0.00,53666.00,,0,0, Completed, 
ADTPL,Budget Balances,  , , 01-04-2024 ,Electrical,Hydra and DG Fuel Cost ,Electrical Repair,565000.00,,,,,,,0.00,565000.00,, , 
ADTPL,Supplier Invoice,2349,998,11-07-2024,Electrical,Hydra and DG Fuel Cost ,Electrical Repair,,Hydra and DG Fuel Cost,Jagat Pran Service Station,0.00, ,0.00,55860.00,,,, Completed, 
ADTPL,Supplier Invoice,1869,998,04-06-2024,Electrical,Hydra and DG Fuel Cost ,Electrical Repair,,Hydra and DG Fuel Cost,Jagat Pran Service Station,0.00, ,0.00,93195.00,,0,0, Completed, 
ADTPL,Supplier Invoice,1624,998,03-05-2024,Electrical,Hydra and DG Fuel Cost ,Electrical Repair,,Hydra and DG Fuel Cost,Jagat Pran Service Station,0.00, ,0.00,8751.00,,0,0, Completed, 
ADTPL,Supplier Invoice,2618,998,06-08-2024,Electrical,Hydra and DG Fuel Cost ,Electrical Repair,,Hydra and DG Fuel Cost,Jagat Pran Service Station,0.00, ,0.00,52699.00,,0,0, Completed, 
ADTPL,Purchase Order,998,998,25-04-2024,Electrical,Hydra and DG Fuel Cost ,Electrical Repair,,Hydra and DG Fuel Cost,Jagat Pran Service Station,560616.00, 1121232.00,,0.00,,0,0, Approved, 
ADTPL,Budget Balances,  , , 01-04-2024 ,Electrical,DG and UPS AMC,Plaza Transformer Inspection charges & AMC,139500.00,,,,,,,0.00,139500.00,, , 
ADTPL,Purchase Order,1427,1427,03-07-2024,Electrical,DG and UPS AMC,Plaza Transformer Inspection charges & AMC,,AMC UPS ,NOVATEUR ELECTRICAL & DIGITAL SYSTEMS PRIVATE LIMITED,83080.00, 83080.00,,0.00,,,, Approved, 
ADTPL,Purchase Order,1496,1496,17-07-2024,Electrical,DG and UPS AMC,Plaza Transformer Inspection charges & AMC,,125 KVA DG Set  AMC,Creative Power Solutions,21240.00, 21240.00,,0.00,,0,0, Approved, 
ADTPL,Budget Balances,  , , 01-04-2024 ,Electrical,Electrical Repair,AC Units AMC / Maintenance,1000215.41,,,,,,,0.00,1000215.41,, , 
ADTPL,Supplier Invoice,1757,1043,16-05-2024,Electrical,Electrical Repair,AC Units AMC / Maintenance,,Wall Mount Fan - High Speed - 400mm,Dattu Electricals,0.00, ,0.00,4068.00,,,, Completed, 
ADTPL,Operating Expense,4372,0,30-05-2024,Electrical,Electrical Repair,AC Units AMC / Maintenance,,Additional Copper Pipe for AC Installation ,Focus Air Conditioning Solutions,0.00, ,0.00,9399.88,,0,0, Completed, 
ADTPL,Operating Expense,4502,0,05-07-2024,Electrical,Electrical Repair,AC Units AMC / Maintenance,,20A AC Metal Plug,Dattu Electricals,0.00, ,0.00,483.00,,0,0, Completed, 
ADTPL,Operating Expense,4461,0,24-06-2024,Electrical,Electrical Repair,AC Units AMC / Maintenance,,AC Installation / Refixing,Focus Air Conditioning Solutions,0.00, ,0.00,5499.98,,0,0, Completed, 
ADTPL,Purchase Order,1043,1043,03-05-2024,Electrical,Electrical Repair,AC Units AMC / Maintenance,,Wall Mount Fan - High Speed - 400mm,Dattu Electricals,4800.00, 0.00,,0.00,,0,0, Closed, 
ADTPL,Operating Expense,4502,0,05-07-2024,Electrical,Electrical Repair,AC Units AMC / Maintenance,,16A Socket,Dattu Electricals,0.00, ,0.00,1530.48,,0,0, Completed, 
ADTPL,Purchase Order,1043,1043,03-05-2024,Electrical,Electrical Repair,AC Units AMC / Maintenance,,LED TUBE LIGHT 10 W,Dattu Electricals,720.00, 0.00,,0.00,,0,0, Closed, 
ADTPL,Operating Expense,4502,0,05-07-2024,Electrical,Electrical Repair,AC Units AMC / Maintenance,,2 Pole IP65 Enclosure,Dattu Electricals,0.00, ,0.00,381.00,,0,0, Completed, 
ADTPL,Purchase Order,1029,1029,01-05-2024,Electrical,Electrical Repair,AC Units AMC / Maintenance,,M20 x 750 mm foundation bolts for pole 4 nos,Bharatia Technical Services   ,10974.00, 0.00,,0.00,,0,0, Closed, 
ADTPL,Operating Expense,4502,0,05-07-2024,Electrical,Electrical Repair,AC Units AMC / Maintenance,,16A Switch,Dattu Electricals,0.00, ,0.00,1198.00,,0,0, Completed, 
ADTPL,Supplier Invoice,1772,1029,22-05-2024,Electrical,Electrical Repair,AC Units AMC / Maintenance,,M20 x 750 mm foundation bolts for pole 4 nos,Bharatia Technical Services   ,0.00, ,0.00,10974.00,,0,0, Completed, 
ADTPL,Operating Expense,4459,0,25-06-2024,Electrical,Electrical Repair,AC Units AMC / Maintenance,,PCB for AC Indoor/ Outdoor Unit,Focus Air Conditioning Solutions,0.00, ,0.00,7499.90,,0,0, Completed, 
ADTPL,Purchase Order,1043,1043,03-05-2024,Electrical,Electrical Repair,AC Units AMC / Maintenance,,RCCB 40A DP 30mA,Dattu Electricals,4350.00, 0.00,,0.00,,0,0, Closed, 
ADTPL,Operating Expense,4502,0,05-07-2024,Electrical,Electrical Repair,AC Units AMC / Maintenance,,12 Modular Surface Box,Dattu Electricals,0.00, ,0.00,186.00,,0,0, Completed, 
ADTPL,Purchase Order,1029,1029,01-05-2024,Electrical,Electrical Repair,AC Units AMC / Maintenance,, Transportation,Bharatia Technical Services   ,1416.00, 0.00,,0.00,,0,0, Closed, 
ADTPL,Operating Expense,4502,0,05-07-2024,Electrical,Electrical Repair,AC Units AMC / Maintenance,,Fan Step Dimmer,Dattu Electricals,0.00, ,0.00,1101.70,,0,0, Completed, 
ADTPL,Supplier Invoice,1757,1043,16-05-2024,Electrical,Electrical Repair,AC Units AMC / Maintenance,,LED TUBE LIGHT 10 W,Dattu Electricals,0.00, ,0.00,610.00,,0,0, Completed, 
ADTPL,Supplier Invoice,1772,1029,22-05-2024,Electrical,Electrical Repair,AC Units AMC / Maintenance,, Transportation,Bharatia Technical Services   ,0.00, ,0.00,1416.00,,0,0, Completed, 
ADTPL,Operating Expense,4460,0,24-06-2024,Electrical,Electrical Repair,AC Units AMC / Maintenance,,LED LIGHT 20W,Dattu Electricals,0.00, ,0.00,2999.81,,0,0, Completed, 
ADTPL,Operating Expense,4502,0,05-07-2024,Electrical,Electrical Repair,AC Units AMC / Maintenance,,12 Modular Plate,Dattu Electricals,0.00, ,0.00,255.94,,0,0, Completed, 
ADTPL,Operating Expense,4502,0,05-07-2024,Electrical,Electrical Repair,AC Units AMC / Maintenance,,Blank Switch,Dattu Electricals,0.00, ,0.00,2034.00,,0,0, Completed, 
ADTPL,Supplier Invoice,1757,1043,16-05-2024,Electrical,Electrical Repair,AC Units AMC / Maintenance,,RCCB 40A DP 30mA,Dattu Electricals,0.00, ,0.00,3686.00,,0,0, Completed, 
ADTPL,Operating Expense,4460,0,24-06-2024,Electrical,Electrical Repair,AC Units AMC / Maintenance,,LED LIGHT 24W,Dattu Electricals,0.00, ,0.00,4999.91,,0,0, Completed, 
ADTPL,Operating Expense,4502,0,05-07-2024,Electrical,Electrical Repair,AC Units AMC / Maintenance,,6A Switch,Dattu Electricals,0.00, ,0.00,745.60,,0,0, Completed, 
ADTPL,Operating Expense,4502,0,05-07-2024,Electrical,Electrical Repair,AC Units AMC / Maintenance,,Tester,Dattu Electricals,0.00, ,0.00,169.48,,0,0, Completed, 
ADTPL,Budget Balances,  , , 01-04-2024 ,Personal Exp.,Mobile Reimbursement,Mobile Reimbursement,348216.00,,,,,,,0.00,348216.00,, , 
ADTPL,Supplier Invoice,2488,1165,24-07-2024,Personal Exp.,Mobile Reimbursement,Mobile Reimbursement,,Mobile Bill Reimbursement,Bharti Airtel Ltd - CUG - Dichpally,0.00, ,0.00,15033.00,,,, Completed, 
ADTPL,Supplier Invoice,2218,1165,03-07-2024,Personal Exp.,Mobile Reimbursement,Mobile Reimbursement,,Mobile Bill Reimbursement,Bharti Airtel Ltd - CUG - Dichpally,0.00, ,0.00,10615.00,,0,0, Completed, 
ADTPL,Regular Expense,4782,0,16-08-2024,Personal Exp.,Mobile Reimbursement,Mobile Reimbursement,,Mobile Bill Reimbursement,Sandeep Kumar Verma,0.00, ,0.00,2.00,,0,0, Draft, 
ADTPL,Supplier Invoice,1787,1165,23-05-2024,Personal Exp.,Mobile Reimbursement,Mobile Reimbursement,,Mobile Bill Reimbursement,Bharti Airtel Ltd - CUG - Dichpally,0.00, ,0.00,8996.00,,0,0, Completed, 
ADTPL,Regular Expense,4519,0,08-07-2024,Personal Exp.,Mobile Reimbursement,Mobile Reimbursement,,Mobile Bill / Data Card,Yogita Shetye,0.00, ,0.00,590.00,,0,0, Completed, 
ADTPL,Operating Expense,4379,0,03-06-2024,Personal Exp.,Mobile Reimbursement,Mobile Reimbursement,,ECB IOT SIM charges ,Bharti Airtel Limited - DC M2M ,0.00, ,0.00,4177.20,,0,0, Completed, 
ADTPL,Regular Expense,4348,0,01-06-2024,Personal Exp.,Mobile Reimbursement,Mobile Reimbursement,,Mobile Bill / Data Card,Yogita Shetye,0.00, ,0.00,588.00,,0,0, Completed, 
ADTPL,Regular Expense,4628,0,23-07-2024,Personal Exp.,Mobile Reimbursement,Mobile Reimbursement,,Mobile Bill / Data Card,Mohan Pradhan,0.00, ,0.00,180.00,,0,0, Completed, 
ADTPL,Regular Expense,4447,0,22-06-2024,Personal Exp.,Mobile Reimbursement,Mobile Reimbursement,,Mobile Bill Reimbursement,Sandeep Kumar Verma,0.00, ,0.00,1016.00,,0,0, Completed, 
ADTPL,Regular Expense,4657,0,30-07-2024,Personal Exp.,Mobile Reimbursement,Mobile Reimbursement,,Mobile Bill / Data Card,Anjali Mohit Sharma,0.00, ,0.00,1038.00,,0,0, Completed, 
ADTPL,Supplier Invoice,2219,1165,03-07-2024,Personal Exp.,Mobile Reimbursement,Mobile Reimbursement,,Mobile Bill Reimbursement,Bharti Airtel Ltd - CUG - Dichpally,0.00, ,0.00,12006.00,,0,0, Completed, 
ADTPL,Regular Expense,4783,0,16-08-2024,Personal Exp.,Mobile Reimbursement,Mobile Reimbursement,,Mobile Bill / Data Card,Sandeep Kumar Verma,0.00, ,0.00,2601.78,,0,0, Submitted, 
ADTPL,Regular Expense,4519,0,08-07-2024,Personal Exp.,Mobile Reimbursement,Mobile Reimbursement,,Mobile Bill / Data Card,Yogita Shetye,0.00, ,0.00,590.00,,0,0, Completed, 
ADTPL,Regular Expense,4628,0,23-07-2024,Personal Exp.,Mobile Reimbursement,Mobile Reimbursement,,Mobile Bill / Data Card,Mohan Pradhan,0.00, ,0.00,502.00,,0,0, Completed, 
ADTPL,Regular Expense,4469,0,27-06-2024,Personal Exp.,Mobile Reimbursement,Mobile Reimbursement,,Mobile Bill / Data Card,Mohan Pradhan,0.00, ,0.00,499.00,,0,0, Completed, 
ADTPL,Regular Expense,4447,0,22-06-2024,Personal Exp.,Mobile Reimbursement,Mobile Reimbursement,,Mobile Bill Reimbursement,Sandeep Kumar Verma,0.00, ,0.00,209.00,,0,0, Completed, 
ADTPL,Regular Expense,4604,0,18-07-2024,Personal Exp.,Mobile Reimbursement,Mobile Reimbursement,,Mobile Bill / Data Card,Mohan Pradhan,0.00, ,0.00,449.00,,0,0, Completed, 
ADTPL,Regular Expense,4546,0,10-07-2024,Personal Exp.,Mobile Reimbursement,Mobile Reimbursement,,Mobile Bill / Data Card,Yogita Shetye,0.00, ,0.00,239.00,,0,0, Completed, 
ADTPL,Regular Expense,3878,0,30-04-2024,Personal Exp.,Mobile Reimbursement,Mobile Reimbursement,,Mobile Bill / Data Card,Anjali Mohit Sharma,0.00, ,0.00,2076.00,,0,0, Completed, 
ADTPL,Regular Expense,4447,0,22-06-2024,Personal Exp.,Mobile Reimbursement,Mobile Reimbursement,,Mobile Bill Reimbursement,Sandeep Kumar Verma,0.00, ,0.00,209.00,,0,0, Completed, 
ADTPL,Purchase Order,1165,1165,22-05-2024,Personal Exp.,Mobile Reimbursement,Mobile Reimbursement,,Mobile Bill Reimbursement,Bharti Airtel Ltd - CUG - Dichpally,186000.00, 0.00,,0.00,,0,0, Approved, 
ADTPL,Regular Expense,4759,0,13-08-2024,Personal Exp.,Mobile Reimbursement,Mobile Reimbursement,,Mobile Bill Reimbursement,Goteti Laskhmi Narayan Murhty,0.00, ,0.00,600.00,,0,0, Completed, 
ADTPL,Regular Expense,4497,0,03-07-2024,Personal Exp.,Mobile Reimbursement,Mobile Reimbursement,,Mobile Bill / Data Card,Anjali Mohit Sharma,0.00, ,0.00,3114.00,,0,0, Completed, 
ADTPL,Regular Expense,4288,0,22-05-2024,Personal Exp.,Mobile Reimbursement,Mobile Reimbursement,,Mobile Bill Reimbursement,Sandeep Kumar Verma,0.00, ,0.00,1016.00,,0,0, Completed, 
ADTPL,Regular Expense,4147,0,01-05-2024,Personal Exp.,Mobile Reimbursement,Mobile Reimbursement,,Mobile Bill Reimbursement,Sandeep Kumar Verma,0.00, ,0.00,914.00,,0,0, Completed, 
ADTPL,Operating Expense,4507,0,03-07-2024,Personal Exp.,Mobile Reimbursement,Mobile Reimbursement,,ECB IOT SIM charges ,Bharti Airtel Limited - DC M2M ,0.00, ,0.00,1531.64,,0,0, Completed, 
ADTPL,Regular Expense,4781,0,16-08-2024,Personal Exp.,Mobile Reimbursement,Mobile Reimbursement,,Mobile Bill Reimbursement,Sandeep Kumar Verma,0.00, ,0.00,2.00,,0,0, Draft, 
ADTPL,Regular Expense,4519,0,08-07-2024,Personal Exp.,Mobile Reimbursement,Mobile Reimbursement,,Mobile Bill / Data Card,Yogita Shetye,0.00, ,0.00,590.00,,0,0, Completed, 
ADTPL,Operating Expense,4280,0,03-05-2024,Personal Exp.,Mobile Reimbursement,Mobile Reimbursement,,ECB IOT SIM charges ,Bharti Airtel Limited - DC M2M ,0.00, ,0.00,4177.20,,0,0, Completed, 
ADTPL,Budget Balances,  , , 01-04-2024 ,Personal Exp.,Family Outing,Family Outing,300000.00,,,,,,,0.00,300000.00,, , 
ADTPL,Purchase Order,1629,1629,12-08-2024,Personal Exp.,Family Outing,Family Outing,,Family Outing -Tripura Resort,Tripura Resorts,230471.00, 230471.00,,0.00,,,, Approved, 
ADTPL,Budget Balances,  , , 01-04-2024 ,Personal Exp.,Payroll Processing Fees,Payroll Processing Fees,264000.00,,,,,,,0.00,264000.00,, , 
ADTPL,Supplier Invoice,2082,1319,20-06-2024,Personal Exp.,Payroll Processing Fees,Payroll Processing Fees,,Payroll cost,Grant Thornton,0.00, ,0.00,24916.00,,,, Completed, 
ADTPL,Purchase Order,1319,1319,12-06-2024,Personal Exp.,Payroll Processing Fees,Payroll Processing Fees,,Payroll cost,Grant Thornton,249157.00, 0.00,,0.00,,0,0, Approved, 
ADTPL,Budget Balances,  , , 01-04-2024 ,Vehicle Running & Maintenance Exp.,Vehicle Hire Charges,Vehicle Hire Charges,658350.00,,,,,,,0.00,658350.00,, , 
ADTPL,Purchase Order,1561,1561,26-07-2024,Vehicle Running & Maintenance Exp.,Vehicle Hire Charges,Vehicle Hire Charges,,VEHICLE HIRE CHARGES,Kanaka Durga Travels,99750.00, 99750.00,,0.00,,,, Approved, 
ADTPL,Purchase Order,996,996,25-04-2024,Vehicle Running & Maintenance Exp.,Vehicle Hire Charges,Vehicle Hire Charges,,VEHICLE HIRE CHARGES,Kanaka Durga Travels,116010.00, 0.00,,0.00,,0,0, Closed, 
ADTPL,Supplier Invoice,1622,996,03-05-2024,Vehicle Running & Maintenance Exp.,Vehicle Hire Charges,Vehicle Hire Charges,,VEHICLE HIRE CHARGES,Kanaka Durga Travels,0.00, ,0.00,36750.00,,0,0, Completed, 
ADTPL,Purchase Order,993,993,25-04-2024,Vehicle Running & Maintenance Exp.,Vehicle Hire Charges,Vehicle Hire Charges,,VEHICLE HIRE CHARGES,Kanaka Durga Travels,152988.00, 0.00,,0.00,,0,0, Closed, 
ADTPL,Supplier Invoice,2685,1561,09-08-2024,Vehicle Running & Maintenance Exp.,Vehicle Hire Charges,Vehicle Hire Charges,,VEHICLE HIRE CHARGES,Kanaka Durga Travels,0.00, ,0.00,47500.00,,0,0, Completed, 
ADTPL,Purchase Order,1562,1562,26-07-2024,Vehicle Running & Maintenance Exp.,Vehicle Hire Charges,Vehicle Hire Charges,,VEHICLE HIRE CHARGES,Raj Bharath,80850.00, 80850.00,,0.00,,0,0, Approved, 
ADTPL,Purchase Order,997,997,25-04-2024,Vehicle Running & Maintenance Exp.,Vehicle Hire Charges,Vehicle Hire Charges,,VEHICLE HIRE CHARGES,Raj Bharath,122238.00, 0.00,,0.00,,0,0, Closed, 
ADTPL,Supplier Invoice,2350,993,11-07-2024,Vehicle Running & Maintenance Exp.,Vehicle Hire Charges,Vehicle Hire Charges,,VEHICLE HIRE CHARGES,Kanaka Durga Travels,0.00, ,0.00,49875.00,,0,0, Completed, 
ADTPL,Supplier Invoice,1911,993,06-06-2024,Vehicle Running & Maintenance Exp.,Vehicle Hire Charges,Vehicle Hire Charges,,VEHICLE HIRE CHARGES,Kanaka Durga Travels,0.00, ,0.00,49875.00,,0,0, Completed, 
ADTPL,Supplier Invoice,2687,1560,09-08-2024,Vehicle Running & Maintenance Exp.,Vehicle Hire Charges,Vehicle Hire Charges,,VEHICLE HIRE CHARGES,Kanaka Durga Travels,0.00, ,0.00,35000.00,,0,0, Completed, 
ADTPL,Supplier Invoice,1870,996,04-06-2024,Vehicle Running & Maintenance Exp.,Vehicle Hire Charges,Vehicle Hire Charges,,VEHICLE HIRE CHARGES,Kanaka Durga Travels,0.00, ,0.00,37350.00,,0,0, Completed, 
ADTPL,Supplier Invoice,2351,997,11-07-2024,Vehicle Running & Maintenance Exp.,Vehicle Hire Charges,Vehicle Hire Charges,,VEHICLE HIRE CHARGES,Raj Bharath,0.00, ,0.00,40425.00,,0,0, Completed, 
ADTPL,Supplier Invoice,1626,993,03-05-2024,Vehicle Running & Maintenance Exp.,Vehicle Hire Charges,Vehicle Hire Charges,,VEHICLE HIRE CHARGES,Kanaka Durga Travels,0.00, ,0.00,49875.00,,0,0, Completed, 
ADTPL,Supplier Invoice,2688,1562,09-08-2024,Vehicle Running & Maintenance Exp.,Vehicle Hire Charges,Vehicle Hire Charges,,VEHICLE HIRE CHARGES,Raj Bharath,0.00, ,0.00,38500.00,,0,0, Completed, 
ADTPL,Supplier Invoice,1871,997,04-06-2024,Vehicle Running & Maintenance Exp.,Vehicle Hire Charges,Vehicle Hire Charges,,VEHICLE HIRE CHARGES,Raj Bharath,0.00, ,0.00,40635.00,,0,0, Completed, 
ADTPL,Supplier Invoice,2352,996,11-07-2024,Vehicle Running & Maintenance Exp.,Vehicle Hire Charges,Vehicle Hire Charges,,VEHICLE HIRE CHARGES,Kanaka Durga Travels,0.00, ,0.00,36750.00,,0,0, Completed, 
ADTPL,Purchase Order,1560,1560,26-07-2024,Vehicle Running & Maintenance Exp.,Vehicle Hire Charges,Vehicle Hire Charges,,VEHICLE HIRE CHARGES,Kanaka Durga Travels,73500.00, 73500.00,,0.00,,0,0, Approved, 
ADTPL,Supplier Invoice,1621,997,03-05-2024,Vehicle Running & Maintenance Exp.,Vehicle Hire Charges,Vehicle Hire Charges,,VEHICLE HIRE CHARGES,Raj Bharath,0.00, ,0.00,40425.00,,0,0, Completed, 
ADTPL,Budget Balances,  , , 01-04-2024 ,Vehicle Running & Maintenance Exp.,Vehicle Fuel,Vehicle Fuel,399800.00,,,,,,,0.00,399800.00,, , 
ADTPL,Supplier Invoice,1869,998,04-06-2024,Vehicle Running & Maintenance Exp.,Vehicle Fuel,Vehicle Fuel,,Vehicle Fuel,Jagat Pran Service Station,0.00, ,0.00,84884.00,,,, Completed, 
ADTPL,Supplier Invoice,1624,998,03-05-2024,Vehicle Running & Maintenance Exp.,Vehicle Fuel,Vehicle Fuel,,Vehicle Fuel,Jagat Pran Service Station,0.00, ,0.00,118815.00,,0,0, Completed, 
ADTPL,Supplier Invoice,2618,998,06-08-2024,Vehicle Running & Maintenance Exp.,Vehicle Fuel,Vehicle Fuel,,Vehicle Fuel,Jagat Pran Service Station,0.00, ,0.00,70395.00,,0,0, Completed, 
ADTPL,Purchase Order,998,998,25-04-2024,Vehicle Running & Maintenance Exp.,Vehicle Fuel,Vehicle Fuel,,Vehicle Fuel,Jagat Pran Service Station,399587.00, 0.00,,0.00,,0,0, Approved, 
ADTPL,Supplier Invoice,2349,998,11-07-2024,Vehicle Running & Maintenance Exp.,Vehicle Fuel,Vehicle Fuel,,Vehicle Fuel,Jagat Pran Service Station,0.00, ,0.00,87700.00,,0,0, Completed, 
ADTPL,Budget Balances,  , , 01-04-2024 ,Vehicle Running & Maintenance Exp.,Vehicle Repair and Maintenance,Vehicle Repair and Maintenance,69500.00,,,,,,,0.00,69500.00,, , 
ADTPL,Regular Expense,4647,0,27-07-2024,Vehicle Running & Maintenance Exp.,Vehicle Repair and Maintenance,Vehicle Repair and Maintenance,,Vehicle Repair and Maintenance,Goteti Laskhmi Narayan Murhty,0.00, ,0.00,650.00,,,, Completed, 
ADTPL,Operating Expense,4440,0,20-06-2024,Vehicle Running & Maintenance Exp.,Vehicle Repair and Maintenance,Vehicle Repair and Maintenance,,Vehicle Repair and Maintenance,M/s Sri Ganesh Motors Spares & Services,0.00, ,0.00,5484.00,,0,0, Completed, 
ADTPL,Operating Expense,4439,0,20-06-2024,Vehicle Running & Maintenance Exp.,Vehicle Repair and Maintenance,Vehicle Repair and Maintenance,,Vehicle Repair and Maintenance,M/s Sri Ganesh Motors Spares & Services,0.00, ,0.00,5484.00,,0,0, Draft, 
ADTPL,Budget Balances,  , , 01-04-2024 ,Safety & ESG Exp.,Safety Items,Safety Items,349500.00,,,,,,,0.00,349500.00,, , 
ADTPL,Supplier Invoice,2402,1420,15-07-2024,Safety & ESG Exp.,Safety Items,Safety Items,,Karam Safety Shoes for Staff,RAJ CORPORATION,0.00, ,0.00,12980.00,,,, Completed, 
ADTPL,Purchase Order,1420,1420,03-07-2024,Safety & ESG Exp.,Safety Items,Safety Items,,Transportation for Safety items,RAJ CORPORATION,590.00, 0.00,,0.00,,0,0, Approved, 
ADTPL,Purchase Order,1420,1420,03-07-2024,Safety & ESG Exp.,Safety Items,Safety Items,,Karam Safety Shoes for Staff,RAJ CORPORATION,12980.00, 11682.00,,0.00,,0,0, Approved, 
ADTPL,Supplier Invoice,2402,1420,15-07-2024,Safety & ESG Exp.,Safety Items,Safety Items,,Transportation for Safety items,RAJ CORPORATION,0.00, ,0.00,590.00,,0,0, Completed, 
ADTPL,Budget Balances,  , , 01-04-2024 ,Safety & ESG Exp.,ESG Related Exp.,ESG Related Exp.,470000.00,,,,,,,0.00,470000.00,, , 
ADTPL,Operating Expense,4351,0,20-05-2024,Safety & ESG Exp.,ESG Related Exp.,ESG Related Exp.,,Fire Extinguishers AMC,sumythri safety engineering,0.00, ,0.00,1770.00,,,, Completed, 
ADTPL,Regular Expense,4162,0,04-05-2024,Safety & ESG Exp.,ESG Related Exp.,ESG Related Exp.,,Safety Awareness Program for Local Public,Satish P,0.00, ,0.00,5000.00,,0,0, Completed, 
ADTPL,Supplier Invoice,2530,1351,29-07-2024,Safety & ESG Exp.,ESG Related Exp.,ESG Related Exp.,,AMC SERVICING OF A.B.C TYPE FIRE EXTINGUISHER,sumythri safety engineering,0.00, ,0.00,1664.00,,0,0, Completed, 
ADTPL,Purchase Order,1351,1351,22-06-2024,Safety & ESG Exp.,ESG Related Exp.,ESG Related Exp.,,AMC SERVICING OF A.B.C TYPE FIRE EXTINGUISHER,sumythri safety engineering,16638.00, 14974.00,,0.00,,0,0, Approved, 
ADTPL,Supplier Invoice,2357,1351,11-07-2024,Safety & ESG Exp.,ESG Related Exp.,ESG Related Exp.,,AMC SERVICING OF A.B.C TYPE FIRE EXTINGUISHER,sumythri safety engineering,0.00, ,0.00,1664.00,,0,0, Completed, 
ADTPL,Operating Expense,4492,0,04-07-2024,Safety & ESG Exp.,ESG Related Exp.,ESG Related Exp.,,Safety Shoes - SPV Staff,sumythri safety engineering,0.00, ,0.00,1904.00,,0,0, Completed, 
ADTPL,Supplier Invoice,2530,1351,29-07-2024,Safety & ESG Exp.,ESG Related Exp.,ESG Related Exp.,,AMC SERVICING OF CO2 TYPE FIRE EXTINGUISHER,sumythri safety engineering,0.00, ,0.00,106.00,,0,0, Completed, 
ADTPL,Purchase Order,1351,1351,22-06-2024,Safety & ESG Exp.,ESG Related Exp.,ESG Related Exp.,,AMC SERVICING OF CO2 TYPE FIRE EXTINGUISHER,sumythri safety engineering,1062.00, 956.00,,0.00,,0,0, Approved, 
ADTPL,Regular Expense,4413,0,12-06-2024,Safety & ESG Exp.,ESG Related Exp.,ESG Related Exp.,,World Environmental Day Celebration,Satish P,0.00, ,0.00,300.00,,0,0, Completed, 
ADTPL,Supplier Invoice,2357,1351,11-07-2024,Safety & ESG Exp.,ESG Related Exp.,ESG Related Exp.,,AMC SERVICING OF CO2 TYPE FIRE EXTINGUISHER,sumythri safety engineering,0.00, ,0.00,106.00,,0,0, Completed, 
ADTPL,Regular Expense,4293,0,23-05-2024,Safety & ESG Exp.,ESG Related Exp.,ESG Related Exp.,,Safety Awareness Program for Local Public,Satish P,0.00, ,0.00,4620.00,,0,0, Completed, 
ADTPL,Budget Balances,  , , 01-04-2024 ,Safety & ESG Exp.,3rd Ambulance Deployment,3rd Ambulance Deployment,3600000.00,,,,,,,0.00,3600000.00,, , 
ADTPL,Purchase Order,1008,1008,26-04-2024,Safety & ESG Exp.,3rd Ambulance Deployment,3rd Ambulance Deployment,,3rd Ambulance,FAIRWAYS TOLL AND SECURITY SERVICES PVT LTD,1107140.00, 0.00,,0.00,,,, Approved, 
ADTPL,Supplier Invoice,2366,1008,12-07-2024,Safety & ESG Exp.,3rd Ambulance Deployment,3rd Ambulance Deployment,,3rd Ambulance,FAIRWAYS TOLL AND SECURITY SERVICES PVT LTD,0.00, ,0.00,368778.00,,0,0, Completed, 
ADTPL,Supplier Invoice,2661,1559,07-08-2024,Safety & ESG Exp.,3rd Ambulance Deployment,3rd Ambulance Deployment,,3rd Ambulance,FAIRWAYS TOLL AND SECURITY SERVICES PVT LTD,0.00, ,0.00,380590.00,,0,0, Completed, 
ADTPL,Supplier Invoice,1899,1008,06-06-2024,Safety & ESG Exp.,3rd Ambulance Deployment,3rd Ambulance Deployment,,3rd Ambulance,FAIRWAYS TOLL AND SECURITY SERVICES PVT LTD,0.00, ,0.00,368933.00,,0,0, Completed, 
ADTPL,Purchase Order,1559,1559,26-07-2024,Safety & ESG Exp.,3rd Ambulance Deployment,3rd Ambulance Deployment,,3rd Ambulance,FAIRWAYS TOLL AND SECURITY SERVICES PVT LTD,2217921.00, 0.00,,0.00,,0,0, Approved, 
ADTPL,Supplier Invoice,1620,1008,03-05-2024,Safety & ESG Exp.,3rd Ambulance Deployment,3rd Ambulance Deployment,,3rd Ambulance,FAIRWAYS TOLL AND SECURITY SERVICES PVT LTD,0.00, ,0.00,368829.00,,0,0, Completed, 
ADTPL,Budget Balances,  , , 01-04-2024 ,Safety & ESG Exp.,Environmental Monitoring,Environmental Monitoring,124000.00,,,,,,,0.00,124000.00,, , 
ADTPL,Purchase Order,1167,1167,22-05-2024,Safety & ESG Exp.,Environmental Monitoring,Environmental Monitoring,,Environmental Monitoring Test,Care Labs,54162.00, 0.00,,0.00,,,, Approved, 
ADTPL,Supplier Invoice,2145,1167,26-06-2024,Safety & ESG Exp.,Environmental Monitoring,Environmental Monitoring,,Environmental Monitoring Test,Care Labs,0.00, ,0.00,54162.00,,0,0, Completed, 
ADTPL,Budget Balances,  , , 01-04-2024 ,Other Expenses,IE Fee,IE Fee,10032500.00,,,,,,,0.00,10032500.00,, , 
ADTPL,Supplier Invoice,2507,1425,26-07-2024,Other Expenses,IE Fee,IE Fee,,IE Fees,NHAI-PD-KAMAREDDY,0.00, ,0.00,784501.00,,,, Completed, 
ADTPL,Supplier Invoice,2508,1425,26-07-2024,Other Expenses,IE Fee,IE Fee,,IE Fees,NHAI-PD-KAMAREDDY,0.00, ,0.00,716918.00,,0,0, Completed, 
ADTPL,Purchase Order,1425,1425,03-07-2024,Other Expenses,IE Fee,IE Fee,,IE Fees,NHAI-PD-KAMAREDDY,10032500.00, 10032500.00,,0.00,,0,0, Approved, 
ADTPL,Supplier Invoice,2512,1425,26-07-2024,Other Expenses,IE Fee,IE Fee,,IE Fees,NHAI-PD-KAMAREDDY,0.00, ,0.00,716792.00,,0,0, Completed, 
ADTPL,Budget Balances,  , , 01-04-2024 ,Other Expenses,Legal & Professional Fees ,Legal & Professional Fees ,2343271.86,,,,,,,0.00,2343271.86,, , 
ADTPL,Supplier Invoice,1669,954,09-05-2024,Other Expenses,Legal & Professional Fees ,Legal & Professional Fees ,,AnnualSubscription Fee,NHBF,0.00, ,0.00,100000.00,,,, Completed, 
ADTPL,Purchase Order,1417,1417,02-07-2024,Other Expenses,Legal & Professional Fees ,Legal & Professional Fees ,,Professional fees-compliance certificate -SD,Sandip Shah & co,11800.00, 0.00,,0.00,,0,0, Approved, 
ADTPL,Supplier Invoice,2524,1464,29-07-2024,Other Expenses,Legal & Professional Fees ,Legal & Professional Fees ,,Professional fees for Additional support-Protivity,Protiviti India Member Private Limited,0.00, ,0.00,39333.00,,0,0, Completed, 
ADTPL,Supplier Invoice,2038,1171,14-06-2024,Other Expenses,Legal & Professional Fees ,Legal & Professional Fees ,,Legal & Profession Fees  ,Protiviti India Member Private Limited,0.00, ,0.00,25286.00,,0,0, Completed, 
ADTPL,Purchase Order,1171,1171,23-05-2024,Other Expenses,Legal & Professional Fees ,Legal & Professional Fees ,,Legal & Profession Fees  ,Protiviti India Member Private Limited,50572.00, 0.00,,0.00,,0,0, Approved, 
ADTPL,Purchase Order,1293,1293,07-06-2024,Other Expenses,Legal & Professional Fees ,Legal & Professional Fees ,,Actuarial Valuation Fees,KP Actuaries and Consultants LLP,20650.00, 0.00,,0.00,,0,0, Approved, 
ADTPL,Supplier Invoice,2265,1177,05-07-2024,Other Expenses,Legal & Professional Fees ,Legal & Professional Fees ,,Legal & Profession Fees  ,Protiviti India Member Private Limited,0.00, ,0.00,18543.00,,0,0, Completed, 
ADTPL,Purchase Order,958,958,15-04-2024,Other Expenses,Legal & Professional Fees ,Legal & Professional Fees ,,NSDL Annual Custody Fees FY 24-25,National Securities Depository Limited (For Athaang infrastructure ),88500.00, 0.00,,0.00,,0,0, Approved, 
ADTPL,Purchase Order,1374,1374,24-06-2024,Other Expenses,Legal & Professional Fees ,Legal & Professional Fees ,,Audit Support-23-24,Protiviti India Member Private Limited,73329.00, 0.00,,0.00,,0,0, Approved, 
ADTPL,Purchase Order,1177,1177,23-05-2024,Other Expenses,Legal & Professional Fees ,Legal & Professional Fees ,,Legal & Profession Fees  ,Protiviti India Member Private Limited,222510.00, 0.00,,0.00,,0,0, Approved, 
ADTPL,Supplier Invoice,2283,1177,08-07-2024,Other Expenses,Legal & Professional Fees ,Legal & Professional Fees ,,Legal & Profession Fees  ,Protiviti India Member Private Limited,0.00, ,0.00,1117.00,,0,0, Completed, 
ADTPL,Supplier Invoice,2237,1374,03-07-2024,Other Expenses,Legal & Professional Fees ,Legal & Professional Fees ,,Audit Support-23-24,Protiviti India Member Private Limited,0.00, ,0.00,73329.00,,0,0, Completed, 
ADTPL,Purchase Order,1417,1417,02-07-2024,Other Expenses,Legal & Professional Fees ,Legal & Professional Fees ,,Professional fees-DSCR certificate-SD,Sandip Shah & co,11800.00, 0.00,,0.00,,0,0, Approved, 
ADTPL,Supplier Invoice,1821,1171,28-05-2024,Other Expenses,Legal & Professional Fees ,Legal & Professional Fees ,,Legal & Profession Fees  ,Protiviti India Member Private Limited,0.00, ,0.00,25286.00,,0,0, Completed, 
ADTPL,Supplier Invoice,2309,1417,09-07-2024,Other Expenses,Legal & Professional Fees ,Legal & Professional Fees ,,Professional fees-compliance certificate -SD,Sandip Shah & co,0.00, ,0.00,11800.00,,0,0, Completed, 
ADTPL,Supplier Invoice,2039,1177,14-06-2024,Other Expenses,Legal & Professional Fees ,Legal & Professional Fees ,,Legal & Profession Fees  ,Protiviti India Member Private Limited,0.00, ,0.00,18543.00,,0,0, Completed, 
ADTPL,Supplier Invoice,1826,1177,28-05-2024,Other Expenses,Legal & Professional Fees ,Legal & Professional Fees ,,Legal & Profession Fees  ,Protiviti India Member Private Limited,0.00, ,0.00,18543.00,,0,0, Completed, 
ADTPL,Operating Expense,4563,0,08-07-2024,Other Expenses,Legal & Professional Fees ,Legal & Professional Fees ,,Advance Tax working Q4 23-24,Sandip Shah & co,0.00, ,0.00,5900.00,,0,0, Submitted, 
ADTPL,Supplier Invoice,1843,1183,01-06-2024,Other Expenses,Legal & Professional Fees ,Legal & Professional Fees ,,Legal & Profession Fees  ,Protiviti India Member Private Limited,0.00, ,0.00,29500.00,,0,0, Completed, 
ADTPL,Purchase Order,1464,1464,10-07-2024,Other Expenses,Legal & Professional Fees ,Legal & Professional Fees ,,Professional fees for Additional support-Protivity,Protiviti India Member Private Limited,39333.00, 0.00,,0.00,,0,0, Approved, 
ADTPL,Purchase Order,1183,1183,23-05-2024,Other Expenses,Legal & Professional Fees ,Legal & Professional Fees ,,Legal & Profession Fees  ,Protiviti India Member Private Limited,354000.00, 0.00,,0.00,,0,0, Approved, 
ADTPL,Purchase Order,954,954,15-04-2024,Other Expenses,Legal & Professional Fees ,Legal & Professional Fees ,,AnnualSubscription Fee,NHBF,118000.00, 0.00,,0.00,,0,0, Approved, 
ADTPL,Supplier Invoice,2213,1190,02-07-2024,Other Expenses,Legal & Professional Fees ,Legal & Professional Fees ,,Professional Fees-SD,Sandip Shah & co,0.00, ,0.00,23600.00,,0,0, Completed, 
ADTPL,Supplier Invoice,1550,958,18-04-2024,Other Expenses,Legal & Professional Fees ,Legal & Professional Fees ,,NSDL Annual Custody Fees FY 24-25,National Securities Depository Limited (For Athaang infrastructure ),0.00, ,0.00,88500.00,,0,0, Completed, 
ADTPL,Supplier Invoice,1996,1293,12-06-2024,Other Expenses,Legal & Professional Fees ,Legal & Professional Fees ,,Actuarial Valuation Fees,KP Actuaries and Consultants LLP,0.00, ,0.00,20650.00,,0,0, Completed, 
ADTPL,Supplier Invoice,2309,1417,09-07-2024,Other Expenses,Legal & Professional Fees ,Legal & Professional Fees ,,Professional fees-DSCR certificate-SD,Sandip Shah & co,0.00, ,0.00,11800.00,,0,0, Completed, 
ADTPL,Purchase Order,1270,1270,05-06-2024,Other Expenses,Legal & Professional Fees ,Legal & Professional Fees ,,Professional Fess-2023&2024.,Protiviti India Member Private Limited,26609.00, 0.00,,0.00,,0,0, Approved, 
ADTPL,Supplier Invoice,2001,1270,13-06-2024,Other Expenses,Legal & Professional Fees ,Legal & Professional Fees ,,Professional Fess-2023&2024.,Protiviti India Member Private Limited,0.00, ,0.00,26609.00,,0,0, Completed, 
ADTPL,Supplier Invoice,2214,1190,02-07-2024,Other Expenses,Legal & Professional Fees ,Legal & Professional Fees ,,Professional Fees-SD,Sandip Shah & co,0.00, ,0.00,23600.00,,0,0, Completed, 
ADTPL,Purchase Order,1190,1190,23-05-2024,Other Expenses,Legal & Professional Fees ,Legal & Professional Fees ,,Professional Fees-SD,Sandip Shah & co,47200.00, 0.00,,0.00,,0,0, Approved, 
ADTPL,Budget Balances,  , , 01-04-2024 ,Other Expenses,Advertisement & Publicity (Toll Fee),Advertisement & Publicity (Toll Fee),100000.00,,,,,,,0.00,100000.00,, , 
ADTPL,Purchase Order,1254,1254,05-06-2024,Other Expenses,Advertisement & Publicity (Toll Fee),Advertisement & Publicity (Toll Fee),,Advertisement Expenses,SRI S S ADVERTISING,97637.00, 0.00,,0.00,,,, Approved, 
ADTPL,Supplier Invoice,1989,1254,12-06-2024,Other Expenses,Advertisement & Publicity (Toll Fee),Advertisement & Publicity (Toll Fee),,Advertisement Expenses,SRI S S ADVERTISING,0.00, ,0.00,73256.00,,0,0, Completed, 
ADTPL,Supplier Invoice,2052,1254,18-06-2024,Other Expenses,Advertisement & Publicity (Toll Fee),Advertisement & Publicity (Toll Fee),,Advertisement Expenses,SRI S S ADVERTISING,0.00, ,0.00,24381.00,,0,0, Completed, 
ADTPL,Budget Balances,  , , 01-04-2024 ,Other Expenses,Misc. Expenses,Misc. Expenses,810846.00,,,,,,,0.00,810846.00,, , 
ADTPL,Regular Expense,4785,0,19-08-2024,Other Expenses,Misc. Expenses,Misc. Expenses,,Printing and Stationary Charges,Goteti Laskhmi Narayan Murhty,0.00, ,0.00,6020.00,,,, Submitted, 
ADTPL,Purchase Order,1047,1047,03-05-2024,Other Expenses,Misc. Expenses,Misc. Expenses,,RTO Registration Charges - Skylift DC,MUTYALA GANESH,109112.00, 109112.00,,0.00,,0,0, Approved, 
ADTPL,Supplier Invoice,1764,991,21-05-2024,Other Expenses,Misc. Expenses,Misc. Expenses,,Hooter - Fire Alarm,V4 FIRE PROTECTION SYSTEMS PRIVATE LIMITED,0.00, ,0.00,2620.00,,0,0, Completed, 
ADTPL,Purchase Order,991,991,24-04-2024,Other Expenses,Misc. Expenses,Misc. Expenses,,2C X 1.5 Sqmm,V4 FIRE PROTECTION SYSTEMS PRIVATE LIMITED,15576.00, 0.00,,0.00,,0,0, Closed, 
ADTPL,Regular Expense,4725,0,09-08-2024,Other Expenses,Misc. Expenses,Misc. Expenses,,Hp wireless mouse,Ganesh Kumar K,0.00, ,0.00,850.00,,0,0, Completed, 
ADTPL,Operating Expense,4326,0,25-05-2024,Other Expenses,Misc. Expenses,Misc. Expenses,,Pest Control Service,NATIONAL PEST CONTROL SERVICES,0.00, ,0.00,7670.00,,0,0, Completed, 
ADTPL,Regular Expense,4417,0,03-05-2024,Other Expenses,Misc. Expenses,Misc. Expenses,,Other Misc. Expenses,Krishnakanth Potini,0.00, ,0.00,1461.00,,0,0, Completed, 
ADTPL,Purchase Order,991,991,24-04-2024,Other Expenses,Misc. Expenses,Misc. Expenses,,Smoke Detector,V4 FIRE PROTECTION SYSTEMS PRIVATE LIMITED,15753.00, 0.00,,0.00,,0,0, Closed, 
ADTPL,Regular Expense,4580,0,13-07-2024,Other Expenses,Misc. Expenses,Misc. Expenses,,Other Misc. Expenses,Kamal Kumar Patel,0.00, ,0.00,560.00,,0,0, Completed, 
ADTPL,Operating Expense,4556,0,10-07-2024,Other Expenses,Misc. Expenses,Misc. Expenses,,Pooja Expenses-DT,Naresh Kumar Archarya,0.00, ,0.00,3750.00,,0,0, Completed, 
ADTPL,Supplier Invoice,1764,991,21-05-2024,Other Expenses,Misc. Expenses,Misc. Expenses,,Battery 7AH,V4 FIRE PROTECTION SYSTEMS PRIVATE LIMITED,0.00, ,0.00,1251.00,,0,0, Completed, 
ADTPL,Regular Expense,4479,0,29-06-2024,Other Expenses,Misc. Expenses,Misc. Expenses,,Vehicle Road Tax ,Goteti Laskhmi Narayan Murhty,0.00, ,0.00,1080.00,,0,0, Completed, 
ADTPL,Regular Expense,4759,0,13-08-2024,Other Expenses,Misc. Expenses,Misc. Expenses,,Printing and Stationary Charges,Goteti Laskhmi Narayan Murhty,0.00, ,0.00,750.00,,0,0, Completed, 
ADTPL,Operating Expense,4079,0,13-04-2024,Other Expenses,Misc. Expenses,Misc. Expenses,,Pest Control Service,NATIONAL PEST CONTROL SERVICES,0.00, ,0.00,7670.00,,0,0, Completed, 
ADTPL,Operating Expense,4557,0,15-07-2024,Other Expenses,Misc. Expenses,Misc. Expenses,,Printing and Stationary Charges,Sri Ganesh Book Depot,0.00, ,0.00,6170.00,,0,0, Completed, 
ADTPL,Supplier Invoice,1764,991,21-05-2024,Other Expenses,Misc. Expenses,Misc. Expenses,,Fire Alarm System,V4 FIRE PROTECTION SYSTEMS PRIVATE LIMITED,0.00, ,0.00,14042.00,,0,0, Completed, 
ADTPL,Operating Expense,4195,0,07-05-2024,Other Expenses,Misc. Expenses,Misc. Expenses,,Pooja Expenses-DT,Naresh Kumar Archarya,0.00, ,0.00,3750.00,,0,0, Completed, 
ADTPL,Purchase Order,991,991,24-04-2024,Other Expenses,Misc. Expenses,Misc. Expenses,,Manual Call Point,V4 FIRE PROTECTION SYSTEMS PRIVATE LIMITED,2301.00, 0.00,,0.00,,0,0, Closed, 
ADTPL,Regular Expense,4786,0,19-08-2024,Other Expenses,Misc. Expenses,Misc. Expenses,,Other Misc. Expenses,Goteti Laskhmi Narayan Murhty,0.00, ,0.00,3500.00,,0,0, Submitted, 
ADTPL,Regular Expense,4363,0,04-06-2024,Other Expenses,Misc. Expenses,Misc. Expenses,,Supply of Plumbing material for Plaza Building,Goteti Laskhmi Narayan Murhty,0.00, ,0.00,2120.00,,0,0, Completed, 
ADTPL,Supplier Invoice,1764,991,21-05-2024,Other Expenses,Misc. Expenses,Misc. Expenses,,2C X 1.5 Sqmm,V4 FIRE PROTECTION SYSTEMS PRIVATE LIMITED,0.00, ,0.00,15576.00,,0,0, Completed, 
ADTPL,Regular Expense,4128,0,29-04-2024,Other Expenses,Misc. Expenses,Misc. Expenses,,Vehicle Road Tax ,Krishnakanth Potini,0.00, ,0.00,21250.00,,0,0, Completed, 
ADTPL,Operating Expense,4512,0,03-07-2024,Other Expenses,Misc. Expenses,Misc. Expenses,,Pest Control Service,NATIONAL PEST CONTROL SERVICES,0.00, ,0.00,7670.00,,0,0, Completed, 
ADTPL,Supplier Invoice,1764,991,21-05-2024,Other Expenses,Misc. Expenses,Misc. Expenses,,Smoke Detector,V4 FIRE PROTECTION SYSTEMS PRIVATE LIMITED,0.00, ,0.00,15753.00,,0,0, Completed, 
ADTPL,Purchase Order,991,991,24-04-2024,Other Expenses,Misc. Expenses,Misc. Expenses,,Hooter - Fire Alarm,V4 FIRE PROTECTION SYSTEMS PRIVATE LIMITED,2620.00, 0.00,,0.00,,0,0, Closed, 
ADTPL,Regular Expense,4200,0,29-04-2024,Other Expenses,Misc. Expenses,Misc. Expenses,,Vehicle Road Tax ,Krishnakanth Potini,0.00, ,0.00,800.00,,0,0, Completed, 
ADTPL,Supplier Invoice,1764,991,21-05-2024,Other Expenses,Misc. Expenses,Misc. Expenses,,Manual Call Point,V4 FIRE PROTECTION SYSTEMS PRIVATE LIMITED,0.00, ,0.00,2301.00,,0,0, Completed, 
ADTPL,Operating Expense,4151,0,01-05-2024,Other Expenses,Misc. Expenses,Misc. Expenses,,Water Expenses,SRI HARI HARAN ,0.00, ,0.00,8700.00,,0,0, Completed, 
ADTPL,Purchase Order,991,991,24-04-2024,Other Expenses,Misc. Expenses,Misc. Expenses,,Battery 7AH,V4 FIRE PROTECTION SYSTEMS PRIVATE LIMITED,1251.00, 0.00,,0.00,,0,0, Closed, 
ADTPL,Regular Expense,4650,0,27-07-2024,Other Expenses,Misc. Expenses,Misc. Expenses,,Traffic & OD Survey ,Chalapathi Rao Challapali,0.00, ,0.00,21000.00,,0,0, Completed, 
ADTPL,Regular Expense,4098,0,23-04-2024,Other Expenses,Misc. Expenses,Misc. Expenses,,Printing and Stationary Charges,Krishnakanth Potini,0.00, ,0.00,775.00,,0,0, Completed, 
ADTPL,Operating Expense,4369,0,01-06-2024,Other Expenses,Misc. Expenses,Misc. Expenses,,Water Expenses,SRI HARI HARAN ,0.00, ,0.00,9135.00,,0,0, Completed, 
ADTPL,Operating Expense,4367,0,01-06-2024,Other Expenses,Misc. Expenses,Misc. Expenses,,Pooja Expenses-DT,Naresh Kumar Archarya,0.00, ,0.00,3750.00,,0,0, Completed, 
ADTPL,Purchase Order,991,991,24-04-2024,Other Expenses,Misc. Expenses,Misc. Expenses,,Fire Alarm System,V4 FIRE PROTECTION SYSTEMS PRIVATE LIMITED,14042.00, 0.00,,0.00,,0,0, Closed, 
ADTPL,Budget Balances,  , , 01-04-2024 ,Other Expenses,Staff Welfare,Staff Welfare,525000.00,,,,,,,0.00,525000.00,, , 
ADTPL,Travel Expense,4493,0,02-07-2024,Other Expenses,Staff Welfare,Staff Welfare,,Food & Beverages (Tea/Coffee/Water etc.) ,Tabraze Ahmed,0.00, ,0.00,229.00,,,, Completed, 
ADTPL,Regular Expense,3971,0,03-04-2024,Other Expenses,Staff Welfare,Staff Welfare,,Annual Day /Ind Day Expenses & Food & Beverages,Nallagoppula Uday Kumar Goud,0.00, ,0.00,610.00,,0,0, Completed, 
ADTPL,Travel Expense,4558,0,11-07-2024,Other Expenses,Staff Welfare,Staff Welfare,,Food & Beverages (Tea/Coffee/Water etc.) ,Tabraze Ahmed,0.00, ,0.00,347.00,,0,0, Completed, 
ADTPL,Supplier Invoice,1922,1245,07-06-2024,Other Expenses,Staff Welfare,Staff Welfare,,Staffwelfare/Food/Bavarage,LAHARI ARCADE,0.00, ,0.00,1651.00,,0,0, Completed, 
ADTPL,Purchase Order,1338,1338,21-06-2024,Other Expenses,Staff Welfare,Staff Welfare,,Staffwelfare/Food/Bavarage,Hotel Vamshee International,4887.00, 0.00,,0.00,,0,0, Approved, 
ADTPL,Regular Expense,4251,0,24-04-2024,Other Expenses,Staff Welfare,Staff Welfare,,Annual Day /Ind Day Expenses & Food & Beverages,Chalapathi Rao Challapali,0.00, ,0.00,3400.00,,0,0, Completed, 
ADTPL,Regular Expense,4270,0,16-05-2024,Other Expenses,Staff Welfare,Staff Welfare,,Travel Expenses,Nallagoppula Uday Kumar Goud,0.00, ,0.00,320.00,,0,0, Completed, 
ADTPL,Travel Expense,4562,0,11-07-2024,Other Expenses,Staff Welfare,Staff Welfare,,Food & Beverages (Tea/Coffee/Water etc.) ,S.V.Koteswara Rao,0.00, ,0.00,1014.00,,0,0, Completed, 
ADTPL,Regular Expense,4193,0,07-05-2024,Other Expenses,Staff Welfare,Staff Welfare,,Pantry Materials,Goteti Laskhmi Narayan Murhty,0.00, ,0.00,6143.00,,0,0, Completed, 
ADTPL,Travel Expense,4299,0,24-05-2024,Other Expenses,Staff Welfare,Staff Welfare,,Food & Beverages (Tea/Coffee/Water etc.) ,Tabraze Ahmed,0.00, ,0.00,360.00,,0,0, Completed, 
ADTPL,Regular Expense,4272,0,14-05-2024,Other Expenses,Staff Welfare,Staff Welfare,,Food & Beverages (Tea/Coffee/Water etc.) ,Manjeet Malhotra,0.00, ,0.00,467.00,,0,0, Completed, 
ADTPL,Supplier Invoice,2260,1404,05-07-2024,Other Expenses,Staff Welfare,Staff Welfare,,Staffwelfare/Food/Bavarage,Hotel Vamshee International,0.00, ,0.00,16957.00,,0,0, Completed, 
ADTPL,Travel Expense,4493,0,02-07-2024,Other Expenses,Staff Welfare,Staff Welfare,,Food & Beverages (Tea/Coffee/Water etc.) ,Tabraze Ahmed,0.00, ,0.00,348.00,,0,0, Completed, 
ADTPL,Regular Expense,4579,0,16-07-2024,Other Expenses,Staff Welfare,Staff Welfare,,Food and Beverages,Goteti Laskhmi Narayan Murhty,0.00, ,0.00,2050.00,,0,0, Completed, 
ADTPL,Travel Expense,4064,0,17-04-2024,Other Expenses,Staff Welfare,Staff Welfare,,Food & Beverages (Tea/Coffee/Water etc.) ,Tabraze Ahmed,0.00, ,0.00,482.00,,0,0, Completed, 
ADTPL,Regular Expense,4549,0,10-07-2024,Other Expenses,Staff Welfare,Staff Welfare,,Gas Cylinder,Goteti Laskhmi Narayan Murhty,0.00, ,0.00,1908.00,,0,0, Completed, 
ADTPL,Regular Expense,4647,0,27-07-2024,Other Expenses,Staff Welfare,Staff Welfare,,Food and Beverages,Goteti Laskhmi Narayan Murhty,0.00, ,0.00,3960.00,,0,0, Completed, 
ADTPL,Regular Expense,4785,0,19-08-2024,Other Expenses,Staff Welfare,Staff Welfare,,Staffwelfare/Food/Bavarage,Goteti Laskhmi Narayan Murhty,0.00, ,0.00,19370.00,,0,0, Submitted, 
ADTPL,Operating Expense,4503,0,03-07-2024,Other Expenses,Staff Welfare,Staff Welfare,,Annual Day /Ind Day Expenses & Food & Beverages,SRI HARI HARAN ,0.00, ,0.00,7305.00,,0,0, Completed, 
ADTPL,Regular Expense,4363,0,04-06-2024,Other Expenses,Staff Welfare,Staff Welfare,,Food and Beverages,Goteti Laskhmi Narayan Murhty,0.00, ,0.00,2145.00,,0,0, Completed, 
ADTPL,Supplier Invoice,2100,1338,24-06-2024,Other Expenses,Staff Welfare,Staff Welfare,,Staffwelfare/Food/Bavarage,Hotel Vamshee International,0.00, ,0.00,4887.00,,0,0, Completed, 
ADTPL,Travel Expense,4558,0,11-07-2024,Other Expenses,Staff Welfare,Staff Welfare,,Food & Beverages (Tea/Coffee/Water etc.) ,Tabraze Ahmed,0.00, ,0.00,598.00,,0,0, Completed, 
ADTPL,Travel Expense,4215,0,09-05-2024,Other Expenses,Staff Welfare,Staff Welfare,,Food & Beverages (Tea/Coffee/Water etc.) ,Tabraze Ahmed,0.00, ,0.00,490.00,,0,0, Completed, 
ADTPL,Regular Expense,4252,0,20-05-2024,Other Expenses,Staff Welfare,Staff Welfare,,Food and Beverages,Chalapathi Rao Challapali,0.00, ,0.00,2965.00,,0,0, Completed, 
ADTPL,Regular Expense,4149,0,30-04-2024,Other Expenses,Staff Welfare,Staff Welfare,,Annual Day /Ind Day Expenses & Food & Beverages,Goteti Laskhmi Narayan Murhty,0.00, ,0.00,660.00,,0,0, Completed, 
ADTPL,Purchase Order,1488,1488,17-07-2024,Other Expenses,Staff Welfare,Staff Welfare,,Staffwelfare/Food/Bavarage,Hotel Vamshee International,2069.00, 2069.00,,0.00,,0,0, Approved, 
ADTPL,Regular Expense,4286,0,22-05-2024,Other Expenses,Staff Welfare,Staff Welfare,,Food and Beverages,Viraj Deshpande,0.00, ,0.00,780.00,,0,0, Completed, 
ADTPL,Regular Expense,4008,0,11-04-2024,Other Expenses,Staff Welfare,Staff Welfare,,Annual Day /Ind Day Expenses & Food & Beverages,Goteti Laskhmi Narayan Murhty,0.00, ,0.00,2030.00,,0,0, Completed, 
ADTPL,Regular Expense,4674,0,30-07-2024,Other Expenses,Staff Welfare,Staff Welfare,,Food and Beverages,Goteti Laskhmi Narayan Murhty,0.00, ,0.00,2075.00,,0,0, Completed, 
ADTPL,Travel Expense,4299,0,24-05-2024,Other Expenses,Staff Welfare,Staff Welfare,,Food & Beverages (Tea/Coffee/Water etc.) ,Tabraze Ahmed,0.00, ,0.00,598.00,,0,0, Completed, 
ADTPL,Regular Expense,4272,0,14-05-2024,Other Expenses,Staff Welfare,Staff Welfare,,Food and Beverages,Manjeet Malhotra,0.00, ,0.00,1722.00,,0,0, Completed, 
ADTPL,Regular Expense,4078,0,22-04-2024,Other Expenses,Staff Welfare,Staff Welfare,,Annual Day /Ind Day Expenses & Food & Beverages,Goteti Laskhmi Narayan Murhty,0.00, ,0.00,3260.00,,0,0, Completed, 
ADTPL,Regular Expense,4374,0,05-06-2024,Other Expenses,Staff Welfare,Staff Welfare,,Food and Beverages,Goteti Laskhmi Narayan Murhty,0.00, ,0.00,4379.00,,0,0, Completed, 
ADTPL,Travel Expense,4493,0,02-07-2024,Other Expenses,Staff Welfare,Staff Welfare,,Food & Beverages (Tea/Coffee/Water etc.) ,Tabraze Ahmed,0.00, ,0.00,598.00,,0,0, Completed, 
ADTPL,Regular Expense,4579,0,16-07-2024,Other Expenses,Staff Welfare,Staff Welfare,,Pantry Materials,Goteti Laskhmi Narayan Murhty,0.00, ,0.00,325.00,,0,0, Completed, 
ADTPL,Travel Expense,4064,0,17-04-2024,Other Expenses,Staff Welfare,Staff Welfare,,Food & Beverages (Tea/Coffee/Water etc.) ,Tabraze Ahmed,0.00, ,0.00,362.00,,0,0, Completed, 
ADTPL,Regular Expense,4549,0,10-07-2024,Other Expenses,Staff Welfare,Staff Welfare,,Pantry Materials,Goteti Laskhmi Narayan Murhty,0.00, ,0.00,7317.00,,0,0, Completed, 
ADTPL,Travel Expense,4085,0,23-04-2024,Other Expenses,Staff Welfare,Staff Welfare,,Annual Day /Ind Day Expenses & Food & Beverages,Anil Kumar Singh,0.00, ,0.00,595.00,,0,0, Completed, 
ADTPL,Regular Expense,4270,0,16-05-2024,Other Expenses,Staff Welfare,Staff Welfare,,Food and Beverages,Nallagoppula Uday Kumar Goud,0.00, ,0.00,30.00,,0,0, Completed, 
ADTPL,Travel Expense,4215,0,09-05-2024,Other Expenses,Staff Welfare,Staff Welfare,,Food & Beverages (Tea/Coffee/Water etc.) ,Tabraze Ahmed,0.00, ,0.00,315.00,,0,0, Completed, 
ADTPL,Regular Expense,4419,0,13-06-2024,Other Expenses,Staff Welfare,Staff Welfare,,Food and Beverages,Goteti Laskhmi Narayan Murhty,0.00, ,0.00,3982.00,,0,0, Completed, 
ADTPL,Operating Expense,4150,0,01-05-2024,Other Expenses,Staff Welfare,Staff Welfare,,Annual Day /Ind Day Expenses & Food & Beverages,BILLA PURUSHOTHAM,0.00, ,0.00,6965.00,,0,0, Completed, 
ADTPL,Regular Expense,4479,0,29-06-2024,Other Expenses,Staff Welfare,Staff Welfare,,Food and Beverages,Goteti Laskhmi Narayan Murhty,0.00, ,0.00,3551.00,,0,0, Completed, 
ADTPL,Travel Expense,4476,0,28-06-2024,Other Expenses,Staff Welfare,Staff Welfare,,Food & Beverages (Tea/Coffee/Water etc.) ,Shivaprakash M,0.00, ,0.00,876.00,,0,0, Completed, 
ADTPL,Regular Expense,4578,0,09-07-2024,Other Expenses,Staff Welfare,Staff Welfare,,Food & Beverages (Tea/Coffee/Water etc.) ,Manjeet Malhotra,0.00, ,0.00,807.00,,0,0, Completed, 
ADTPL,Travel Expense,4552,0,10-07-2024,Other Expenses,Staff Welfare,Staff Welfare,,Food & Beverages (Tea/Coffee/Water etc.) ,Shivaprakash M,0.00, ,0.00,690.00,,0,0, Completed, 
ADTPL,Travel Expense,4493,0,02-07-2024,Other Expenses,Staff Welfare,Staff Welfare,,Food & Beverages (Tea/Coffee/Water etc.) ,Tabraze Ahmed,0.00, ,0.00,170.00,,0,0, Completed, 
ADTPL,Regular Expense,4319,0,28-05-2024,Other Expenses,Staff Welfare,Staff Welfare,,Food and Beverages,Goteti Laskhmi Narayan Murhty,0.00, ,0.00,3453.00,,0,0, Completed, 
ADTPL,Regular Expense,4286,0,22-05-2024,Other Expenses,Staff Welfare,Staff Welfare,,Food and Beverages,Viraj Deshpande,0.00, ,0.00,610.00,,0,0, Completed, 
ADTPL,Regular Expense,3971,0,03-04-2024,Other Expenses,Staff Welfare,Staff Welfare,,Annual Day /Ind Day Expenses & Food & Beverages,Nallagoppula Uday Kumar Goud,0.00, ,0.00,105.00,,0,0, Completed, 
ADTPL,Travel Expense,4558,0,11-07-2024,Other Expenses,Staff Welfare,Staff Welfare,,Food & Beverages (Tea/Coffee/Water etc.) ,Tabraze Ahmed,0.00, ,0.00,350.00,,0,0, Completed, 
ADTPL,Regular Expense,4272,0,14-05-2024,Other Expenses,Staff Welfare,Staff Welfare,,Food & Beverages (Tea/Coffee/Water etc.) ,Manjeet Malhotra,0.00, ,0.00,336.00,,0,0, Completed, 
ADTPL,Travel Expense,4493,0,02-07-2024,Other Expenses,Staff Welfare,Staff Welfare,,Food & Beverages (Tea/Coffee/Water etc.) ,Tabraze Ahmed,0.00, ,0.00,761.00,,0,0, Completed, 
ADTPL,Travel Expense,4064,0,17-04-2024,Other Expenses,Staff Welfare,Staff Welfare,,Food & Beverages (Tea/Coffee/Water etc.) ,Tabraze Ahmed,0.00, ,0.00,486.00,,0,0, Completed, 
ADTPL,Regular Expense,4714,0,08-08-2024,Other Expenses,Staff Welfare,Staff Welfare,,Pantry Materials,Goteti Laskhmi Narayan Murhty,0.00, ,0.00,7808.00,,0,0, Completed, 
ADTPL,Regular Expense,4549,0,10-07-2024,Other Expenses,Staff Welfare,Staff Welfare,,Food and Beverages,Goteti Laskhmi Narayan Murhty,0.00, ,0.00,3724.00,,0,0, Completed, 
ADTPL,Operating Expense,4491,0,02-07-2024,Other Expenses,Staff Welfare,Staff Welfare,,Food and Beverages,BILLA PURUSHOTHAM,0.00, ,0.00,7560.00,,0,0, Completed, 
ADTPL,Travel Expense,4085,0,23-04-2024,Other Expenses,Staff Welfare,Staff Welfare,,Annual Day /Ind Day Expenses & Food & Beverages,Anil Kumar Singh,0.00, ,0.00,229.00,,0,0, Completed, 
ADTPL,Regular Expense,4270,0,16-05-2024,Other Expenses,Staff Welfare,Staff Welfare,,Food and Beverages,Nallagoppula Uday Kumar Goud,0.00, ,0.00,190.00,,0,0, Completed, 
ADTPL,Purchase Order,1404,1404,01-07-2024,Other Expenses,Staff Welfare,Staff Welfare,,Staffwelfare/Food/Bavarage,Hotel Vamshee International,16957.00, 16956.00,,0.00,,0,0, Approved, 
ADTPL,Travel Expense,4215,0,09-05-2024,Other Expenses,Staff Welfare,Staff Welfare,,Food & Beverages (Tea/Coffee/Water etc.) ,Tabraze Ahmed,0.00, ,0.00,598.00,,0,0, Completed, 
ADTPL,Travel Expense,4295,0,23-05-2024,Other Expenses,Staff Welfare,Staff Welfare,,Food & Beverages (Tea/Coffee/Water etc.) ,Shivaprakash M,0.00, ,0.00,12222.57,,0,0, Completed, 
ADTPL,Regular Expense,4578,0,09-07-2024,Other Expenses,Staff Welfare,Staff Welfare,,Food & Beverages (Tea/Coffee/Water etc.) ,Manjeet Malhotra,0.00, ,0.00,320.00,,0,0, Completed, 
ADTPL,Operating Expense,4371,0,03-06-2024,Other Expenses,Staff Welfare,Staff Welfare,,Food and Beverages,BILLA PURUSHOTHAM,0.00, ,0.00,7875.00,,0,0, Completed, 
ADTPL,Travel Expense,4493,0,02-07-2024,Other Expenses,Staff Welfare,Staff Welfare,,Food & Beverages (Tea/Coffee/Water etc.) ,Tabraze Ahmed,0.00, ,0.00,170.00,,0,0, Completed, 
ADTPL,Regular Expense,4485,0,01-07-2024,Other Expenses,Staff Welfare,Staff Welfare,,Food and Beverages,Goteti Laskhmi Narayan Murhty,0.00, ,0.00,2753.00,,0,0, Completed, 
ADTPL,Supplier Invoice,2486,1488,24-07-2024,Other Expenses,Staff Welfare,Staff Welfare,,Staffwelfare/Food/Bavarage,Hotel Vamshee International,0.00, ,0.00,2069.00,,0,0, Completed, 
ADTPL,Regular Expense,3971,0,03-04-2024,Other Expenses,Staff Welfare,Staff Welfare,,Annual Day /Ind Day Expenses & Food & Beverages,Nallagoppula Uday Kumar Goud,0.00, ,0.00,520.00,,0,0, Completed, 
ADTPL,Purchase Order,1245,1245,05-06-2024,Other Expenses,Staff Welfare,Staff Welfare,,Staffwelfare/Food/Bavarage,LAHARI ARCADE,1651.00, 0.00,,0.00,,0,0, Approved, 
ADTPL,Travel Expense,4558,0,11-07-2024,Other Expenses,Staff Welfare,Staff Welfare,,Food & Beverages (Tea/Coffee/Water etc.) ,Tabraze Ahmed,0.00, ,0.00,505.00,,0,0, Completed, 
ADTPL,Regular Expense,4759,0,13-08-2024,Other Expenses,Staff Welfare,Staff Welfare,,Pantry Materials,Goteti Laskhmi Narayan Murhty,0.00, ,0.00,1032.00,,0,0, Completed, 
ADTPL,Regular Expense,4247,0,14-05-2024,Other Expenses,Staff Welfare,Staff Welfare,,Food and Beverages,Goteti Laskhmi Narayan Murhty,0.00, ,0.00,676.00,,0,0, Completed, 
ADTPL,Travel Expense,4493,0,02-07-2024,Other Expenses,Staff Welfare,Staff Welfare,,Food & Beverages (Tea/Coffee/Water etc.) ,Tabraze Ahmed,0.00, ,0.00,347.00,,0,0, Completed, 
ADTPL,Regular Expense,4442,0,24-06-2024,Other Expenses,Staff Welfare,Staff Welfare,,International Yoga Day-2024,Satish P,0.00, ,0.00,5460.00,,0,0, Completed, 
ADTPL,Travel Expense,4064,0,17-04-2024,Other Expenses,Staff Welfare,Staff Welfare,,Food & Beverages (Tea/Coffee/Water etc.) ,Tabraze Ahmed,0.00, ,0.00,206.00,,0,0, Completed, 
ADTPL,Regular Expense,4443,0,21-06-2024,Other Expenses,Staff Welfare,Staff Welfare,,Food and Beverages,Goteti Laskhmi Narayan Murhty,0.00, ,0.00,3921.00,,0,0, Completed, 
ADTPL,Regular Expense,4270,0,16-05-2024,Other Expenses,Staff Welfare,Staff Welfare,,Food and Beverages,Nallagoppula Uday Kumar Goud,0.00, ,0.00,1381.00,,0,0, Completed, 
ADTPL,Regular Expense,4193,0,07-05-2024,Other Expenses,Staff Welfare,Staff Welfare,,Annual Day /Ind Day Expenses & Food & Beverages,Goteti Laskhmi Narayan Murhty,0.00, ,0.00,5132.00,,0,0, Completed, 
ADTPL,Regular Expense,4578,0,09-07-2024,Other Expenses,Staff Welfare,Staff Welfare,,Food & Beverages (Tea/Coffee/Water etc.) ,Manjeet Malhotra,0.00, ,0.00,1770.00,,0,0, Completed, 
ADTPL,Budget Balances,  , , 01-04-2024 ,Other Expenses,Printing and Stationary Charges,Printing and Stationary Charges,111000.00,,,,,,,0.00,111000.00,, , 
ADTPL,Operating Expense,4538,0,09-07-2024,Other Expenses,Printing and Stationary Charges,Printing and Stationary Charges,,Printing and Stationary Charges-2024 - 2025,SONI MAJAN SERVICE PVT. LTD,0.00, ,0.00,8260.00,,,, Completed, 
ADTPL,Supplier Invoice,1933,944,10-06-2024,Other Expenses,Printing and Stationary Charges,Printing and Stationary Charges,,Printer Lease Charges,Benchmark Computer Solutions Pvt Ltd,0.00, ,0.00,6608.00,,0,0, Completed, 
ADTPL,Regular Expense,4759,0,13-08-2024,Other Expenses,Printing and Stationary Charges,Printing and Stationary Charges,,Post and courier Expense ,Goteti Laskhmi Narayan Murhty,0.00, ,0.00,26.00,,0,0, Completed, 
ADTPL,Supplier Invoice,1559,944,22-04-2024,Other Expenses,Printing and Stationary Charges,Printing and Stationary Charges,,Printer Lease Charges,Benchmark Computer Solutions Pvt Ltd,0.00, ,0.00,6608.00,,0,0, Completed, 
ADTPL,Purchase Order,944,944,12-04-2024,Other Expenses,Printing and Stationary Charges,Printing and Stationary Charges,,Printer Lease Charges,Benchmark Computer Solutions Pvt Ltd,79296.00, 0.00,,0.00,,0,0, Approved, 
ADTPL,Supplier Invoice,2570,944,01-08-2024,Other Expenses,Printing and Stationary Charges,Printing and Stationary Charges,,Printer Lease Charges,Benchmark Computer Solutions Pvt Ltd,0.00, ,0.00,6608.00,,0,0, Completed, 
ADTPL,Operating Expense,4521,0,08-07-2024,Other Expenses,Printing and Stationary Charges,Printing and Stationary Charges,,Printing and Stationary Charges,Benchmark Computer Solutions Pvt Ltd,0.00, ,0.00,3717.65,,0,0, Completed, 
ADTPL,Operating Expense,4441,0,20-06-2024,Other Expenses,Printing and Stationary Charges,Printing and Stationary Charges,,Printer Photocopier Usage Charges,Benchmark Computer Solutions Pvt Ltd,0.00, ,0.00,2956.45,,0,0, Completed, 
ADTPL,Supplier Invoice,2290,944,08-07-2024,Other Expenses,Printing and Stationary Charges,Printing and Stationary Charges,,Printer Lease Charges,Benchmark Computer Solutions Pvt Ltd,0.00, ,0.00,6608.00,,0,0, Completed, 
ADTPL,Regular Expense,4273,0,18-05-2024,Other Expenses,Printing and Stationary Charges,Printing and Stationary Charges,,Printing and Stationary Charges,Nallagoppula Uday Kumar Goud,0.00, ,0.00,4200.00,,0,0, Completed, 
ADTPL,Regular Expense,4549,0,10-07-2024,Other Expenses,Printing and Stationary Charges,Printing and Stationary Charges,,Printing and Stationary Charges,Goteti Laskhmi Narayan Murhty,0.00, ,0.00,54.00,,0,0, Completed, 
ADTPL,Supplier Invoice,1987,944,12-06-2024,Other Expenses,Printing and Stationary Charges,Printing and Stationary Charges,,Printer Lease Charges,Benchmark Computer Solutions Pvt Ltd,0.00, ,0.00,6608.00,,0,0, Completed, 
ADTPL,Operating Expense,4416,0,12-06-2024,Other Expenses,Printing and Stationary Charges,Printing and Stationary Charges,,Printer Photocopier Usage Charges,Benchmark Computer Solutions Pvt Ltd,0.00, ,0.00,6039.69,,0,0, Completed, 
ADTPL,Operating Expense,4236,0,07-05-2024,Other Expenses,Printing and Stationary Charges,Printing and Stationary Charges,,Printing and Stationary Charges,Sri Ganesh Book Depot,0.00, ,0.00,6180.00,,0,0, Completed, 
ADTPL,Budget Balances,  , , 01-04-2024 ,Other Expenses,Travelling Expenses,Travelling Expenses,1403500.00,,,,,,,0.00,1403500.00,, , 
ADTPL,Supplier Invoice,2260,1404,05-07-2024,Other Expenses,Travelling Expenses,Travelling Expenses,,Hotel and Transportation,Hotel Vamshee International,0.00, ,0.00,49275.00,,,, Completed, 
ADTPL,Operating Expense,4465,0,27-06-2024,Other Expenses,Travelling Expenses,Travelling Expenses,,Hotel and Transportation,LAHARI ARCADE,0.00, ,0.00,3560.00,,0,0, Completed, 
ADTPL,Travel Expense,4064,0,17-04-2024,Other Expenses,Travelling Expenses,Travelling Expenses,,Travel Expenses Reimbursement,Tabraze Ahmed,0.00, ,0.00,508.00,,0,0, Completed, 
ADTPL,Supplier Invoice,2100,1338,24-06-2024,Other Expenses,Travelling Expenses,Travelling Expenses,,Hotel and Transportation,Hotel Vamshee International,0.00, ,0.00,27215.00,,0,0, Completed, 
ADTPL,Operating Expense,4429,0,18-06-2024,Other Expenses,Travelling Expenses,Travelling Expenses,,Hotel and Transportation,LAHARI ARCADE,0.00, ,0.00,3528.00,,0,0, Completed, 
ADTPL,Travel Expense,4215,0,09-05-2024,Other Expenses,Travelling Expenses,Travelling Expenses,,Conveyance ,Tabraze Ahmed,0.00, ,0.00,597.00,,0,0, Completed, 
ADTPL,Regular Expense,4479,0,29-06-2024,Other Expenses,Travelling Expenses,Travelling Expenses,,Hotel & Travelling Expenses,Goteti Laskhmi Narayan Murhty,0.00, ,0.00,2000.00,,0,0, Completed, 
ADTPL,Regular Expense,4578,0,09-07-2024,Other Expenses,Travelling Expenses,Travelling Expenses,,Conveyance ,Manjeet Malhotra,0.00, ,0.00,1133.00,,0,0, Completed, 
ADTPL,Operating Expense,4405,0,11-06-2024,Other Expenses,Travelling Expenses,Travelling Expenses,,Hotel & Travelling Expenses,AUTORIDERS INTERNATIONAL LTD,0.00, ,0.00,2725.00,,0,0, Completed, 
ADTPL,Travel Expense,4493,0,02-07-2024,Other Expenses,Travelling Expenses,Travelling Expenses,,Conveyance ,Tabraze Ahmed,0.00, ,0.00,319.00,,0,0, Completed, 
ADTPL,Purchase Order,1488,1488,17-07-2024,Other Expenses,Travelling Expenses,Travelling Expenses,,Hotel and Transportation,Hotel Vamshee International,20935.00, 20935.00,,0.00,,0,0, Approved, 
ADTPL,Regular Expense,3971,0,03-04-2024,Other Expenses,Travelling Expenses,Travelling Expenses,,Travel Reimbursement ,Nallagoppula Uday Kumar Goud,0.00, ,0.00,250.00,,0,0, Completed, 
ADTPL,Travel Expense,4085,0,23-04-2024,Other Expenses,Travelling Expenses,Travelling Expenses,,Travel Expenses,Anil Kumar Singh,0.00, ,0.00,1143.00,,0,0, Completed, 
ADTPL,Regular Expense,4674,0,30-07-2024,Other Expenses,Travelling Expenses,Travelling Expenses,,Travel Expenses,Goteti Laskhmi Narayan Murhty,0.00, ,0.00,3503.00,,0,0, Completed, 
ADTPL,Regular Expense,4251,0,24-04-2024,Other Expenses,Travelling Expenses,Travelling Expenses,,Travel Expenses,Chalapathi Rao Challapali,0.00, ,0.00,164.00,,0,0, Completed, 
ADTPL,Operating Expense,4466,0,27-06-2024,Other Expenses,Travelling Expenses,Travelling Expenses,,Hotel and Transportation,LAHARI ARCADE,0.00, ,0.00,2665.00,,0,0, Completed, 
ADTPL,Supplier Invoice,2013,1088,13-06-2024,Other Expenses,Travelling Expenses,Travelling Expenses,,Travel Expenses,Uniglobe Mod Travel ,0.00, ,0.00,44366.00,,0,0, Completed, 
ADTPL,Supplier Invoice,2426,1088,16-07-2024,Other Expenses,Travelling Expenses,Travelling Expenses,,Travel Expenses,Uniglobe Mod Travel ,0.00, ,0.00,89760.00,,0,0, Completed, 
ADTPL,Regular Expense,3971,0,03-04-2024,Other Expenses,Travelling Expenses,Travelling Expenses,,Travel Reimbursement ,Nallagoppula Uday Kumar Goud,0.00, ,0.00,121.00,,0,0, Completed, 
ADTPL,Purchase Order,1220,1220,30-05-2024,Other Expenses,Travelling Expenses,Travelling Expenses,,Hotel and Transportation,Hotel Vamshee International,12287.00, 0.00,,0.00,,0,0, Approved, 
ADTPL,Travel Expense,4295,0,23-05-2024,Other Expenses,Travelling Expenses,Travelling Expenses,,Conveyance ,Shivaprakash M,0.00, ,0.00,353.00,,0,0, Completed, 
ADTPL,Regular Expense,4272,0,14-05-2024,Other Expenses,Travelling Expenses,Travelling Expenses,,Conveyance ,Manjeet Malhotra,0.00, ,0.00,849.00,,0,0, Completed, 
ADTPL,Regular Expense,4251,0,24-04-2024,Other Expenses,Travelling Expenses,Travelling Expenses,,Travel Expenses,Chalapathi Rao Challapali,0.00, ,0.00,304.00,,0,0, Completed, 
ADTPL,Regular Expense,4578,0,09-07-2024,Other Expenses,Travelling Expenses,Travelling Expenses,,Conveyance ,Manjeet Malhotra,0.00, ,0.00,745.00,,0,0, Completed, 
ADTPL,Operating Expense,4406,0,11-06-2024,Other Expenses,Travelling Expenses,Travelling Expenses,,Hotel & Travelling Expenses,AUTORIDERS INTERNATIONAL LTD,0.00, ,0.00,3870.00,,0,0, Completed, 
ADTPL,Travel Expense,4493,0,02-07-2024,Other Expenses,Travelling Expenses,Travelling Expenses,,Conveyance ,Tabraze Ahmed,0.00, ,0.00,438.00,,0,0, Completed, 
ADTPL,Regular Expense,3971,0,03-04-2024,Other Expenses,Travelling Expenses,Travelling Expenses,,Travel Reimbursement ,Nallagoppula Uday Kumar Goud,0.00, ,0.00,160.00,,0,0, Completed, 
ADTPL,Supplier Invoice,2076,1088,20-06-2024,Other Expenses,Travelling Expenses,Travelling Expenses,,Travel Expenses,Uniglobe Mod Travel ,0.00, ,0.00,1709.00,,0,0, Completed, 
ADTPL,Regular Expense,4251,0,24-04-2024,Other Expenses,Travelling Expenses,Travelling Expenses,,Travel Expenses,Chalapathi Rao Challapali,0.00, ,0.00,397.00,,0,0, Completed, 
ADTPL,Travel Expense,4558,0,11-07-2024,Other Expenses,Travelling Expenses,Travelling Expenses,,Conveyance ,Tabraze Ahmed,0.00, ,0.00,344.00,,0,0, Completed, 
ADTPL,Purchase Order,1105,1105,10-05-2024,Other Expenses,Travelling Expenses,Travelling Expenses,,Travel Expenses,AUTORIDERS INTERNATIONAL LTD,200000.00, 0.00,,0.00,,0,0, Closed, 
ADTPL,Regular Expense,3971,0,03-04-2024,Other Expenses,Travelling Expenses,Travelling Expenses,,Travel Reimbursement ,Nallagoppula Uday Kumar Goud,0.00, ,0.00,108.00,,0,0, Completed, 
ADTPL,Supplier Invoice,1730,1088,14-05-2024,Other Expenses,Travelling Expenses,Travelling Expenses,,Travel Expenses,Uniglobe Mod Travel ,0.00, ,0.00,7358.00,,0,0, Completed, 
ADTPL,Supplier Invoice,1837,1196,31-05-2024,Other Expenses,Travelling Expenses,Travelling Expenses,,Hotel and Transportation,Hotel Vamshee International,0.00, ,0.00,14889.00,,0,0, Completed, 
ADTPL,Purchase Order,1404,1404,01-07-2024,Other Expenses,Travelling Expenses,Travelling Expenses,,Hotel and Transportation,Hotel Vamshee International,55188.00, 0.00,,0.00,,0,0, Approved, 
ADTPL,Travel Expense,4295,0,23-05-2024,Other Expenses,Travelling Expenses,Travelling Expenses,,Conveyance ,Shivaprakash M,0.00, ,0.00,621.80,,0,0, Completed, 
ADTPL,Regular Expense,4272,0,14-05-2024,Other Expenses,Travelling Expenses,Travelling Expenses,,Conveyance ,Manjeet Malhotra,0.00, ,0.00,348.00,,0,0, Completed, 
ADTPL,Supplier Invoice,2230,1105,03-07-2024,Other Expenses,Travelling Expenses,Travelling Expenses,,Travel Expenses,AUTORIDERS INTERNATIONAL LTD,0.00, ,0.00,2420.00,,0,0, Completed, 
ADTPL,Regular Expense,4251,0,24-04-2024,Other Expenses,Travelling Expenses,Travelling Expenses,,Travel Expenses,Chalapathi Rao Challapali,0.00, ,0.00,212.00,,0,0, Completed, 
ADTPL,Supplier Invoice,1866,1220,03-06-2024,Other Expenses,Travelling Expenses,Travelling Expenses,,Hotel and Transportation,Hotel Vamshee International,0.00, ,0.00,12287.00,,0,0, Completed, 
ADTPL,Purchase Order,1088,1088,09-05-2024,Other Expenses,Travelling Expenses,Travelling Expenses,,Travel Expenses,Uniglobe Mod Travel ,600000.00, 0.00,,0.00,,0,0, Approved, 
ADTPL,Operating Expense,4407,0,11-06-2024,Other Expenses,Travelling Expenses,Travelling Expenses,,Hotel & Travelling Expenses,AUTORIDERS INTERNATIONAL LTD,0.00, ,0.00,1915.00,,0,0, Completed, 
ADTPL,Supplier Invoice,2010,1088,13-06-2024,Other Expenses,Travelling Expenses,Travelling Expenses,,Travel Expenses,Uniglobe Mod Travel ,0.00, ,0.00,108195.00,,0,0, Completed, 
ADTPL,Supplier Invoice,2486,1488,24-07-2024,Other Expenses,Travelling Expenses,Travelling Expenses,,Hotel and Transportation,Hotel Vamshee International,0.00, ,0.00,20935.00,,0,0, Completed, 
ADTPL,Purchase Order,1196,1196,24-05-2024,Other Expenses,Travelling Expenses,Travelling Expenses,,Hotel and Transportation,Hotel Vamshee International,14889.00, 0.00,,0.00,,0,0, Approved, 
ADTPL,Supplier Invoice,1955,1105,10-06-2024,Other Expenses,Travelling Expenses,Travelling Expenses,,Travel Expenses,AUTORIDERS INTERNATIONAL LTD,0.00, ,0.00,6250.00,,0,0, Completed, 
ADTPL,Travel Expense,4299,0,24-05-2024,Other Expenses,Travelling Expenses,Travelling Expenses,,Conveyance ,Tabraze Ahmed,0.00, ,0.00,304.00,,0,0, Completed, 
ADTPL,Supplier Invoice,2440,1088,18-07-2024,Other Expenses,Travelling Expenses,Travelling Expenses,,Travel Expenses,Uniglobe Mod Travel ,0.00, ,0.00,41735.00,,0,0, Completed, 
ADTPL,Regular Expense,4251,0,24-04-2024,Other Expenses,Travelling Expenses,Travelling Expenses,,Travel Expenses,Chalapathi Rao Challapali,0.00, ,0.00,500.00,,0,0, Completed, 
ADTPL,Purchase Order,1245,1245,05-06-2024,Other Expenses,Travelling Expenses,Travelling Expenses,,Hotel and Transportation,LAHARI ARCADE,14000.00, 0.00,,0.00,,0,0, Approved, 
ADTPL,Regular Expense,4578,0,09-07-2024,Other Expenses,Travelling Expenses,Travelling Expenses,,Travel Expenses,Manjeet Malhotra,0.00, ,0.00,1425.00,,0,0, Completed, 
ADTPL,Regular Expense,3971,0,03-04-2024,Other Expenses,Travelling Expenses,Travelling Expenses,,Travel Reimbursement ,Nallagoppula Uday Kumar Goud,0.00, ,0.00,113.00,,0,0, Completed, 
ADTPL,Operating Expense,4560,0,10-07-2024,Other Expenses,Travelling Expenses,Travelling Expenses,,Hotel & Travelling Expenses,SPEEDWAYS HOSPITALITY AND TRAVEL SOLUTIONS PRIVATE LIMITED,0.00, ,0.00,9061.50,,0,0, Completed, 
ADTPL,Regular Expense,4272,0,14-05-2024,Other Expenses,Travelling Expenses,Travelling Expenses,,Conveyance ,Manjeet Malhotra,0.00, ,0.00,391.00,,0,0, Completed, 
ADTPL,Regular Expense,4251,0,24-04-2024,Other Expenses,Travelling Expenses,Travelling Expenses,,Travel Expenses,Chalapathi Rao Challapali,0.00, ,0.00,227.00,,0,0, Completed, 
ADTPL,Operating Expense,4408,0,11-06-2024,Other Expenses,Travelling Expenses,Travelling Expenses,,Hotel & Travelling Expenses,AUTORIDERS INTERNATIONAL LTD,0.00, ,0.00,1150.00,,0,0, Completed, 
ADTPL,Travel Expense,4064,0,17-04-2024,Other Expenses,Travelling Expenses,Travelling Expenses,,Travel Expenses Reimbursement,Tabraze Ahmed,0.00, ,0.00,294.00,,0,0, Completed, 
ADTPL,Supplier Invoice,1725,1088,14-05-2024,Other Expenses,Travelling Expenses,Travelling Expenses,,Travel Expenses,Uniglobe Mod Travel ,0.00, ,0.00,31370.00,,0,0, Completed, 
ADTPL,Travel Expense,4215,0,09-05-2024,Other Expenses,Travelling Expenses,Travelling Expenses,,Conveyance ,Tabraze Ahmed,0.00, ,0.00,268.00,,0,0, Completed, 
ADTPL,Supplier Invoice,1956,1105,10-06-2024,Other Expenses,Travelling Expenses,Travelling Expenses,,Travel Expenses,AUTORIDERS INTERNATIONAL LTD,0.00, ,0.00,1200.00,,0,0, Completed, 
ADTPL,Travel Expense,4299,0,24-05-2024,Other Expenses,Travelling Expenses,Travelling Expenses,,Conveyance ,Tabraze Ahmed,0.00, ,0.00,575.00,,0,0, Completed, 
ADTPL,Supplier Invoice,1922,1245,07-06-2024,Other Expenses,Travelling Expenses,Travelling Expenses,,Hotel and Transportation,LAHARI ARCADE,0.00, ,0.00,14000.00,,0,0, Completed, 
ADTPL,Purchase Order,1338,1338,21-06-2024,Other Expenses,Travelling Expenses,Travelling Expenses,,Hotel and Transportation,Hotel Vamshee International,27215.00, 0.00,,0.00,,0,0, Approved, 
ADTPL,Regular Expense,4578,0,09-07-2024,Other Expenses,Travelling Expenses,Travelling Expenses,,Conveyance ,Manjeet Malhotra,0.00, ,0.00,694.00,,0,0, Completed, 
ADTPL,Regular Expense,3971,0,03-04-2024,Other Expenses,Travelling Expenses,Travelling Expenses,,Travel Reimbursement ,Nallagoppula Uday Kumar Goud,0.00, ,0.00,211.00,,0,0, Completed, 
ADTPL,Travel Expense,4085,0,23-04-2024,Other Expenses,Travelling Expenses,Travelling Expenses,,Travel Expenses,Anil Kumar Singh,0.00, ,0.00,619.00,,0,0, Completed, 
ADTPL,Regular Expense,4272,0,14-05-2024,Other Expenses,Travelling Expenses,Travelling Expenses,,Conveyance ,Manjeet Malhotra,0.00, ,0.00,688.00,,0,0, Completed, 
ADTPL,Regular Expense,4251,0,24-04-2024,Other Expenses,Travelling Expenses,Travelling Expenses,,Travel Expenses,Chalapathi Rao Challapali,0.00, ,0.00,211.00,,0,0, Completed, 
ADTPL,Regular Expense,4346,0,01-06-2024,Other Expenses,Travelling Expenses,Travelling Expenses,,Travel Reimbursement ,Yogita Shetye,0.00, ,0.00,806.06,,0,0, Completed, 
ADTPL,Travel Expense,4476,0,28-06-2024,Other Expenses,Travelling Expenses,Travelling Expenses,,Conveyance ,Shivaprakash M,0.00, ,0.00,608.29,,0,0, Completed, 
ADTPL,Budget Balances,  , , 01-04-2024 ,Management Fees,Management Fees,Management Fees,29358400.00,,,,,,,0.00,29358400.00,, , 
ADTPL,Purchase Order,1573,1573,30-07-2024,Management Fees,Management Fees,Management Fees,,Service Management Fees-AIPL,Athaang Infrastructure Private Limited,7113367.00, 7113367.00,,0.00,,,, Submitted, 
ADTPL,Budget Balances,  , , 01-04-2024 ,Capex,Upgradation of highway electrical cabling and feeder pillar & Toll Plaza Electricals Systems,Upgradation of highway electrical cabling and feeder pillar & Toll Plaza Electricals Systems,3340000.00,,,,,,,0.00,3340000.00,, , 
ADTPL,Purchase Order,1584,1584,01-08-2024,Capex,Upgradation of highway electrical cabling and feeder pillar & Toll Plaza Electricals Systems,Upgradation of highway electrical cabling and feeder pillar & Toll Plaza Electricals Systems,,MCB Box Enclosure - 4P,Dattu Electricals,3450.00, 3450.00,,0.00,,,, Approved, 
ADTPL,Purchase Order,1584,1584,01-08-2024,Capex,Upgradation of highway electrical cabling and feeder pillar & Toll Plaza Electricals Systems,Upgradation of highway electrical cabling and feeder pillar & Toll Plaza Electricals Systems,,MCB Enclosure Box - 2Pole,Dattu Electricals,6100.00, 6100.00,,0.00,,0,0, Approved, 
ADTPL,Purchase Order,1584,1584,01-08-2024,Capex,Upgradation of highway electrical cabling and feeder pillar & Toll Plaza Electricals Systems,Upgradation of highway electrical cabling and feeder pillar & Toll Plaza Electricals Systems,,RCCB 40A DP 30mA.,Dattu Electricals,29025.00, 29025.00,,0.00,,0,0, Approved, 
ADTPL,Purchase Order,1584,1584,01-08-2024,Capex,Upgradation of highway electrical cabling and feeder pillar & Toll Plaza Electricals Systems,Upgradation of highway electrical cabling and feeder pillar & Toll Plaza Electricals Systems,,RCCB 63A 4P 30mA,Dattu Electricals,5200.00, 5200.00,,0.00,,0,0, Approved, 
ADTPL,Purchase Order,1584,1584,01-08-2024,Capex,Upgradation of highway electrical cabling and feeder pillar & Toll Plaza Electricals Systems,Upgradation of highway electrical cabling and feeder pillar & Toll Plaza Electricals Systems,,RCCB 100A 4P 30mA,Dattu Electricals,13200.00, 13200.00,,0.00,,0,0, Approved, 
ADTPL,Budget Balances,  , , 01-04-2024 ,Capex,DG Set 100KVA & 82.5 KVS,DG Set 100KVA & 82.5 KVS,2500000.00,,,,,,,0.00,2500000.00,, , 
ADTPL,Purchase Order,1498,1498,17-07-2024,Capex,DG Set 100KVA & 82.5 KVS,DG Set 100KVA & 82.5 KVS,,125 KVA DG - Cummins,JVS POWER ENGINEERING,1434880.00, 1434880.00,,0.00,,,, Approved, 
ADTPL,Budget Balances,  , , 01-04-2024 ,Capex,IT Equipment - Replacement of Old Laptop,IT Equipment - Replacement of Old Laptop,1000000.00,,,,,,,0.00,1000000.00,, , 
ADTPL,Purchase Order,1109,1109,11-05-2024,Capex,IT Equipment - Replacement of Old Laptop,IT Equipment - Replacement of Old Laptop,,DELL Laptop 3420,Zenisys Systems,232696.00, 0.00,,0.00,,,, Approved, 
ADTPL,Supplier Invoice,1776,1109,22-05-2024,Capex,IT Equipment - Replacement of Old Laptop,IT Equipment - Replacement of Old Laptop,,DELL Laptop 3420,Zenisys Systems,0.00, ,0.00,232696.00,,0,0, Completed, 
ADTPL,Budget Balances,  , , 01-04-2024 ,Capex,Office Furniture/Repairs,Office Furniture/Repairs,350000.00,,,,,,,0.00,350000.00,, , 
ADTPL,Purchase Order,1160,1160,22-05-2024,Capex,Office Furniture/Repairs,Office Furniture/Repairs,,Transportation ,SR ENTERPRISES,1.00, 0.00,,0.00,,,, Approved, 
ADTPL,Purchase Order,1160,1160,22-05-2024,Capex,Office Furniture/Repairs,Office Furniture/Repairs,,Nilkamal Alba High Back Mesh Chair- Black,SR ENTERPRISES,85342.00, 0.00,,0.00,,0,0, Approved, 
ADTPL,Supplier Invoice,1868,1160,04-06-2024,Capex,Office Furniture/Repairs,Office Furniture/Repairs,,Nilkamal Alba High Back Mesh Chair- Black,SR ENTERPRISES,0.00, ,0.00,85342.00,,0,0, Completed, 
ADTPL,Budget Balances,  , , 01-04-2024 ,One Time Expenses,Milling of existing BC,Milling of existing BC,4831864.00,,,,,,,0.00,4831864.00,, , 
ADTPL,Purchase Order,1011,1011,27-04-2024,One Time Expenses,Milling of existing BC,Milling of existing BC,,Milling,VIJAYALAKSHMI PROJECTS LLP,3684296.00, 7638.00,,0.00,,,, Approved, 
ADTPL,Supplier Invoice,2432,1011,17-07-2024,One Time Expenses,Milling of existing BC,Milling of existing BC,,Milling,VIJAYALAKSHMI PROJECTS LLP,0.00, ,0.00,1701170.00,,0,0, Completed, 
ADTPL,Supplier Invoice,2160,1011,28-06-2024,One Time Expenses,Milling of existing BC,Milling of existing BC,,Milling,VIJAYALAKSHMI PROJECTS LLP,0.00, ,0.00,1975488.00,,0,0, Completed, 
ADTPL,Budget Balances,  , , 01-04-2024 ,One Time Expenses,Tack coat,Tack coat,1207966.00,,,,,,,0.00,1207966.00,, , 
ADTPL,Purchase Order,1011,1011,27-04-2024,One Time Expenses,Tack coat,Tack coat,,Tack coat ,VIJAYALAKSHMI PROJECTS LLP,966373.00, 966354.00,,0.00,,,, Approved, 
ADTPL,Supplier Invoice,2432,1011,17-07-2024,One Time Expenses,Tack coat,Tack coat,,Tack coat ,VIJAYALAKSHMI PROJECTS LLP,0.00, ,0.00,484922.00,,0,0, Completed, 
ADTPL,Supplier Invoice,2160,1011,28-06-2024,One Time Expenses,Tack coat,Tack coat,,Tack coat ,VIJAYALAKSHMI PROJECTS LLP,0.00, ,0.00,480191.00,,0,0, Completed, 
ADTPL,Budget Balances,  , , 01-04-2024 ,One Time Expenses,Bituminous Concrete,Bituminous Concrete,31400980.00,,,,,,,0.00,31400980.00,, , 
ADTPL,Supplier Invoice,2432,1011,17-07-2024,One Time Expenses,Bituminous Concrete,Bituminous Concrete,,BC Laying,VIJAYALAKSHMI PROJECTS LLP,0.00, ,0.00,13850728.00,,,, Completed, 
ADTPL,Supplier Invoice,2160,1011,28-06-2024,One Time Expenses,Bituminous Concrete,Bituminous Concrete,,BC Laying,VIJAYALAKSHMI PROJECTS LLP,0.00, ,0.00,13514551.00,,0,0, Completed, 
ADTPL,Supplier Invoice,2552,1521,30-07-2024,One Time Expenses,Bituminous Concrete,Bituminous Concrete,,Anti stripping agent,VIJAYALAKSHMI PROJECTS LLP,0.00, ,0.00,361080.00,,0,0, Completed, 
ADTPL,Purchase Order,1521,1521,22-07-2024,One Time Expenses,Bituminous Concrete,Bituminous Concrete,,Anti stripping agent,VIJAYALAKSHMI PROJECTS LLP,361080.00, 361080.00,,0.00,,0,0, Approved, 
ADTPL,Purchase Order,1011,1011,27-04-2024,One Time Expenses,Bituminous Concrete,Bituminous Concrete,,BC Laying,VIJAYALAKSHMI PROJECTS LLP,27681172.00, 315893.00,,0.00,,0,0, Approved, 
ADTPL,Budget Balances,  , , 01-04-2024 ,Arbitration Expenses,Arbitration Expenses,Arbitration Expenses,22450000.00,,,,,,,0.00,22450000.00,, , 
ADTPL,Purchase Order,1596,1596,06-08-2024,Arbitration Expenses,Arbitration Expenses,Arbitration Expenses,,Arbitration charges  ,Fox Mandal,656434.00, 0.00,,0.00,,,, Approved, 
ADTPL,Supplier Invoice,2724,1596,13-08-2024,Arbitration Expenses,Arbitration Expenses,Arbitration Expenses,,Arbitration charges  ,Fox Mandal,0.00, ,0.00,479434.00,,0,0, Submitted, 
ADTPL,Supplier Invoice,2034,1311,14-06-2024,Arbitration Expenses,Arbitration Expenses,Arbitration Expenses,,Arbitration charges  ,Fox Mandal,0.00, ,0.00,177000.00,,0,0, Completed, 
ADTPL,Supplier Invoice,2725,1596,13-08-2024,Arbitration Expenses,Arbitration Expenses,Arbitration Expenses,,Arbitration charges  ,Fox Mandal,0.00, ,0.00,177000.00,,0,0, Completed, 
ADTPL,Supplier Invoice,2035,1311,14-06-2024,Arbitration Expenses,Arbitration Expenses,Arbitration Expenses,,Arbitration charges  ,Fox Mandal,0.00, ,0.00,354000.00,,0,0, Completed, 
ADTPL,Purchase Order,1046,1046,03-05-2024,Arbitration Expenses,Arbitration Expenses,Arbitration Expenses,,Arbitration charges  ,Fox Mandal,354000.00, 0.00,,0.00,,0,0, Approved, 
ADTPL,Purchase Order,1311,1311,11-06-2024,Arbitration Expenses,Arbitration Expenses,Arbitration Expenses,,Arbitration charges  ,Fox Mandal,626580.00, 0.00,,0.00,,0,0, Approved, 
ADTPL,Supplier Invoice,1653,1046,07-05-2024,Arbitration Expenses,Arbitration Expenses,Arbitration Expenses,,Arbitration charges  ,Fox Mandal,0.00, ,0.00,354000.00,,0,0, Completed, 
ADHTPL,Budget Balances,  , , 01-04-2024 ,Routine Maintenance Exp.,Agency Cost,Agency Cost,32992692.00,,,,,,,0.00,32992692.00,, , 
ADHTPL,Supplier Invoice,2091,1039,21-06-2024,Routine Maintenance Exp.,Agency Cost,Agency Cost,,Highway Routine Maintenance,Egis Road Operation India Pvt. Ltd.-DH,0.00, ,0.00,2934934.00,,,, Completed, 
ADHTPL,Supplier Invoice,2624,1449,06-08-2024,Routine Maintenance Exp.,Agency Cost,Agency Cost,,Highway Routine Maintenance (RRM),Manvith Infra Buildcon Private Limited,0.00, ,0.00,2587032.00,,0,0, Completed, 
ADHTPL,Purchase Order,1357,1357,24-06-2024,Routine Maintenance Exp.,Agency Cost,Agency Cost,,minimum wages for RRRM ,Egis Road Operation India Pvt. Ltd.-DH,568305.00, 568305.00,,0.00,,0,0, , 
ADHTPL,Purchase Order,1039,1039,03-05-2024,Routine Maintenance Exp.,Agency Cost,Agency Cost,,Highway Routine Maintenance,Egis Road Operation India Pvt. Ltd.-DH,8804801.00, 0.00,,0.00,,0,0, Approved, 
ADHTPL,Supplier Invoice,2090,1039,21-06-2024,Routine Maintenance Exp.,Agency Cost,Agency Cost,,Highway Routine Maintenance,Egis Road Operation India Pvt. Ltd.-DH,0.00, ,0.00,2934934.00,,0,0, Completed, 
ADHTPL,Purchase Order,1449,1449,08-07-2024,Routine Maintenance Exp.,Agency Cost,Agency Cost,,Highway Routine Maintenance (RRM),Manvith Infra Buildcon Private Limited,23283288.00, 23283288.00,,0.00,,0,0, Approved, 
ADHTPL,Budget Balances,  , , 01-04-2024 ,Routine Maintenance Exp.,Repair Works,Repair Works,180000.00,,,,,,,0.00,180000.00,, , 
ADHTPL,Regular Expense,4566,0,06-07-2024,Routine Maintenance Exp.,Repair Works,Repair Works,,Door hinges,Nabeel Ahmad,0.00, ,0.00,118.00,,,, Completed, 
ADHTPL,Regular Expense,4632,0,23-07-2024,Routine Maintenance Exp.,Repair Works,Repair Works,,Toll Plaza Canopy Repair,Nabeel Ahmad,0.00, ,0.00,163.50,,0,0, Completed, 
ADHTPL,Regular Expense,4735,0,08-08-2024,Routine Maintenance Exp.,Repair Works,Repair Works,,Leakage Sealing Tape,Nabeel Ahmad,0.00, ,0.00,767.00,,0,0, Completed, 
ADHTPL,Regular Expense,4567,0,11-07-2024,Routine Maintenance Exp.,Repair Works,Repair Works,,Toilet Flush Twin Button,Nabeel Ahmad,0.00, ,0.00,350.00,,0,0, Completed, 
ADHTPL,Regular Expense,4632,0,23-07-2024,Routine Maintenance Exp.,Repair Works,Repair Works,,Steel Srew,Nabeel Ahmad,0.00, ,0.00,163.50,,0,0, Completed, 
ADHTPL,Regular Expense,4568,0,10-07-2024,Routine Maintenance Exp.,Repair Works,Repair Works,,Industrial Oxygen Filling,Nabeel Ahmad,0.00, ,0.00,590.00,,0,0, Completed, 
ADHTPL,Budget Balances,  , , 01-04-2024 ,Routine Maintenance Exp.,JCB  Crane and Hydra Hiring,JCB  Crane and Hydra Hiring,55000.00,,,,,,,0.00,55000.00,, , 
ADHTPL,Purchase Order,1572,1572,30-07-2024,Routine Maintenance Exp.,JCB  Crane and Hydra Hiring,JCB  Crane and Hydra Hiring,,JCB /Hydraulic Excavator ,Egis Road Operation India Pvt. Ltd.-DH,51920.00, 51920.00,,0.00,,,, Approved, 
ADHTPL,Budget Balances,  , , 01-04-2024 ,Routine Maintenance Exp.,One Time Repair,One Time Repair,16852000.00,,,,,,,590000.00,16852000.00,, , 
ADHTPL,Purchase Order,1361,1361,24-06-2024,Routine Maintenance Exp.,One Time Repair,One Time Repair,,Conduct PVC Elbow 75 mm,PRK Solutions ,3776.00, 3776.00,,0.00,,,, Approved, 
ADHTPL,Purchase Order,1364,1364,24-06-2024,Routine Maintenance Exp.,One Time Repair,One Time Repair,,Hot applied Thermoplastic Marking  ,GSR Constructions,3894000.00, 3894000.00,,0.00,,0,0, Approved, 
ADHTPL,Purchase Order,1361,1361,24-06-2024,Routine Maintenance Exp.,One Time Repair,One Time Repair,,Black & Yellow Enamel Paint double Coat with Prime,PRK Solutions ,120077.00, 120077.00,,0.00,,0,0, Approved, 
ADHTPL,Purchase Order,1361,1361,24-06-2024,Routine Maintenance Exp.,One Time Repair,One Time Repair,, TMT Steel bar reinforcement conforming 15-1786,PRK Solutions ,168752.00, 168752.00,,0.00,,0,0, Approved, 
ADHTPL,Supplier Invoice,2626,1363,06-08-2024,Routine Maintenance Exp.,One Time Repair,One Time Repair,,kerb painting and crash barrier painting ,GSR Constructions,0.00, ,0.00,827475.00,,0,0, Completed, 
ADHTPL,Purchase Order,1493,1493,17-07-2024,Routine Maintenance Exp.,One Time Repair,One Time Repair,,Design of service Road- MNB- UD& Lined Drain ,V & M infra Management Services LLP ,590000.00, 590000.00,,0.00,,0,0, Approved, 
ADHTPL,Purchase Order,1361,1361,24-06-2024,Routine Maintenance Exp.,One Time Repair,One Time Repair,,Paver Block 100 mm  & 100 mm Sand Thickness,PRK Solutions ,133399.00, 133399.00,,0.00,,0,0, Approved, 
ADHTPL,Purchase Order,1361,1361,24-06-2024,Routine Maintenance Exp.,One Time Repair,One Time Repair,,M-20 Grade Concrete With Shuttering,PRK Solutions ,736320.00, 736320.00,,0.00,,0,0, Approved, 
ADHTPL,Purchase Order,1361,1361,24-06-2024,Routine Maintenance Exp.,One Time Repair,One Time Repair,,Conduct PVC Pipe 75 mm,PRK Solutions ,53808.00, 53808.00,,0.00,,0,0, Approved, 
ADHTPL,Purchase Order,1363,1363,24-06-2024,Routine Maintenance Exp.,One Time Repair,One Time Repair,,kerb painting and crash barrier painting ,GSR Constructions,827475.00, 827475.00,,0.00,,0,0, Approved, 
ADHTPL,Purchase Order,1232,1232,01-06-2024,Routine Maintenance Exp.,One Time Repair,One Time Repair,,Design and drawing for service road ,V & M infra Management Services LLP ,177000.00, 177000.00,,0.00,,0,0, Approved, 
ADHTPL,Budget Balances,  , , 01-04-2024 ,Toll & Route Exp.,Toll Agency Cost,Toll Agency Cost,98142667.00,,,,,,,0.00,98142667.00,, , 
ADHTPL,Purchase Order,1309,1309,10-06-2024,Toll & Route Exp.,Toll Agency Cost,Toll Agency Cost,,Toll and Route Operation Services ,Egis Road Operation India Pvt. Ltd.-DH,9465952.00, 9465952.00,,0.00,,,, Approved, 
ADHTPL,Supplier Invoice,2599,1426,06-08-2024,Toll & Route Exp.,Toll Agency Cost,Toll Agency Cost,,Toll Agency Cost,PIPAL TREE VENTURES PVT LTD,0.00, ,0.00,8361717.00,,0,0, Completed, 
ADHTPL,Supplier Invoice,1983,995,12-06-2024,Toll & Route Exp.,Toll Agency Cost,Toll Agency Cost,,Toll and Route Operation Services ,Egis Road Operation India Pvt. Ltd.-DH,0.00, ,0.00,9465952.00,,0,0, Completed, 
ADHTPL,Supplier Invoice,2418,995,16-07-2024,Toll & Route Exp.,Toll Agency Cost,Toll Agency Cost,,Toll and Route Operation Services ,Egis Road Operation India Pvt. Ltd.-DH,0.00, ,0.00,9465952.00,,0,0, Completed, 
ADHTPL,Purchase Order,1426,1426,03-07-2024,Toll & Route Exp.,Toll Agency Cost,Toll Agency Cost,,Toll Agency Cost,PIPAL TREE VENTURES PVT LTD,68106296.00, 68106296.00,,0.00,,0,0, Approved, 
ADHTPL,Purchase Order,995,995,25-04-2024,Toll & Route Exp.,Toll Agency Cost,Toll Agency Cost,,Toll and Route Operation Services ,Egis Road Operation India Pvt. Ltd.-DH,18931904.00, 0.00,,0.00,,0,0, Approved, 
ADHTPL,Budget Balances,  , , 01-04-2024 ,Toll & Route Exp.,Toll Revision on Toll Boards,Toll Revision on Toll Boards,150000.00,,,,,,,0.00,150000.00,, , 
ADHTPL,Supplier Invoice,1906,1234,06-06-2024,Toll & Route Exp.,Toll Revision on Toll Boards,Toll Revision on Toll Boards,,User fee revision Paper add,Shirdi Sai Communications,0.00, ,0.00,40000.00,,,, Completed, 
ADHTPL,Purchase Order,1234,1234,03-06-2024,Toll & Route Exp.,Toll Revision on Toll Boards,Toll Revision on Toll Boards,,User fee revision Paper add,Shirdi Sai Communications,40000.00, 0.00,,0.00,,0,0, Approved, 
ADHTPL,Budget Balances,  , , 01-04-2024 ,Electrical,Electricity Bills Toll Street Light,Electricity Bill Highway Plaza,15119055.46,,,,,,,0.00,15119055.46,, , 
ADHTPL,Supplier Invoice,2275,974,05-07-2024,Electrical,Electricity Bills Toll Street Light,Electricity Bill Highway Plaza,,Electricity bill Expenditure - Toll plaza ,Bangalore Electricity supply Company limited - HT ,0.00, ,0.00,86873.00,,,, Completed, 
ADHTPL,Supplier Invoice,1927,973,07-06-2024,Electrical,Electricity Bills Toll Street Light,Electricity Bill Highway Plaza,,Electricity bill  Expenditure -Highway Streetlight,Bangalore Electricity supply Company limited ,0.00, ,0.00,410816.00,,0,0, Completed, 
ADHTPL,Supplier Invoice,1919,974,07-06-2024,Electrical,Electricity Bills Toll Street Light,Electricity Bill Highway Plaza,,Electricity bill Expenditure - Toll plaza ,Bangalore Electricity supply Company limited - HT ,0.00, ,0.00,64859.00,,0,0, Completed, 
ADHTPL,Supplier Invoice,1659,973,08-05-2024,Electrical,Electricity Bills Toll Street Light,Electricity Bill Highway Plaza,,Electricity bill  Expenditure -Highway Streetlight,Bangalore Electricity supply Company limited ,0.00, ,0.00,462032.00,,0,0, Completed, 
ADHTPL,Purchase Order,973,973,17-04-2024,Electrical,Electricity Bills Toll Street Light,Electricity Bill Highway Plaza,,Electricity bill  Expenditure -Highway Streetlight,Bangalore Electricity supply Company limited ,10216400.00, 0.00,,0.00,,0,0, Approved, 
ADHTPL,Supplier Invoice,2739,973,14-08-2024,Electrical,Electricity Bills Toll Street Light,Electricity Bill Highway Plaza,,Electricity bill  Expenditure -Highway Streetlight,Bangalore Electricity supply Company limited ,0.00, ,0.00,260587.00,,0,0, Completed, 
ADHTPL,Supplier Invoice,2638,973,06-08-2024,Electrical,Electricity Bills Toll Street Light,Electricity Bill Highway Plaza,,Electricity bill  Expenditure -Highway Streetlight,Bangalore Electricity supply Company limited ,0.00, ,0.00,473302.00,,0,0, Completed, 
ADHTPL,Supplier Invoice,1976,973,11-06-2024,Electrical,Electricity Bills Toll Street Light,Electricity Bill Highway Plaza,,Electricity bill  Expenditure -Highway Streetlight,Bangalore Electricity supply Company limited ,0.00, ,0.00,285627.00,,0,0, Completed, 
ADHTPL,Purchase Order,974,974,17-04-2024,Electrical,Electricity Bills Toll Street Light,Electricity Bill Highway Plaza,,Electricity bill Expenditure - Toll plaza ,Bangalore Electricity supply Company limited - HT ,4902655.00, 0.00,,0.00,,0,0, Approved, 
ADHTPL,Supplier Invoice,2341,973,10-07-2024,Electrical,Electricity Bills Toll Street Light,Electricity Bill Highway Plaza,,Electricity bill  Expenditure -Highway Streetlight,Bangalore Electricity supply Company limited ,0.00, ,0.00,369475.00,,0,0, Completed, 
ADHTPL,Supplier Invoice,1647,974,07-05-2024,Electrical,Electricity Bills Toll Street Light,Electricity Bill Highway Plaza,,Electricity bill Expenditure - Toll plaza ,Bangalore Electricity supply Company limited - HT ,0.00, ,0.00,91910.00,,0,0, Completed, 
ADHTPL,Supplier Invoice,2367,973,12-07-2024,Electrical,Electricity Bills Toll Street Light,Electricity Bill Highway Plaza,,Electricity bill  Expenditure -Highway Streetlight,Bangalore Electricity supply Company limited ,0.00, ,0.00,166647.00,,0,0, Completed, 
ADHTPL,Supplier Invoice,2596,974,06-08-2024,Electrical,Electricity Bills Toll Street Light,Electricity Bill Highway Plaza,,Electricity bill Expenditure - Toll plaza ,Bangalore Electricity supply Company limited - HT ,0.00, ,0.00,90377.00,,0,0, Completed, 
ADHTPL,Supplier Invoice,1738,973,14-05-2024,Electrical,Electricity Bills Toll Street Light,Electricity Bill Highway Plaza,,Electricity bill  Expenditure -Highway Streetlight,Bangalore Electricity supply Company limited ,0.00, ,0.00,243292.00,,0,0, Completed, 
ADHTPL,Supplier Invoice,2274,974,05-07-2024,Electrical,Electricity Bills Toll Street Light,Electricity Bill Highway Plaza,,Electricity bill Expenditure - Toll plaza ,Bangalore Electricity supply Company limited - HT ,0.00, ,0.00,192350.00,,0,0, Completed, 
ADHTPL,Supplier Invoice,1648,974,07-05-2024,Electrical,Electricity Bills Toll Street Light,Electricity Bill Highway Plaza,,Electricity bill Expenditure - Toll plaza ,Bangalore Electricity supply Company limited - HT ,0.00, ,0.00,210052.00,,0,0, Completed, 
ADHTPL,Supplier Invoice,1904,974,06-06-2024,Electrical,Electricity Bills Toll Street Light,Electricity Bill Highway Plaza,,Electricity bill Expenditure - Toll plaza ,Bangalore Electricity supply Company limited - HT ,0.00, ,0.00,174959.00,,0,0, Completed, 
ADHTPL,Supplier Invoice,2597,974,06-08-2024,Electrical,Electricity Bills Toll Street Light,Electricity Bill Highway Plaza,,Electricity bill Expenditure - Toll plaza ,Bangalore Electricity supply Company limited - HT ,0.00, ,0.00,219465.00,,0,0, Completed, 
ADHTPL,Budget Balances,  , , 01-04-2024 ,Electrical,Electrical Repair and Spares,Electrical Repair,1790000.00,,,,,,,0.00,1790000.00,, , 
ADHTPL,Regular Expense,4189,0,03-05-2024,Electrical,Electrical Repair and Spares,Electrical Repair,,3/4 C clamp ,Manikandan S,0.00, ,0.00,141.00,,,, Completed, 
ADHTPL,Regular Expense,4249,0,14-05-2024,Electrical,Electrical Repair and Spares,Electrical Repair,,TATA Def oil 886399000003,Manikandan S,0.00, ,0.00,1400.00,,0,0, Completed, 
ADHTPL,Purchase Order,1633,1633,13-08-2024,Electrical,Electrical Repair and Spares,Electrical Repair,,1.5 sq.mm. 6 core copper cable ,Sri Durga Enterprises ,12390.00, 12390.00,,0.00,,0,0, Submitted, 
ADHTPL,Purchase Order,1428,1428,03-07-2024,Electrical,Electrical Repair and Spares,Electrical Repair,,Fuel Sensor for 160 KVA DG Set and Sky lift ,MYVALUEPACK RETAIL PRIVATE LIMITED,69620.00, 69620.00,,0.00,,0,0, Approved, 
ADHTPL,Purchase Order,1633,1633,13-08-2024,Electrical,Electrical Repair and Spares,Electrical Repair,,Battery charger 12 V 10 Amps ,Sri Durga Enterprises ,4366.00, 4366.00,,0.00,,0,0, Submitted, 
ADHTPL,Regular Expense,4257,0,15-05-2024,Electrical,Electrical Repair and Spares,Electrical Repair,,6 Feet Ladder ,Manikandan S,0.00, ,0.00,4800.00,,0,0, Completed, 
ADHTPL,Purchase Order,1634,1634,14-08-2024,Electrical,Electrical Repair and Spares,Electrical Repair,, Wi-Fi model RFID + finger sensor door lock,Sattva System Integrators LLP,39412.00, 39412.00,,0.00,,0,0, Approved, 
ADHTPL,Regular Expense,4031,0,08-04-2024,Electrical,Electrical Repair and Spares,Electrical Repair,,Stabilizer service charges,Manikandan S,0.00, ,0.00,767.00,,0,0, Completed, 
ADHTPL,Regular Expense,4639,0,24-07-2024,Electrical,Electrical Repair and Spares,Electrical Repair,,Lock and key ,Manikandan S,0.00, ,0.00,2950.00,,0,0, Completed, 
ADHTPL,Purchase Order,1633,1633,13-08-2024,Electrical,Electrical Repair and Spares,Electrical Repair,,supply & installation of Neutral earthing IS3043 ,Sri Durga Enterprises ,29500.00, 29500.00,,0.00,,0,0, Submitted, 
ADHTPL,Purchase Order,1634,1634,14-08-2024,Electrical,Electrical Repair and Spares,Electrical Repair,,Installation charges and configuration charges ,Sattva System Integrators LLP,21004.00, 21004.00,,0.00,,0,0, Approved, 
ADHTPL,Purchase Order,1633,1633,13-08-2024,Electrical,Electrical Repair and Spares,Electrical Repair,,supply and installation of Body earthing IS3043,Sri Durga Enterprises ,19470.00, 19470.00,,0.00,,0,0, Submitted, 
ADHTPL,Regular Expense,4189,0,03-05-2024,Electrical,Electrical Repair and Spares,Electrical Repair,,3/4 collar pipe ,Manikandan S,0.00, ,0.00,295.00,,0,0, Completed, 
ADHTPL,Purchase Order,1633,1633,13-08-2024,Electrical,Electrical Repair and Spares,Electrical Repair,,CEIG Approval  for  160 KVA DG set ,Sri Durga Enterprises ,48380.00, 48380.00,,0.00,,0,0, Submitted, 
ADHTPL,Budget Balances,  , , 01-04-2024 ,Electrical,DG and UPS AMC,Plaza Transformer Inspection charges & AMC,443207.00,,,,,,,0.00,443207.00,, , 
ADHTPL,Purchase Order,1194,1194,23-05-2024,Electrical,DG and UPS AMC,Plaza Transformer Inspection charges & AMC,,50 KVA DG Set AMC Charges ,Maniranjan Diesel sales and Service Pvt Ltd ,8054.00, 8054.00,,0.00,,,, Approved, 
ADHTPL,Purchase Order,1194,1194,23-05-2024,Electrical,DG and UPS AMC,Plaza Transformer Inspection charges & AMC,,25 KVA DG set AMC Charges ,Maniranjan Diesel sales and Service Pvt Ltd ,47702.00, 47702.00,,0.00,,0,0, Approved, 
ADHTPL,Purchase Order,1194,1194,23-05-2024,Electrical,DG and UPS AMC,Plaza Transformer Inspection charges & AMC,,35 KVA DG set AMC Charges ,Maniranjan Diesel sales and Service Pvt Ltd ,27258.00, 27258.00,,0.00,,0,0, Approved, 
ADHTPL,Supplier Invoice,2634,1424,06-08-2024,Electrical,DG and UPS AMC,Plaza Transformer Inspection charges & AMC,,AMC service contract for 62.5 KVA DG set ,SURYA POWER SERVICES,0.00, ,0.00,9440.00,,0,0, Completed, 
ADHTPL,Purchase Order,1194,1194,23-05-2024,Electrical,DG and UPS AMC,Plaza Transformer Inspection charges & AMC,,30 KVA DG set AMC Charges ,Maniranjan Diesel sales and Service Pvt Ltd ,34073.00, 34073.00,,0.00,,0,0, Approved, 
ADHTPL,Purchase Order,1424,1424,03-07-2024,Electrical,DG and UPS AMC,Plaza Transformer Inspection charges & AMC,,AMC service contract for 62.5 KVA DG set ,SURYA POWER SERVICES,9440.00, 0.00,,0.00,,0,0, Approved, 
ADHTPL,Purchase Order,1194,1194,23-05-2024,Electrical,DG and UPS AMC,Plaza Transformer Inspection charges & AMC,,40 KVA Dg set AMC Charges ,Maniranjan Diesel sales and Service Pvt Ltd ,34073.00, 34073.00,,0.00,,0,0, Approved, 
ADHTPL,Purchase Order,1231,1231,31-05-2024,Electrical,DG and UPS AMC,Plaza Transformer Inspection charges & AMC,,6 KVA UPS AMC ,NOVATEUR ELECTRICAL & DIGITAL SYSTEMS PRIVATE LIMITED,29833.00, 29833.00,,0.00,,0,0, Approved, 
ADHTPL,Purchase Order,1612,1612,09-08-2024,Electrical,DG and UPS AMC,Plaza Transformer Inspection charges & AMC,,125 KVA DG set AMC Contract Charges ,GMMCO LIMITED ,17171.00, 17171.00,,0.00,,0,0, Approved, 
ADHTPL,Purchase Order,1194,1194,23-05-2024,Electrical,DG and UPS AMC,Plaza Transformer Inspection charges & AMC,,15 KVA DG set AMC Charges ,Maniranjan Diesel sales and Service Pvt Ltd ,5576.00, 5576.00,,0.00,,0,0, Approved, 
ADHTPL,Purchase Order,1231,1231,31-05-2024,Electrical,DG and UPS AMC,Plaza Transformer Inspection charges & AMC,,50 KVA UPS AMC Charges ,NOVATEUR ELECTRICAL & DIGITAL SYSTEMS PRIVATE LIMITED,154986.00, 154986.00,,0.00,,0,0, Approved, 
ADHTPL,Purchase Order,1194,1194,23-05-2024,Electrical,DG and UPS AMC,Plaza Transformer Inspection charges & AMC,,62.5 KVA DG Set AMC ,Maniranjan Diesel sales and Service Pvt Ltd ,8050.00, 8050.00,,0.00,,0,0, Approved, 
ADHTPL,Supplier Invoice,2435,1231,17-07-2024,Electrical,DG and UPS AMC,Plaza Transformer Inspection charges & AMC,,50 KVA UPS AMC Charges ,NOVATEUR ELECTRICAL & DIGITAL SYSTEMS PRIVATE LIMITED,0.00, ,0.00,92409.00,,0,0, Completed, 
ADHTPL,Purchase Order,1194,1194,23-05-2024,Electrical,DG and UPS AMC,Plaza Transformer Inspection charges & AMC,,20 KVA DG set AMC Charges ,Maniranjan Diesel sales and Service Pvt Ltd ,5576.00, 5576.00,,0.00,,0,0, Approved, 
ADHTPL,Budget Balances,  , , 01-04-2024 ,Electrical,DG Spare Cost,AC Units AMC / Maintenance,480000.00,,,,,,,0.00,480000.00,, , 
ADHTPL,Purchase Order,1286,1286,07-06-2024,Electrical,DG Spare Cost,AC Units AMC / Maintenance,,Harness - Transformer ,Maniranjan Diesel sales and Service Pvt Ltd ,3303.00, 3303.00,,0.00,,,, Approved, 
ADHTPL,Purchase Order,1626,1626,12-08-2024,Electrical,DG Spare Cost,AC Units AMC / Maintenance,,Cat Deo C14 15W - 40 Pail 20  liter can ,GMMCO LIMITED ,8033.00, 8033.00,,0.00,,0,0, Approved, 
ADHTPL,Supplier Invoice,2678,1286,09-08-2024,Electrical,DG Spare Cost,AC Units AMC / Maintenance,,Harness Engine - A044L753,Maniranjan Diesel sales and Service Pvt Ltd ,0.00, ,0.00,20440.00,,0,0, Completed, 
ADHTPL,Purchase Order,1633,1633,13-08-2024,Electrical,DG Spare Cost,AC Units AMC / Maintenance,,KWH Meter for 160 KVA DG set ,Sri Durga Enterprises ,7080.00, 7080.00,,0.00,,0,0, Submitted, 
ADHTPL,Purchase Order,1286,1286,07-06-2024,Electrical,DG Spare Cost,AC Units AMC / Maintenance,,Transportation charges for DG set spares ,Maniranjan Diesel sales and Service Pvt Ltd ,1920.00, 1920.00,,0.00,,0,0, Approved, 
ADHTPL,Purchase Order,1286,1286,07-06-2024,Electrical,DG Spare Cost,AC Units AMC / Maintenance,,Harness - AC ,Maniranjan Diesel sales and Service Pvt Ltd ,9574.00, 9574.00,,0.00,,0,0, Approved, 
ADHTPL,Purchase Order,1626,1626,12-08-2024,Electrical,DG Spare Cost,AC Units AMC / Maintenance,,P&F Charges ,GMMCO LIMITED ,910.00, 910.00,,0.00,,0,0, Approved, 
ADHTPL,Supplier Invoice,2678,1286,09-08-2024,Electrical,DG Spare Cost,AC Units AMC / Maintenance,,Coil Electrical - A044F796,Maniranjan Diesel sales and Service Pvt Ltd ,0.00, ,0.00,5244.00,,0,0, Completed, 
ADHTPL,Supplier Invoice,2678,1286,09-08-2024,Electrical,DG Spare Cost,AC Units AMC / Maintenance,,Harness Engine,Maniranjan Diesel sales and Service Pvt Ltd ,0.00, ,0.00,25681.00,,0,0, Completed, 
ADHTPL,Purchase Order,1286,1286,07-06-2024,Electrical,DG Spare Cost,AC Units AMC / Maintenance,,Harness Engine - A044L753,Maniranjan Diesel sales and Service Pvt Ltd ,20440.00, 20440.00,,0.00,,0,0, Approved, 
ADHTPL,Supplier Invoice,2678,1286,09-08-2024,Electrical,DG Spare Cost,AC Units AMC / Maintenance,,Transportation charges for DG set spares ,Maniranjan Diesel sales and Service Pvt Ltd ,0.00, ,0.00,1920.00,,0,0, Completed, 
ADHTPL,Supplier Invoice,2678,1286,09-08-2024,Electrical,DG Spare Cost,AC Units AMC / Maintenance,,Harness - Transformer ,Maniranjan Diesel sales and Service Pvt Ltd ,0.00, ,0.00,3303.00,,0,0, Completed, 
ADHTPL,Purchase Order,1286,1286,07-06-2024,Electrical,DG Spare Cost,AC Units AMC / Maintenance,,Coil Electrical - A044F796,Maniranjan Diesel sales and Service Pvt Ltd ,5244.00, 5244.00,,0.00,,0,0, Approved, 
ADHTPL,Purchase Order,1286,1286,07-06-2024,Electrical,DG Spare Cost,AC Units AMC / Maintenance,,Harness Engine,Maniranjan Diesel sales and Service Pvt Ltd ,25681.00, 25681.00,,0.00,,0,0, Approved, 
ADHTPL,Purchase Order,1626,1626,12-08-2024,Electrical,DG Spare Cost,AC Units AMC / Maintenance,,PM kit with Air Filter ,GMMCO LIMITED ,9796.00, 9796.00,,0.00,,0,0, Approved, 
ADHTPL,Supplier Invoice,2678,1286,09-08-2024,Electrical,DG Spare Cost,AC Units AMC / Maintenance,,Harness - AC ,Maniranjan Diesel sales and Service Pvt Ltd ,0.00, ,0.00,6382.00,,0,0, Completed, 
ADHTPL,Purchase Order,1286,1286,07-06-2024,Electrical,DG Spare Cost,AC Units AMC / Maintenance,,level switch for DG set ,Maniranjan Diesel sales and Service Pvt Ltd ,2523.00, 2523.00,,0.00,,0,0, Approved, 
ADHTPL,Budget Balances,  , , 01-04-2024 ,Electrical,DG Fuel Cost,DG AMC,875006.50,,,,,,,0.00,875006.50,, , 
ADHTPL,Supplier Invoice,1858,968,03-06-2024,Electrical,DG Fuel Cost,DG AMC,,Fuel charges for DG set ,SLN Service Station ,0.00, ,0.00,54925.00,,,, Completed, 
ADHTPL,Purchase Order,968,968,16-04-2024,Electrical,DG Fuel Cost,DG AMC,,Fuel charges for DG set ,SLN Service Station ,437503.00, 0.00,,0.00,,0,0, Closed, 
ADHTPL,Supplier Invoice,1646,968,07-05-2024,Electrical,DG Fuel Cost,DG AMC,,Fuel charges for DG set ,SLN Service Station ,0.00, ,0.00,12873.00,,0,0, Completed, 
ADHTPL,Supplier Invoice,1935,968,10-06-2024,Electrical,DG Fuel Cost,DG AMC,,Fuel charges for DG set ,SLN Service Station ,0.00, ,0.00,29179.00,,0,0, Completed, 
ADHTPL,Supplier Invoice,1701,968,13-05-2024,Electrical,DG Fuel Cost,DG AMC,,Fuel charges for DG set ,SLN Service Station ,0.00, ,0.00,6866.00,,0,0, Completed, 
ADHTPL,Supplier Invoice,2328,968,09-07-2024,Electrical,DG Fuel Cost,DG AMC,,Fuel charges for DG set ,SLN Service Station ,0.00, ,0.00,31978.00,,0,0, Completed, 
ADHTPL,Purchase Order,1526,1526,23-07-2024,Electrical,DG Fuel Cost,DG AMC,,Fuel charges for DG set ,SLN Service Station ,726000.00, 0.00,,0.00,,0,0, Approved, 
ADHTPL,Supplier Invoice,2633,1526,06-08-2024,Electrical,DG Fuel Cost,DG AMC,,Fuel charges for DG set ,SLN Service Station ,0.00, ,0.00,34644.00,,0,0, Completed, 
ADHTPL,Supplier Invoice,2095,968,21-06-2024,Electrical,DG Fuel Cost,DG AMC,,Fuel charges for DG set ,SLN Service Station ,0.00, ,0.00,12873.00,,0,0, Completed, 
ADHTPL,Budget Balances,  , , 01-04-2024 ,TMS & HTMS Exp.,AMC Expenses,AMC Expenses,4512480.00,,,,,,,0.00,4512480.00,, , 
ADHTPL,Supplier Invoice,2057,1051,18-06-2024,TMS & HTMS Exp.,AMC Expenses,AMC Expenses,,Optical Fiber Cable,VSR Project,0.00, ,0.00,17700.00,,,, Completed, 
ADHTPL,Purchase Order,1051,1051,04-05-2024,TMS & HTMS Exp.,AMC Expenses,AMC Expenses,,Optical Fiber Cable,VSR Project,212400.00, 177000.00,,0.00,,0,0, Approved, 
ADHTPL,Supplier Invoice,2049,1051,18-06-2024,TMS & HTMS Exp.,AMC Expenses,AMC Expenses,,Optical Fiber Cable,VSR Project,0.00, ,0.00,17700.00,,0,0, Completed, 
ADHTPL,Budget Balances,  , , 01-04-2024 ,TMS & HTMS Exp.,TMS Spares,TMS Spares,2460000.00,,,,,,,0.00,2460000.00,, , 
ADHTPL,Purchase Order,1283,1283,07-06-2024,TMS & HTMS Exp.,TMS Spares,TMS Spares,,MGC Controller-E20262813,Efkon India Private Limited - Karnataka,23895.00, 23895.00,,0.00,,,, Approved, 
ADHTPL,Supplier Invoice,1779,1086,22-05-2024,TMS & HTMS Exp.,TMS Spares,TMS Spares,,Data Recovery (B41484),Stellar Information Technology Private Ltd,0.00, ,0.00,244850.00,,0,0, Completed, 
ADHTPL,Supplier Invoice,2474,1283,22-07-2024,TMS & HTMS Exp.,TMS Spares,TMS Spares,,Toll Pro 2 Motor-62711700504,Efkon India Private Limited - Karnataka,0.00, ,0.00,31624.00,,0,0, Completed, 
ADHTPL,Purchase Order,1086,1086,08-05-2024,TMS & HTMS Exp.,TMS Spares,TMS Spares,,Data Recovery (B41484),Stellar Information Technology Private Ltd,489700.00, 0.00,,0.00,,0,0, Approved, 
ADHTPL,Purchase Order,1283,1283,07-06-2024,TMS & HTMS Exp.,TMS Spares,TMS Spares,,Toll Pro 2 Motor-62711901243,Efkon India Private Limited - Karnataka,31152.00, 31152.00,,0.00,,0,0, Approved, 
ADHTPL,Regular Expense,4477,0,27-06-2024,TMS & HTMS Exp.,TMS Spares,TMS Spares,,Speakers for ECB,Syed Jaweed Ahmed,0.00, ,0.00,952.00,,0,0, Completed, 
ADHTPL,Purchase Order,1283,1283,07-06-2024,TMS & HTMS Exp.,TMS Spares,TMS Spares,,MGC Controller-E20236401,Efkon India Private Limited - Karnataka,16520.00, 16520.00,,0.00,,0,0, Approved, 
ADHTPL,Supplier Invoice,2474,1283,22-07-2024,TMS & HTMS Exp.,TMS Spares,TMS Spares,,Toll Pro 2 Motor-62711901086,Efkon India Private Limited - Karnataka,0.00, ,0.00,31860.00,,0,0, Completed, 
ADHTPL,Supplier Invoice,2474,1283,22-07-2024,TMS & HTMS Exp.,TMS Spares,TMS Spares,,MGC Controller-E20261711,Efkon India Private Limited - Karnataka,0.00, ,0.00,23010.00,,0,0, Completed, 
ADHTPL,Purchase Order,1283,1283,07-06-2024,TMS & HTMS Exp.,TMS Spares,TMS Spares,,Toll Pro 2 Motor-62711901234,Efkon India Private Limited - Karnataka,32804.00, 32804.00,,0.00,,0,0, Approved, 
ADHTPL,Regular Expense,4477,0,27-06-2024,TMS & HTMS Exp.,TMS Spares,TMS Spares,,Glue Gun,Syed Jaweed Ahmed,0.00, ,0.00,358.00,,0,0, Completed, 
ADHTPL,Supplier Invoice,2474,1283,22-07-2024,TMS & HTMS Exp.,TMS Spares,TMS Spares,,Toll Pro 2 Motor-62711901085,Efkon India Private Limited - Karnataka,0.00, ,0.00,32568.00,,0,0, Completed, 
ADHTPL,Regular Expense,4345,0,31-05-2024,TMS & HTMS Exp.,TMS Spares,TMS Spares,,External Hard Drive ,Syed Jaweed Ahmed,0.00, ,0.00,7080.00,,0,0, Completed, 
ADHTPL,Supplier Invoice,2474,1283,22-07-2024,TMS & HTMS Exp.,TMS Spares,TMS Spares,,MGC Controller-E20262813,Efkon India Private Limited - Karnataka,0.00, ,0.00,23895.00,,0,0, Completed, 
ADHTPL,Purchase Order,1283,1283,07-06-2024,TMS & HTMS Exp.,TMS Spares,TMS Spares,,Toll Pro 2 Motor-62711700504,Efkon India Private Limited - Karnataka,31624.00, 31624.00,,0.00,,0,0, Approved, 
ADHTPL,Purchase Order,1522,1522,23-07-2024,TMS & HTMS Exp.,TMS Spares,TMS Spares,,Solar Charge Controller for ECB,PSY Engineers and Projects ,6490.00, 0.00,,0.00,,0,0, Approved, 
ADHTPL,Operating Expense,4292,0,22-05-2024,TMS & HTMS Exp.,TMS Spares,TMS Spares,,Beetel C11 telephone,Sattva System Integrators LLP,0.00, ,0.00,3499.98,,0,0, Completed, 
ADHTPL,Supplier Invoice,2474,1283,22-07-2024,TMS & HTMS Exp.,TMS Spares,TMS Spares,,Toll Pro 2 Motor-62711901243,Efkon India Private Limited - Karnataka,0.00, ,0.00,31152.00,,0,0, Completed, 
ADHTPL,Purchase Order,1283,1283,07-06-2024,TMS & HTMS Exp.,TMS Spares,TMS Spares,,Toll Pro 2 Motor-62711901086,Efkon India Private Limited - Karnataka,31860.00, 31860.00,,0.00,,0,0, Approved, 
ADHTPL,Supplier Invoice,2655,1522,07-08-2024,TMS & HTMS Exp.,TMS Spares,TMS Spares,,Solar Charge Controller for ECB,PSY Engineers and Projects ,0.00, ,0.00,6490.00,,0,0, Completed, 
ADHTPL,Operating Expense,4307,0,24-05-2024,TMS & HTMS Exp.,TMS Spares,TMS Spares,,Finolex Two Pair Telephone cable with conduits,Classic Solution,0.00, ,0.00,9864.80,,0,0, Completed, 
ADHTPL,Supplier Invoice,2474,1283,22-07-2024,TMS & HTMS Exp.,TMS Spares,TMS Spares,,MGC Controller-E20236401,Efkon India Private Limited - Karnataka,0.00, ,0.00,16520.00,,0,0, Completed, 
ADHTPL,Purchase Order,1283,1283,07-06-2024,TMS & HTMS Exp.,TMS Spares,TMS Spares,,MGC Controller-E20261711,Efkon India Private Limited - Karnataka,23010.00, 23010.00,,0.00,,0,0, Approved, 
ADHTPL,Purchase Order,1522,1522,23-07-2024,TMS & HTMS Exp.,TMS Spares,TMS Spares,,12.8V 24Ah Lithium-ion Batteries,PSY Engineers and Projects ,48168.00, 0.00,,0.00,,0,0, Approved, 
ADHTPL,Supplier Invoice,2474,1283,22-07-2024,TMS & HTMS Exp.,TMS Spares,TMS Spares,,Toll Pro 2 Motor-62711901234,Efkon India Private Limited - Karnataka,0.00, ,0.00,32804.00,,0,0, Completed, 
ADHTPL,Purchase Order,1283,1283,07-06-2024,TMS & HTMS Exp.,TMS Spares,TMS Spares,,Toll Pro 2 Motor-62711901085,Efkon India Private Limited - Karnataka,32568.00, 32568.00,,0.00,,0,0, Approved, 
ADHTPL,Supplier Invoice,2655,1522,07-08-2024,TMS & HTMS Exp.,TMS Spares,TMS Spares,,12.8V 24Ah Lithium-ion Batteries,PSY Engineers and Projects ,0.00, ,0.00,48168.00,,0,0, Completed, 
ADHTPL,Supplier Invoice,1828,1086,28-05-2024,TMS & HTMS Exp.,TMS Spares,TMS Spares,,Data Recovery (B41484),Stellar Information Technology Private Ltd,0.00, ,0.00,244850.00,,0,0, Completed, 
ADHTPL,Budget Balances,  , , 01-04-2024 ,TMS & HTMS Exp.,ECB & DG Alarm GSM Charges,ECB & DG Alarm GSM Charges,50000.00,,,,,,,0.00,50000.00,, , 
ADHTPL,Operating Expense,4506,0,03-07-2024,TMS & HTMS Exp.,ECB & DG Alarm GSM Charges,ECB & DG Alarm GSM Charges,,ECB IOT SIM charges ,Bharti Airtel Limited - DH M2M ,0.00, ,0.00,1604.80,,,, Completed, 
ADHTPL,Operating Expense,4420,0,13-06-2024,TMS & HTMS Exp.,ECB & DG Alarm GSM Charges,ECB & DG Alarm GSM Charges,,ECB IOT SIM charges ,Bharti Airtel Limited - DH M2M ,0.00, ,0.00,1486.80,,0,0, Completed, 
ADHTPL,Budget Balances,  , , 01-04-2024 ,TMS & HTMS Exp.,Toll System Consumables,Toll System Consumables,80000.00,,,,,,,0.00,80000.00,, , 
ADHTPL,Regular Expense,4425,0,15-06-2024,TMS & HTMS Exp.,Toll System Consumables,Toll System Consumables,,Stretch Film,Syed Jaweed Ahmed,0.00, ,0.00,1300.36,,,, Completed, 
ADHTPL,Operating Expense,4284,0,17-05-2024,TMS & HTMS Exp.,Toll System Consumables,Toll System Consumables,,MATRIX IP PBX CONFIGURATION CHARGES,Classic Solution,0.00, ,0.00,6167.86,,0,0, Completed, 
ADHTPL,Budget Balances,  , , 01-04-2024 ,TMS & HTMS Exp.,Internet Charges,Internet Charges,400000.00,,,,,,,0.00,400000.00,, , 
ADHTPL,Purchase Order,942,942,12-04-2024,TMS & HTMS Exp.,Internet Charges,Internet Charges,,Internet Charges,Reliance Jio Infocomm Limited - Banglore,153400.00, 0.00,,0.00,,,, Approved, 
ADHTPL,Supplier Invoice,1545,943,17-04-2024,TMS & HTMS Exp.,Internet Charges,Internet Charges,,Internet Charges,Bharti Airtel Ltd - Internet Lease Line - Devanahalli,0.00, ,0.00,44250.00,,0,0, Completed, 
ADHTPL,Purchase Order,943,943,12-04-2024,TMS & HTMS Exp.,Internet Charges,Internet Charges,,Internet Charges,Bharti Airtel Ltd - Internet Lease Line - Devanahalli,177000.00, 0.00,,0.00,,0,0, Approved, 
ADHTPL,Supplier Invoice,2251,942,04-07-2024,TMS & HTMS Exp.,Internet Charges,Internet Charges,,Internet Charges,Reliance Jio Infocomm Limited - Banglore,0.00, ,0.00,50150.00,,0,0, Completed, 
ADHTPL,Supplier Invoice,1531,942,16-04-2024,TMS & HTMS Exp.,Internet Charges,Internet Charges,,Internet Charges,Reliance Jio Infocomm Limited - Banglore,0.00, ,0.00,38350.00,,0,0, Completed, 
ADHTPL,Supplier Invoice,2059,943,18-06-2024,TMS & HTMS Exp.,Internet Charges,Internet Charges,,Internet Charges,Bharti Airtel Ltd - Internet Lease Line - Devanahalli,0.00, ,0.00,44250.00,,0,0, Completed, 
ADHTPL,Budget Balances,  , , 01-04-2024 ,Personal Exp.,Training and Development,Training and Development,800000.00,,,,,,,0.00,800000.00,, , 
ADHTPL,Regular Expense,4056,0,18-04-2024,Personal Exp.,Training and Development,Training and Development,,wallyball ,Venu E,0.00, ,0.00,1496.00,,,, Completed, 
ADHTPL,Budget Balances,  , , 01-04-2024 ,Personal Exp.,Mobile Reimbursement,Mobile Reimbursement,180000.00,,,,,,,0.00,180000.00,, , 
ADHTPL,Regular Expense,4437,0,18-05-2024,Personal Exp.,Mobile Reimbursement,Mobile Reimbursement,,Mobile Bill / Data Card,Anjaneya Reddy,0.00, ,0.00,8696.00,,,, Completed, 
ADHTPL,Regular Expense,4438,0,18-06-2024,Personal Exp.,Mobile Reimbursement,Mobile Reimbursement,,Mobile Bill / Data Card,Anjaneya Reddy,0.00, ,0.00,8680.00,,0,0, Completed, 
ADHTPL,Operating Expense,4605,0,18-07-2024,Personal Exp.,Mobile Reimbursement,Mobile Reimbursement,,Mobile Bill / Data Card,Bharti Airtel Limited - CUG Mobile Bill,0.00, ,0.00,8474.76,,0,0, Completed, 
ADHTPL,Regular Expense,4586,0,15-07-2024,Personal Exp.,Mobile Reimbursement,Mobile Reimbursement,,Mobile Bill / Data Card,Subhashish Kundu,0.00, ,0.00,30000.00,,0,0, Completed, 
ADHTPL,Regular Expense,4188,0,18-04-2024,Personal Exp.,Mobile Reimbursement,Mobile Reimbursement,,mobile Bill,Anjaneya Reddy,0.00, ,0.00,8478.00,,0,0, Completed, 
ADHTPL,Budget Balances,  , , 01-04-2024 ,Personal Exp.,Staff/Family Outing,Staff/Family Outing,400000.00,,,,,,,0.00,400000.00,, , 
ADHTPL,Purchase Order,1563,1563,29-07-2024,Personal Exp.,Staff/Family Outing,Staff/Family Outing,,Food (Adult),VELS STUDIOS AND ENTERTAINMENT PRIVATE LIMITED,24457.00, 24457.00,,0.00,,,, Approved, 
ADHTPL,Purchase Order,1534,1534,25-07-2024,Personal Exp.,Staff/Family Outing,Staff/Family Outing,,Wild Valley StayPackage Executive RoomNon AC,HURRAY HOLIDAYS PRIVATE LIMITED,44000.00, 44000.00,,0.00,,0,0, Approved, 
ADHTPL,Purchase Order,1563,1563,29-07-2024,Personal Exp.,Staff/Family Outing,Staff/Family Outing,,Food (Child),VELS STUDIOS AND ENTERTAINMENT PRIVATE LIMITED,3990.00, 3990.00,,0.00,,0,0, Approved, 
ADHTPL,Purchase Order,1535,1535,25-07-2024,Personal Exp.,Staff/Family Outing,Staff/Family Outing,,Amazon Gift card,CPAS Technologies Private Limited,72000.00, 72000.00,,0.00,,0,0, Approved, 
ADHTPL,Purchase Order,1535,1535,25-07-2024,Personal Exp.,Staff/Family Outing,Staff/Family Outing,,Amazon Gift Cards-P Amazon Physical card,CPAS Technologies Private Limited,340.00, 340.00,,0.00,,0,0, Approved, 
ADHTPL,Purchase Order,1563,1563,29-07-2024,Personal Exp.,Staff/Family Outing,Staff/Family Outing,,Park Entry (Adults),VELS STUDIOS AND ENTERTAINMENT PRIVATE LIMITED,40314.00, 40314.00,,0.00,,0,0, Approved, 
ADHTPL,Purchase Order,1534,1534,25-07-2024,Personal Exp.,Staff/Family Outing,Staff/Family Outing,,Wild Valley StayPackage Crest Hill viewRooms AC,HURRAY HOLIDAYS PRIVATE LIMITED,56148.00, 56148.00,,0.00,,0,0, Approved, 
ADHTPL,Purchase Order,1563,1563,29-07-2024,Personal Exp.,Staff/Family Outing,Staff/Family Outing,,Park Entry (Child),VELS STUDIOS AND ENTERTAINMENT PRIVATE LIMITED,6400.00, 6400.00,,0.00,,0,0, Approved, 
ADHTPL,Purchase Order,1534,1534,25-07-2024,Personal Exp.,Staff/Family Outing,Staff/Family Outing,,Wild Valley StayPackage Elite Hill ViewRoom,HURRAY HOLIDAYS PRIVATE LIMITED,52908.00, 52908.00,,0.00,,0,0, Approved, 
ADHTPL,Budget Balances,  , , 01-04-2024 ,Personal Exp.,Staff Welfare,Staff Welfare,350000.00,,,,,,,0.00,350000.00,, , 
ADHTPL,Regular Expense,4233,0,11-05-2024,Personal Exp.,Staff Welfare,Staff Welfare,,Food & Refreshment expenses with IE & NHAI ,Nabeel Ahmad,0.00, ,0.00,792.00,,,, Completed, 
ADHTPL,Travel Expense,4007,0,11-04-2024,Personal Exp.,Staff Welfare,Staff Welfare,,Food & Beverages,Manjanna V,0.00, ,0.00,70.00,,0,0, Completed, 
ADHTPL,Regular Expense,4684,0,02-08-2024,Personal Exp.,Staff Welfare,Staff Welfare,,Food & Refreshment expenses with IE & NHAI ,Nabeel Ahmad,0.00, ,0.00,220.00,,0,0, Completed, 
ADHTPL,Regular Expense,4076,0,22-04-2024,Personal Exp.,Staff Welfare,Staff Welfare,,SNACKS ,Venu E,0.00, ,0.00,770.00,,0,0, Completed, 
ADHTPL,Travel Expense,4213,0,08-05-2024,Personal Exp.,Staff Welfare,Staff Welfare,,Food & Beverages (Tea/Coffee/Water etc.) ,Tabraze Ahmed,0.00, ,0.00,141.00,,0,0, Completed, 
ADHTPL,Regular Expense,4473,0,27-06-2024,Personal Exp.,Staff Welfare,Staff Welfare,,Food & Refreshment expenses with IE & NHAI ,Manikandan S,0.00, ,0.00,912.00,,0,0, Completed, 
ADHTPL,Travel Expense,3951,0,07-04-2024,Personal Exp.,Staff Welfare,Staff Welfare,,Food & Beverages (Tea/Coffee/Water etc.) ,Bharath Mohan K,0.00, ,0.00,808.00,,0,0, Completed, 
ADHTPL,Supplier Invoice,2016,1310,13-06-2024,Personal Exp.,Staff Welfare,Staff Welfare,,staff snacks,HDFC Prepaid Card,0.00, ,0.00,16548.00,,0,0, Completed, 
ADHTPL,Regular Expense,4120,0,13-04-2024,Personal Exp.,Staff Welfare,Staff Welfare,,Staff Welfare,Subhashish Kundu,0.00, ,0.00,830.00,,0,0, Completed, 
ADHTPL,Travel Expense,4007,0,11-04-2024,Personal Exp.,Staff Welfare,Staff Welfare,,Food & Beverages,Manjanna V,0.00, ,0.00,85.00,,0,0, Completed, 
ADHTPL,Regular Expense,4153,0,03-05-2024,Personal Exp.,Staff Welfare,Staff Welfare,,SNACKS ,Venu E,0.00, ,0.00,1000.00,,0,0, Completed, 
ADHTPL,Travel Expense,4007,0,11-04-2024,Personal Exp.,Staff Welfare,Staff Welfare,,Food & Beverages,Manjanna V,0.00, ,0.00,145.00,,0,0, Completed, 
ADHTPL,Regular Expense,4255,0,15-05-2024,Personal Exp.,Staff Welfare,Staff Welfare,,Food & Refreshment expenses with IE & NHAI ,Manikandan S,0.00, ,0.00,2601.00,,0,0, Completed, 
ADHTPL,Regular Expense,4514,0,05-07-2024,Personal Exp.,Staff Welfare,Staff Welfare,,Staff Welfare,Venu E,0.00, ,0.00,1205.40,,0,0, Completed, 
ADHTPL,Regular Expense,4245,0,13-05-2024,Personal Exp.,Staff Welfare,Staff Welfare,,SNACKS ,Anjaneya Reddy,0.00, ,0.00,1340.00,,0,0, Completed, 
ADHTPL,Regular Expense,4030,0,12-04-2024,Personal Exp.,Staff Welfare,Staff Welfare,,Food expenditure during IE Inspection,Manikandan S,0.00, ,0.00,1511.00,,0,0, Completed, 
ADHTPL,Travel Expense,4007,0,11-04-2024,Personal Exp.,Staff Welfare,Staff Welfare,,Food & Beverages,Manjanna V,0.00, ,0.00,50.00,,0,0, Completed, 
ADHTPL,Regular Expense,4687,0,02-08-2024,Personal Exp.,Staff Welfare,Staff Welfare,,Staff Welfare,Venu E,0.00, ,0.00,865.00,,0,0, Completed, 
ADHTPL,Regular Expense,3973,0,08-04-2024,Personal Exp.,Staff Welfare,Staff Welfare,,Staff Welfare,Venu E,0.00, ,0.00,2408.00,,0,0, Completed, 
ADHTPL,Travel Expense,4213,0,08-05-2024,Personal Exp.,Staff Welfare,Staff Welfare,,Food & Beverages (Tea/Coffee/Water etc.) ,Tabraze Ahmed,0.00, ,0.00,590.00,,0,0, Completed, 
ADHTPL,Regular Expense,4184,0,06-05-2024,Personal Exp.,Staff Welfare,Staff Welfare,,SNACKS ,Venu E,0.00, ,0.00,700.00,,0,0, Completed, 
ADHTPL,Regular Expense,4462,0,26-06-2024,Personal Exp.,Staff Welfare,Staff Welfare,,Staff Welfare,Venu E,0.00, ,0.00,640.00,,0,0, Completed, 
ADHTPL,Regular Expense,4741,0,07-08-2024,Personal Exp.,Staff Welfare,Staff Welfare,,SNACKS ,Manjeet Malhotra,0.00, ,0.00,270.00,,0,0, Completed, 
ADHTPL,Regular Expense,4121,0,27-04-2024,Personal Exp.,Staff Welfare,Staff Welfare,,SNACKS ,Venu E,0.00, ,0.00,1277.86,,0,0, Completed, 
ADHTPL,Regular Expense,4615,0,20-07-2024,Personal Exp.,Staff Welfare,Staff Welfare,,Staff Welfare,Venu E,0.00, ,0.00,860.00,,0,0, Completed, 
ADHTPL,Regular Expense,3993,0,10-04-2024,Personal Exp.,Staff Welfare,Staff Welfare,,Staff Welfare,Venu E,0.00, ,0.00,340.00,,0,0, Completed, 
ADHTPL,Regular Expense,4153,0,03-05-2024,Personal Exp.,Staff Welfare,Staff Welfare,,Lunch Expenses during Guests / HQ Officials visit,Venu E,0.00, ,0.00,210.00,,0,0, Completed, 
ADHTPL,Travel Expense,4007,0,11-04-2024,Personal Exp.,Staff Welfare,Staff Welfare,,Food & Beverages,Manjanna V,0.00, ,0.00,50.00,,0,0, Completed, 
ADHTPL,Regular Expense,4019,0,12-04-2024,Personal Exp.,Staff Welfare,Staff Welfare,,Staff Welfare,Venu E,0.00, ,0.00,300.00,,0,0, Completed, 
ADHTPL,Regular Expense,4581,0,14-06-2024,Personal Exp.,Staff Welfare,Staff Welfare,,Staff Welfare,Anjaneya Reddy,0.00, ,0.00,331.00,,0,0, Completed, 
ADHTPL,Travel Expense,4007,0,11-04-2024,Personal Exp.,Staff Welfare,Staff Welfare,,Food & Beverages,Manjanna V,0.00, ,0.00,70.00,,0,0, Completed, 
ADHTPL,Regular Expense,3974,0,05-04-2024,Personal Exp.,Staff Welfare,Staff Welfare,,Staff Welfare,Venu E,0.00, ,0.00,367.50,,0,0, Completed, 
ADHTPL,Regular Expense,4354,0,02-06-2024,Personal Exp.,Staff Welfare,Staff Welfare,,Staff Welfare,Venu E,0.00, ,0.00,483.00,,0,0, Completed, 
ADHTPL,Travel Expense,4213,0,08-05-2024,Personal Exp.,Staff Welfare,Staff Welfare,,Food & Beverages,Tabraze Ahmed,0.00, ,0.00,719.00,,0,0, Completed, 
ADHTPL,Regular Expense,4760,0,13-08-2024,Personal Exp.,Staff Welfare,Staff Welfare,,Staff Welfare,Anjaneya Reddy,0.00, ,0.00,590.00,,0,0, Draft, 
ADHTPL,Purchase Order,1310,1310,10-06-2024,Personal Exp.,Staff Welfare,Staff Welfare,,staff snacks,HDFC Prepaid Card,80000.00, 0.00,,0.00,,0,0, Approved, 
ADHTPL,Regular Expense,4241,0,13-05-2024,Personal Exp.,Staff Welfare,Staff Welfare,,SNACKS ,Anjaneya Reddy,0.00, ,0.00,525.00,,0,0, Completed, 
ADHTPL,Regular Expense,4741,0,07-08-2024,Personal Exp.,Staff Welfare,Staff Welfare,,SNACKS ,Manjeet Malhotra,0.00, ,0.00,549.00,,0,0, Completed, 
ADHTPL,Travel Expense,4007,0,11-04-2024,Personal Exp.,Staff Welfare,Staff Welfare,,Food & Beverages,Manjanna V,0.00, ,0.00,70.00,,0,0, Completed, 
ADHTPL,Regular Expense,4454,0,24-06-2024,Personal Exp.,Staff Welfare,Staff Welfare,,Food & Refreshment expenses with IE & NHAI ,Manikandan S,0.00, ,0.00,2404.00,,0,0, Completed, 
ADHTPL,Regular Expense,4076,0,22-04-2024,Personal Exp.,Staff Welfare,Staff Welfare,,BISLERI WATER,Venu E,0.00, ,0.00,511.00,,0,0, Completed, 
ADHTPL,Regular Expense,4095,0,23-04-2024,Personal Exp.,Staff Welfare,Staff Welfare,,SNACKS ,Venu E,0.00, ,0.00,965.00,,0,0, Completed, 
ADHTPL,Regular Expense,4516,0,06-07-2024,Personal Exp.,Staff Welfare,Staff Welfare,,Staff Welfare,Venu E,0.00, ,0.00,12485.00,,0,0, Completed, 
ADHTPL,Regular Expense,4248,0,13-05-2024,Personal Exp.,Staff Welfare,Staff Welfare,,Food & Beverages (Tea/Coffee/Water etc.) ,Vibhav R,0.00, ,0.00,5616.00,,0,0, Completed, 
ADHTPL,Regular Expense,4790,0,19-08-2024,Personal Exp.,Staff Welfare,Staff Welfare,,Staff Welfare,Esu Kumar,0.00, ,0.00,9120.00,,0,0, Submitted, 
ADHTPL,Regular Expense,4283,0,21-05-2024,Personal Exp.,Staff Welfare,Staff Welfare,,Food & Beverages,Syed Jaweed Ahmed,0.00, ,0.00,1231.00,,0,0, Completed, 
ADHTPL,Travel Expense,4007,0,11-04-2024,Personal Exp.,Staff Welfare,Staff Welfare,,Food & Beverages,Manjanna V,0.00, ,0.00,50.00,,0,0, Completed, 
ADHTPL,Regular Expense,3935,0,03-04-2024,Personal Exp.,Staff Welfare,Staff Welfare,,Food & Beverages,Subhashish Kundu,0.00, ,0.00,1475.00,,0,0, Completed, 
ADHTPL,Regular Expense,4526,0,08-07-2024,Personal Exp.,Staff Welfare,Staff Welfare,,Food & Refreshment expenses with IE & NHAI ,Subbiah M,0.00, ,0.00,524.00,,0,0, Completed, 
ADHTPL,Regular Expense,4233,0,11-05-2024,Personal Exp.,Staff Welfare,Staff Welfare,,Food & Refreshment expenses with IE & NHAI ,Nabeel Ahmad,0.00, ,0.00,53.00,,0,0, Completed, 
ADHTPL,Travel Expense,4213,0,08-05-2024,Personal Exp.,Staff Welfare,Staff Welfare,,Food & Beverages,Tabraze Ahmed,0.00, ,0.00,340.00,,0,0, Completed, 
ADHTPL,Regular Expense,4633,0,24-07-2024,Personal Exp.,Staff Welfare,Staff Welfare,,Food & Refreshment expenses with IE & NHAI ,Nabeel Ahmad,0.00, ,0.00,190.00,,0,0, Completed, 
ADHTPL,Travel Expense,4022,0,12-04-2024,Personal Exp.,Staff Welfare,Staff Welfare,,Food & Beverages (Tea/Coffee/Water etc.) ,Bharath Mohan K,0.00, ,0.00,893.00,,0,0, Completed, 
ADHTPL,Regular Expense,4623,0,23-07-2024,Personal Exp.,Staff Welfare,Staff Welfare,,Staff Welfare,Esu Kumar,0.00, ,0.00,86100.00,,0,0, Completed, 
ADHTPL,Travel Expense,4336,0,30-05-2024,Personal Exp.,Staff Welfare,Staff Welfare,,Food & Beverages,Shivaprakash M,0.00, ,0.00,5428.00,,0,0, Completed, 
ADHTPL,Regular Expense,4576,0,09-07-2024,Personal Exp.,Staff Welfare,Staff Welfare,,Staff Welfare,Venu E,0.00, ,0.00,964.98,,0,0, Completed, 
ADHTPL,Regular Expense,4428,0,18-06-2024,Personal Exp.,Staff Welfare,Staff Welfare,,SNACKS ,Venu E,0.00, ,0.00,1248.46,,0,0, Completed, 
ADHTPL,Travel Expense,4007,0,11-04-2024,Personal Exp.,Staff Welfare,Staff Welfare,,Food & Beverages,Manjanna V,0.00, ,0.00,50.00,,0,0, Completed, 
ADHTPL,Regular Expense,4683,0,02-08-2024,Personal Exp.,Staff Welfare,Staff Welfare,,Staff Welfare,Subhashish Kundu,0.00, ,0.00,235.00,,0,0, Completed, 
ADHTPL,Regular Expense,4076,0,22-04-2024,Personal Exp.,Staff Welfare,Staff Welfare,,SNACKS ,Venu E,0.00, ,0.00,680.00,,0,0, Completed, 
ADHTPL,Regular Expense,4790,0,19-08-2024,Personal Exp.,Staff Welfare,Staff Welfare,,Staff Welfare,Esu Kumar,0.00, ,0.00,2068.00,,0,0, Submitted, 
ADHTPL,Regular Expense,4516,0,06-07-2024,Personal Exp.,Staff Welfare,Staff Welfare,,Staff Welfare,Venu E,0.00, ,0.00,1250.00,,0,0, Completed, 
ADHTPL,Regular Expense,4622,0,20-07-2024,Personal Exp.,Staff Welfare,Staff Welfare,,Staff Welfare,Venu E,0.00, ,0.00,780.00,,0,0, Completed, 
ADHTPL,Travel Expense,4007,0,11-04-2024,Personal Exp.,Staff Welfare,Staff Welfare,,Food & Beverages,Manjanna V,0.00, ,0.00,70.00,,0,0, Completed, 
ADHTPL,Regular Expense,3975,0,07-04-2024,Personal Exp.,Staff Welfare,Staff Welfare,,Staff Welfare,Venu E,0.00, ,0.00,141.75,,0,0, Completed, 
ADHTPL,Travel Expense,4007,0,11-04-2024,Personal Exp.,Staff Welfare,Staff Welfare,,Food & Beverages,Manjanna V,0.00, ,0.00,440.00,,0,0, Completed, 
ADHTPL,Budget Balances,  , , 01-04-2024 ,Personal Exp.,Payroll Cost,Payroll Cost,264000.00,,,,,,,0.00,264000.00,, , 
ADHTPL,Supplier Invoice,2085,1325,20-06-2024,Personal Exp.,Payroll Cost,Payroll Cost,,Payroll cost,Grant Thornton,0.00, ,0.00,23579.00,,,, Completed, 
ADHTPL,Purchase Order,1325,1325,12-06-2024,Personal Exp.,Payroll Cost,Payroll Cost,,Payroll cost,Grant Thornton,259366.00, 0.00,,0.00,,0,0, Approved, 
ADHTPL,Budget Balances,  , , 01-04-2024 ,Vehicle Running & Maintenance Exp.,Vehicle Hire Charges,Vehicle Hire Charges,943416.00,,,,,,,0.00,943416.00,, , 
ADHTPL,Regular Expense,4663,0,30-07-2024,Vehicle Running & Maintenance Exp.,Vehicle Hire Charges,Vehicle Hire Charges,,Fastag Recharge ,Syed Jaweed Ahmed,0.00, ,0.00,1000.00,,,, Completed, 
ADHTPL,Purchase Order,966,966,01-04-2024,Vehicle Running & Maintenance Exp.,Vehicle Hire Charges,Vehicle Hire Charges,,FMS charges for BYD Vehicle ,SMAS AUTO LEASING INDIA PRIVATE LIMITED ,137918.00, 103438.00,,0.00,,0,0, Approved, 
ADHTPL,Regular Expense,4791,0,17-08-2024,Vehicle Running & Maintenance Exp.,Vehicle Hire Charges,Vehicle Hire Charges,,Fastag Recharge ,Syed Jaweed Ahmed,0.00, ,0.00,1000.00,,0,0, Submitted, 
ADHTPL,Supplier Invoice,1677,966,10-05-2024,Vehicle Running & Maintenance Exp.,Vehicle Hire Charges,Vehicle Hire Charges,,FMS charges for BYD Vehicle ,SMAS AUTO LEASING INDIA PRIVATE LIMITED ,0.00, ,0.00,11494.00,,0,0, Completed, 
ADHTPL,Purchase Order,1306,1306,08-06-2024,Vehicle Running & Maintenance Exp.,Vehicle Hire Charges,Vehicle Hire Charges,,Extra KM charges ,Safety Management Services,5250.00, 5250.00,,0.00,,0,0, Approved, 
ADHTPL,Supplier Invoice,1678,966,10-05-2024,Vehicle Running & Maintenance Exp.,Vehicle Hire Charges,Vehicle Hire Charges,,BYD Vehicle Lease Expenditure ,SMAS AUTO LEASING INDIA PRIVATE LIMITED ,0.00, ,0.00,57124.00,,0,0, Completed, 
ADHTPL,Supplier Invoice,2248,966,04-07-2024,Vehicle Running & Maintenance Exp.,Vehicle Hire Charges,Vehicle Hire Charges,,BYD Vehicle Lease Expenditure ,SMAS AUTO LEASING INDIA PRIVATE LIMITED ,0.00, ,0.00,57124.00,,0,0, Completed, 
ADHTPL,Purchase Order,1306,1306,08-06-2024,Vehicle Running & Maintenance Exp.,Vehicle Hire Charges,Vehicle Hire Charges,,Extra Running Hour charges ,Safety Management Services,10500.00, 10500.00,,0.00,,0,0, Approved, 
ADHTPL,Regular Expense,4283,0,21-05-2024,Vehicle Running & Maintenance Exp.,Vehicle Hire Charges,Vehicle Hire Charges,,Fastag Recharge ,Syed Jaweed Ahmed,0.00, ,0.00,1000.00,,0,0, Completed, 
ADHTPL,Supplier Invoice,2248,966,04-07-2024,Vehicle Running & Maintenance Exp.,Vehicle Hire Charges,Vehicle Hire Charges,,FMS charges for BYD Vehicle ,SMAS AUTO LEASING INDIA PRIVATE LIMITED ,0.00, ,0.00,11494.00,,0,0, Completed, 
ADHTPL,Supplier Invoice,1675,966,10-05-2024,Vehicle Running & Maintenance Exp.,Vehicle Hire Charges,Vehicle Hire Charges,,FMS charges for BYD Vehicle ,SMAS AUTO LEASING INDIA PRIVATE LIMITED ,0.00, ,0.00,11494.00,,0,0, Completed, 
ADHTPL,Supplier Invoice,1936,966,10-06-2024,Vehicle Running & Maintenance Exp.,Vehicle Hire Charges,Vehicle Hire Charges,,FMS charges for BYD Vehicle ,SMAS AUTO LEASING INDIA PRIVATE LIMITED ,0.00, ,0.00,11494.00,,0,0, Completed, 
ADHTPL,Regular Expense,4345,0,31-05-2024,Vehicle Running & Maintenance Exp.,Vehicle Hire Charges,Vehicle Hire Charges,,Fastag Recharge ,Syed Jaweed Ahmed,0.00, ,0.00,1000.00,,0,0, Completed, 
ADHTPL,Supplier Invoice,2645,966,07-08-2024,Vehicle Running & Maintenance Exp.,Vehicle Hire Charges,Vehicle Hire Charges,,BYD Vehicle Lease Expenditure ,SMAS AUTO LEASING INDIA PRIVATE LIMITED ,0.00, ,0.00,57124.00,,0,0, Completed, 
ADHTPL,Purchase Order,966,966,01-04-2024,Vehicle Running & Maintenance Exp.,Vehicle Hire Charges,Vehicle Hire Charges,,BYD Vehicle Lease Expenditure ,SMAS AUTO LEASING INDIA PRIVATE LIMITED ,685491.00, 456994.00,,0.00,,0,0, Approved, 
ADHTPL,Supplier Invoice,1676,966,10-05-2024,Vehicle Running & Maintenance Exp.,Vehicle Hire Charges,Vehicle Hire Charges,,BYD Vehicle Lease Expenditure ,SMAS AUTO LEASING INDIA PRIVATE LIMITED ,0.00, ,0.00,57124.00,,0,0, Completed, 
ADHTPL,Supplier Invoice,2578,966,02-08-2024,Vehicle Running & Maintenance Exp.,Vehicle Hire Charges,Vehicle Hire Charges,,FMS charges for BYD Vehicle ,SMAS AUTO LEASING INDIA PRIVATE LIMITED ,0.00, ,0.00,11494.00,,0,0, Completed, 
ADHTPL,Supplier Invoice,1937,966,10-06-2024,Vehicle Running & Maintenance Exp.,Vehicle Hire Charges,Vehicle Hire Charges,,BYD Vehicle Lease Expenditure ,SMAS AUTO LEASING INDIA PRIVATE LIMITED ,0.00, ,0.00,57123.00,,0,0, Completed, 
ADHTPL,Budget Balances,  , , 01-04-2024 ,Vehicle Running & Maintenance Exp.,EV Vehicle Driver charges ,EV Vehicle Driver charges ,1680000.00,,,,,,,0.00,1680000.00,, , 
ADHTPL,Purchase Order,1306,1306,08-06-2024,Vehicle Running & Maintenance Exp.,EV Vehicle Driver charges ,EV Vehicle Driver charges ,,Vehicle hire expenditure ,Safety Management Services,687960.00, 515970.00,,0.00,,,, Approved, 
ADHTPL,Supplier Invoice,2680,1138,09-08-2024,Vehicle Running & Maintenance Exp.,EV Vehicle Driver charges ,EV Vehicle Driver charges ,,EV vehicle Driver ,SURAKSHA SECURITY SERVICES,0.00, ,0.00,69991.00,,0,0, Completed, 
ADHTPL,Supplier Invoice,2148,1138,26-06-2024,Vehicle Running & Maintenance Exp.,EV Vehicle Driver charges ,EV Vehicle Driver charges ,,EV vehicle Driver ,SURAKSHA SECURITY SERVICES,0.00, ,0.00,73026.00,,0,0, Completed, 
ADHTPL,Supplier Invoice,2149,1138,26-06-2024,Vehicle Running & Maintenance Exp.,EV Vehicle Driver charges ,EV Vehicle Driver charges ,,EV vehicle Driver ,SURAKSHA SECURITY SERVICES,0.00, ,0.00,73026.00,,0,0, Completed, 
ADHTPL,Supplier Invoice,2433,1138,17-07-2024,Vehicle Running & Maintenance Exp.,EV Vehicle Driver charges ,EV Vehicle Driver charges ,,EV vehicle Driver ,SURAKSHA SECURITY SERVICES,0.00, ,0.00,64361.00,,0,0, Completed, 
ADHTPL,Purchase Order,1138,1138,16-05-2024,Vehicle Running & Maintenance Exp.,EV Vehicle Driver charges ,EV Vehicle Driver charges ,,EV vehicle Driver ,SURAKSHA SECURITY SERVICES,876313.00, 584209.00,,0.00,,0,0, Approved, 
ADHTPL,Supplier Invoice,2150,1306,26-06-2024,Vehicle Running & Maintenance Exp.,EV Vehicle Driver charges ,EV Vehicle Driver charges ,,Vehicle hire expenditure ,Safety Management Services,0.00, ,0.00,56700.00,,0,0, Completed, 
ADHTPL,Supplier Invoice,2643,1306,07-08-2024,Vehicle Running & Maintenance Exp.,EV Vehicle Driver charges ,EV Vehicle Driver charges ,,Vehicle hire expenditure ,Safety Management Services,0.00, ,0.00,56910.00,,0,0, Completed, 
ADHTPL,Supplier Invoice,2151,1306,26-06-2024,Vehicle Running & Maintenance Exp.,EV Vehicle Driver charges ,EV Vehicle Driver charges ,,Vehicle hire expenditure ,Safety Management Services,0.00, ,0.00,56700.00,,0,0, Completed, 
ADHTPL,Supplier Invoice,2342,1306,10-07-2024,Vehicle Running & Maintenance Exp.,EV Vehicle Driver charges ,EV Vehicle Driver charges ,,Vehicle hire expenditure ,Safety Management Services,0.00, ,0.00,57225.00,,0,0, Completed, 
ADHTPL,Budget Balances,  , , 01-04-2024 ,Vehicle Running & Maintenance Exp.,Vehicle Fuel- Sky Lift,Vehicle Fuel- Sky Lift,240000.00,,,,,,,0.00,240000.00,, , 
ADHTPL,Purchase Order,1526,1526,23-07-2024,Vehicle Running & Maintenance Exp.,Vehicle Fuel- Sky Lift,Vehicle Fuel- Sky Lift,,Fuel for Skylift ,SLN Service Station ,237425.00, 0.00,,0.00,,,, Approved, 
ADHTPL,Supplier Invoice,2633,1526,06-08-2024,Vehicle Running & Maintenance Exp.,Vehicle Fuel- Sky Lift,Vehicle Fuel- Sky Lift,,Fuel for Skylift ,SLN Service Station ,0.00, ,0.00,8883.00,,0,0, Completed, 
ADHTPL,Supplier Invoice,2553,1526,30-07-2024,Vehicle Running & Maintenance Exp.,Vehicle Fuel- Sky Lift,Vehicle Fuel- Sky Lift,,Fuel for Skylift ,SLN Service Station ,0.00, ,0.00,5774.00,,0,0, Completed, 
ADHTPL,Purchase Order,969,969,16-04-2024,Vehicle Running & Maintenance Exp.,Vehicle Fuel- Sky Lift,Vehicle Fuel- Sky Lift,,Fuel for Skylift ,SLN Service Station ,120000.00, 0.00,,0.00,,0,0, Closed, 
ADHTPL,Supplier Invoice,1702,969,13-05-2024,Vehicle Running & Maintenance Exp.,Vehicle Fuel- Sky Lift,Vehicle Fuel- Sky Lift,,Fuel for Skylift ,SLN Service Station ,0.00, ,0.00,2575.00,,0,0, Completed, 
ADHTPL,Budget Balances,  , , 01-04-2024 ,Vehicle Running & Maintenance Exp.,Vehicle Repair and Maintenance,Vehicle Repair and Maintenance,560000.00,,,,,,,0.00,560000.00,, , 
ADHTPL,Purchase Order,1577,1577,31-07-2024,Vehicle Running & Maintenance Exp.,Vehicle Repair and Maintenance,Vehicle Repair and Maintenance,,Vehicle Insurance for XUV 400,GO DIGIT GENERAL INSURANCE LIMITED,19911.00, 19911.00,,0.00,,,, Approved, 
ADHTPL,Purchase Order,1578,1578,31-07-2024,Vehicle Running & Maintenance Exp.,Vehicle Repair and Maintenance,Vehicle Repair and Maintenance,,Vehicle Insurance for BYD,Reliance General Insurance Company Limited,36011.00, 36011.00,,0.00,,0,0, Approved, 
ADHTPL,Budget Balances,  , , 01-04-2024 ,Safety & ESG Exp.,ESG Related Exp.,ESG Related Exp.,320000.00,,,,,,,0.00,320000.00,, , 
ADHTPL,Supplier Invoice,2392,1133,15-07-2024,Safety & ESG Exp.,ESG Related Exp.,ESG Related Exp.,,Bio-medical waste transportation and Disposal,Prajwal BMW Management Systems (A unit of VV Incin Solutions Private Ltd),0.00, ,0.00,1680.00,,,, Completed, 
ADHTPL,Purchase Order,1274,1274,06-06-2024,Safety & ESG Exp.,ESG Related Exp.,ESG Related Exp.,,Ambient Noise Level Monitoring ,Shiva Analyticals (India) Private Limited,2655.00, 2655.00,,0.00,,0,0, Approved, 
ADHTPL,Purchase Order,1274,1274,06-06-2024,Safety & ESG Exp.,ESG Related Exp.,ESG Related Exp.,,Water quality testing and analysis ADHTPL,Shiva Analyticals (India) Private Limited,5310.00, 5310.00,,0.00,,0,0, Approved, 
ADHTPL,Purchase Order,1310,1310,10-06-2024,Safety & ESG Exp.,ESG Related Exp.,ESG Related Exp.,,Safety Awareness Program for Local Public,HDFC Prepaid Card,10000.00, 0.00,,0.00,,0,0, Approved, 
ADHTPL,Purchase Order,1274,1274,06-06-2024,Safety & ESG Exp.,ESG Related Exp.,ESG Related Exp.,,Dg set Noise level Monitoring ADHTPL ,Shiva Analyticals (India) Private Limited,11151.00, 11151.00,,0.00,,0,0, Approved, 
ADHTPL,Purchase Order,1133,1133,15-05-2024,Safety & ESG Exp.,ESG Related Exp.,ESG Related Exp.,,Bio-medical waste transportation and Disposal,Prajwal BMW Management Systems (A unit of VV Incin Solutions Private Ltd),8400.00, 0.00,,0.00,,0,0, Approved, 
ADHTPL,Supplier Invoice,1990,1133,12-06-2024,Safety & ESG Exp.,ESG Related Exp.,ESG Related Exp.,,Bio-medical waste transportation and Disposal,Prajwal BMW Management Systems (A unit of VV Incin Solutions Private Ltd),0.00, ,0.00,3360.00,,0,0, Completed, 
ADHTPL,Purchase Order,1274,1274,06-06-2024,Safety & ESG Exp.,ESG Related Exp.,ESG Related Exp.,,Transportation for Environmnet Monitoring ADTPL,Shiva Analyticals (India) Private Limited,7080.00, 7080.00,,0.00,,0,0, Approved, 
ADHTPL,Purchase Order,1274,1274,06-06-2024,Safety & ESG Exp.,ESG Related Exp.,ESG Related Exp.,,Ambient Air Quality Monitoring ADHTPL,Shiva Analyticals (India) Private Limited,13098.00, 13098.00,,0.00,,0,0, Approved, 
ADHTPL,Supplier Invoice,2016,1310,13-06-2024,Safety & ESG Exp.,ESG Related Exp.,ESG Related Exp.,,Safety Awareness Program for Local Public,HDFC Prepaid Card,0.00, ,0.00,1498.00,,0,0, Completed, 
ADHTPL,Purchase Order,1274,1274,06-06-2024,Safety & ESG Exp.,ESG Related Exp.,ESG Related Exp.,,DG Set  Stack Monitoring,Shiva Analyticals (India) Private Limited,31860.00, 31860.00,,0.00,,0,0, Approved, 
ADHTPL,Budget Balances,  , , 01-04-2024 ,Other Expenses,Legal & Professional Fees ,Legal & Professional Fees ,3403142.86,,,,,,,0.00,3403142.86,, , 
ADHTPL,Purchase Order,1271,1271,05-06-2024,Other Expenses,Legal & Professional Fees ,Legal & Professional Fees ,,Professional Fess-2023&2024.,Protiviti India Member Private Limited,26609.00, 0.00,,0.00,,,, Approved, 
ADHTPL,Purchase Order,1179,1179,23-05-2024,Other Expenses,Legal & Professional Fees ,Legal & Professional Fees ,,Legal & Profession Fees  ,Protiviti India Member Private Limited,222510.00, 0.00,,0.00,,0,0, Approved, 
ADHTPL,Operating Expense,4565,0,08-07-2024,Other Expenses,Legal & Professional Fees ,Legal & Professional Fees ,,Advance Tax working Q4 23-24,Sandip Shah & co,0.00, ,0.00,5900.00,,0,0, Submitted, 
ADHTPL,Supplier Invoice,2037,1179,14-06-2024,Other Expenses,Legal & Professional Fees ,Legal & Professional Fees ,,Legal & Profession Fees  ,Protiviti India Member Private Limited,0.00, ,0.00,18543.00,,0,0, Completed, 
ADHTPL,Purchase Order,1292,1292,07-06-2024,Other Expenses,Legal & Professional Fees ,Legal & Professional Fees ,,Actuarial Valuation Fees,KP Actuaries and Consultants LLP,20650.00, 0.00,,0.00,,0,0, Approved, 
ADHTPL,Supplier Invoice,2264,1179,05-07-2024,Other Expenses,Legal & Professional Fees ,Legal & Professional Fees ,,Legal & Profession Fees  ,Protiviti India Member Private Limited,0.00, ,0.00,18543.00,,0,0, Completed, 
ADHTPL,Purchase Order,957,957,15-04-2024,Other Expenses,Legal & Professional Fees ,Legal & Professional Fees ,,NSDL Annual Custody Fees FY 24-25,National Securities Depository Limited (For Athaang infrastructure ),88500.00, 0.00,,0.00,,0,0, Approved, 
ADHTPL,Supplier Invoice,2139,1341,25-06-2024,Other Expenses,Legal & Professional Fees ,Legal & Professional Fees ,,Professional fees-DSCR certificate-SD,Sandip Shah & co,0.00, ,0.00,11800.00,,0,0, Completed, 
ADHTPL,Supplier Invoice,2282,1179,08-07-2024,Other Expenses,Legal & Professional Fees ,Legal & Professional Fees ,,Legal & Profession Fees  ,Protiviti India Member Private Limited,0.00, ,0.00,1117.00,,0,0, Completed, 
ADHTPL,Supplier Invoice,2206,1191,02-07-2024,Other Expenses,Legal & Professional Fees ,Legal & Professional Fees ,,Professional Fees-SD,Sandip Shah & co,0.00, ,0.00,23600.00,,0,0, Submitted, 
ADHTPL,Purchase Order,1191,1191,23-05-2024,Other Expenses,Legal & Professional Fees ,Legal & Professional Fees ,,Professional Fees-SD,Sandip Shah & co,47200.00, 0.00,,0.00,,0,0, Approved, 
ADHTPL,Purchase Order,1256,1256,05-06-2024,Other Expenses,Legal & Professional Fees ,Legal & Professional Fees ,,Professional Fees - Indirect Tax,Incorp Advisory Services Private Limited,295000.00, 0.00,,0.00,,0,0, Approved, 
ADHTPL,Supplier Invoice,1842,1184,01-06-2024,Other Expenses,Legal & Professional Fees ,Legal & Professional Fees ,,Legal & Profession Fees  ,Protiviti India Member Private Limited,0.00, ,0.00,29500.00,,0,0, Completed, 
ADHTPL,Purchase Order,1463,1463,10-07-2024,Other Expenses,Legal & Professional Fees ,Legal & Professional Fees ,,Professional fees for Additional support-Protivity,Protiviti India Member Private Limited,39333.00, 0.00,,0.00,,0,0, Approved, 
ADHTPL,Supplier Invoice,2525,1463,29-07-2024,Other Expenses,Legal & Professional Fees ,Legal & Professional Fees ,,Professional fees for Additional support-Protivity,Protiviti India Member Private Limited,0.00, ,0.00,39333.00,,0,0, Completed, 
ADHTPL,Purchase Order,1155,1155,21-05-2024,Other Expenses,Legal & Professional Fees ,Legal & Professional Fees ,,Legal & Profession Fees  ,Protiviti India Member Private Limited,50570.00, 0.00,,0.00,,0,0, Approved, 
ADHTPL,Supplier Invoice,1549,957,18-04-2024,Other Expenses,Legal & Professional Fees ,Legal & Professional Fees ,,NSDL Annual Custody Fees FY 24-25,National Securities Depository Limited (For Athaang infrastructure ),0.00, ,0.00,88500.00,,0,0, Completed, 
ADHTPL,Supplier Invoice,1941,1256,10-06-2024,Other Expenses,Legal & Professional Fees ,Legal & Professional Fees ,,Professional Fees - Indirect Tax,Incorp Advisory Services Private Limited,0.00, ,0.00,295000.00,,0,0, Completed, 
ADHTPL,Supplier Invoice,2000,1271,13-06-2024,Other Expenses,Legal & Professional Fees ,Legal & Professional Fees ,,Professional Fess-2023&2024.,Protiviti India Member Private Limited,0.00, ,0.00,26608.00,,0,0, Completed, 
ADHTPL,Supplier Invoice,2423,1476,16-07-2024,Other Expenses,Legal & Professional Fees ,Legal & Professional Fees ,,Surveillance Fees,CARE Ratings Ltd,0.00, ,0.00,118000.00,,0,0, Completed, 
ADHTPL,Supplier Invoice,1822,1155,28-05-2024,Other Expenses,Legal & Professional Fees ,Legal & Professional Fees ,,Legal & Profession Fees  ,Protiviti India Member Private Limited,0.00, ,0.00,25285.00,,0,0, Completed, 
ADHTPL,Purchase Order,1341,1341,21-06-2024,Other Expenses,Legal & Professional Fees ,Legal & Professional Fees ,,Professional fees-compliance certificate -SD,Sandip Shah & co,11800.00, 0.00,,0.00,,0,0, Approved, 
ADHTPL,Purchase Order,1547,1547,25-07-2024,Other Expenses,Legal & Professional Fees ,Legal & Professional Fees ,,Professional fees-DSCR certificate-SD,Sandip Shah & co,11800.00, 0.00,,0.00,,0,0, Approved, 
ADHTPL,Supplier Invoice,1827,1179,28-05-2024,Other Expenses,Legal & Professional Fees ,Legal & Professional Fees ,,Legal & Profession Fees  ,Protiviti India Member Private Limited,0.00, ,0.00,18543.00,,0,0, Completed, 
ADHTPL,Supplier Invoice,2721,1547,13-08-2024,Other Expenses,Legal & Professional Fees ,Legal & Professional Fees ,,Professional fees-DSCR certificate-SD,Sandip Shah & co,0.00, ,0.00,11800.00,,0,0, Completed, 
ADHTPL,Supplier Invoice,2036,1155,14-06-2024,Other Expenses,Legal & Professional Fees ,Legal & Professional Fees ,,Legal & Profession Fees  ,Protiviti India Member Private Limited,0.00, ,0.00,25285.00,,0,0, Completed, 
ADHTPL,Purchase Order,1476,1476,11-07-2024,Other Expenses,Legal & Professional Fees ,Legal & Professional Fees ,,Surveillance Fees,CARE Ratings Ltd,118000.00, 0.00,,0.00,,0,0, Approved, 
ADHTPL,Supplier Invoice,2239,1372,03-07-2024,Other Expenses,Legal & Professional Fees ,Legal & Professional Fees ,,Audit Support-23-24,Protiviti India Member Private Limited,0.00, ,0.00,73329.00,,0,0, Completed, 
ADHTPL,Purchase Order,1184,1184,23-05-2024,Other Expenses,Legal & Professional Fees ,Legal & Professional Fees ,,Legal & Profession Fees  ,Protiviti India Member Private Limited,354000.00, 0.00,,0.00,,0,0, Approved, 
ADHTPL,Purchase Order,1372,1372,24-06-2024,Other Expenses,Legal & Professional Fees ,Legal & Professional Fees ,,Audit Support-23-24,Protiviti India Member Private Limited,73329.00, 0.00,,0.00,,0,0, Approved, 
ADHTPL,Purchase Order,1341,1341,21-06-2024,Other Expenses,Legal & Professional Fees ,Legal & Professional Fees ,,Professional fees-DSCR certificate-SD,Sandip Shah & co,11800.00, 0.00,,0.00,,0,0, Approved, 
ADHTPL,Supplier Invoice,1997,1292,12-06-2024,Other Expenses,Legal & Professional Fees ,Legal & Professional Fees ,,Actuarial Valuation Fees,KP Actuaries and Consultants LLP,0.00, ,0.00,20650.00,,0,0, Completed, 
ADHTPL,Supplier Invoice,2139,1341,25-06-2024,Other Expenses,Legal & Professional Fees ,Legal & Professional Fees ,,Professional fees-compliance certificate -SD,Sandip Shah & co,0.00, ,0.00,11800.00,,0,0, Completed, 
ADHTPL,Purchase Order,1638,1638,16-08-2024,Other Expenses,Legal & Professional Fees ,Legal & Professional Fees ,,Legal Advisory Services - BMR Legal,BMR Legal,1131113.00, 1131113.00,,0.00,,0,0, Submitted, 
ADHTPL,Budget Balances,  , , 01-04-2024 ,Other Expenses,Misc. Expenses,Misc. Expenses,946000.00,,,,,,,0.00,946000.00,, , 
ADHTPL,Regular Expense,3995,0,11-04-2024,Other Expenses,Misc. Expenses,Misc. Expenses,,Post and courier Expense ,Manjanna V,0.00, ,0.00,153.40,,,, Completed, 
ADHTPL,Regular Expense,4277,0,18-05-2024,Other Expenses,Misc. Expenses,Misc. Expenses,,Post and courier Expense ,Manjanna V,0.00, ,0.00,79.06,,0,0, Completed, 
ADHTPL,Regular Expense,4581,0,14-06-2024,Other Expenses,Misc. Expenses,Misc. Expenses,,Post & Courier,Anjaneya Reddy,0.00, ,0.00,159.30,,0,0, Completed, 
ADHTPL,Regular Expense,4315,0,28-05-2024,Other Expenses,Misc. Expenses,Misc. Expenses,,videography,Esu Kumar,0.00, ,0.00,5000.00,,0,0, Completed, 
ADHTPL,Supplier Invoice,1938,1012,10-06-2024,Other Expenses,Misc. Expenses,Misc. Expenses,,drinking Water for office ,Durga Sri Enterprises ,0.00, ,0.00,18100.00,,0,0, Completed, 
ADHTPL,Regular Expense,4081,0,19-04-2024,Other Expenses,Misc. Expenses,Misc. Expenses,,Post and courier Expense ,Manjanna V,0.00, ,0.00,50.00,,0,0, Completed, 
ADHTPL,Regular Expense,4218,0,06-05-2024,Other Expenses,Misc. Expenses,Misc. Expenses,,Post and courier Expense ,Manjanna V,0.00, ,0.00,47.20,,0,0, Completed, 
ADHTPL,Regular Expense,4277,0,18-05-2024,Other Expenses,Misc. Expenses,Misc. Expenses,,Post and courier Expense ,Manjanna V,0.00, ,0.00,31.86,,0,0, Completed, 
ADHTPL,Regular Expense,4138,0,29-04-2024,Other Expenses,Misc. Expenses,Misc. Expenses,,Post and courier Expense ,Manjanna V,0.00, ,0.00,29.50,,0,0, Completed, 
ADHTPL,Regular Expense,4179,0,06-05-2024,Other Expenses,Misc. Expenses,Misc. Expenses,,Post & Courier,Venu E,0.00, ,0.00,660.00,,0,0, Completed, 
ADHTPL,Regular Expense,3995,0,11-04-2024,Other Expenses,Misc. Expenses,Misc. Expenses,,Post and courier Expense ,Manjanna V,0.00, ,0.00,171.10,,0,0, Completed, 
ADHTPL,Supplier Invoice,1634,1012,06-05-2024,Other Expenses,Misc. Expenses,Misc. Expenses,,drinking Water for office ,Durga Sri Enterprises ,0.00, ,0.00,18880.00,,0,0, Completed, 
ADHTPL,Regular Expense,4581,0,14-06-2024,Other Expenses,Misc. Expenses,Misc. Expenses,,Post & Courier,Anjaneya Reddy,0.00, ,0.00,188.80,,0,0, Completed, 
ADHTPL,Regular Expense,4081,0,19-04-2024,Other Expenses,Misc. Expenses,Misc. Expenses,,Post and courier Expense ,Manjanna V,0.00, ,0.00,80.00,,0,0, Completed, 
ADHTPL,Regular Expense,4254,0,14-05-2024,Other Expenses,Misc. Expenses,Misc. Expenses,,Post and courier Expense ,Manjanna V,0.00, ,0.00,277.30,,0,0, Completed, 
ADHTPL,Purchase Order,1012,1012,27-04-2024,Other Expenses,Misc. Expenses,Misc. Expenses,,drinking Water for office ,Durga Sri Enterprises ,192000.00, 173118.00,,0.00,,0,0, Approved, 
ADHTPL,Supplier Invoice,2016,1310,13-06-2024,Other Expenses,Misc. Expenses,Misc. Expenses,,Courier & postal charges,HDFC Prepaid Card,0.00, ,0.00,1242.00,,0,0, Completed, 
ADHTPL,Regular Expense,4138,0,29-04-2024,Other Expenses,Misc. Expenses,Misc. Expenses,,Post and courier Expense ,Manjanna V,0.00, ,0.00,94.40,,0,0, Completed, 
ADHTPL,Regular Expense,4218,0,06-05-2024,Other Expenses,Misc. Expenses,Misc. Expenses,,Post and courier Expense ,Manjanna V,0.00, ,0.00,29.50,,0,0, Completed, 
ADHTPL,Regular Expense,4277,0,18-05-2024,Other Expenses,Misc. Expenses,Misc. Expenses,,Post and courier Expense ,Manjanna V,0.00, ,0.00,25.96,,0,0, Completed, 
ADHTPL,Regular Expense,4081,0,19-04-2024,Other Expenses,Misc. Expenses,Misc. Expenses,,Post and courier Expense ,Manjanna V,0.00, ,0.00,50.00,,0,0, Completed, 
ADHTPL,Supplier Invoice,2321,1012,09-07-2024,Other Expenses,Misc. Expenses,Misc. Expenses,,drinking Water for office ,Durga Sri Enterprises ,0.00, ,0.00,15620.00,,0,0, Completed, 
ADHTPL,Regular Expense,4254,0,14-05-2024,Other Expenses,Misc. Expenses,Misc. Expenses,,Post and courier Expense ,Manjanna V,0.00, ,0.00,194.70,,0,0, Completed, 
ADHTPL,Regular Expense,4138,0,29-04-2024,Other Expenses,Misc. Expenses,Misc. Expenses,,Post and courier Expense ,Manjanna V,0.00, ,0.00,100.30,,0,0, Completed, 
ADHTPL,Regular Expense,3995,0,11-04-2024,Other Expenses,Misc. Expenses,Misc. Expenses,,Post and courier Expense ,Manjanna V,0.00, ,0.00,400.00,,0,0, Completed, 
ADHTPL,Regular Expense,4218,0,06-05-2024,Other Expenses,Misc. Expenses,Misc. Expenses,,Post and courier Expense ,Manjanna V,0.00, ,0.00,41.30,,0,0, Completed, 
ADHTPL,Regular Expense,4277,0,18-05-2024,Other Expenses,Misc. Expenses,Misc. Expenses,,Post and courier Expense ,Manjanna V,0.00, ,0.00,31.86,,0,0, Completed, 
ADHTPL,Supplier Invoice,2590,1012,05-08-2024,Other Expenses,Misc. Expenses,Misc. Expenses,,drinking Water for office ,Durga Sri Enterprises ,0.00, ,0.00,14520.00,,0,0, Completed, 
ADHTPL,Regular Expense,4081,0,19-04-2024,Other Expenses,Misc. Expenses,Misc. Expenses,,Post and courier Expense ,Manjanna V,0.00, ,0.00,80.00,,0,0, Completed, 
ADHTPL,Regular Expense,4138,0,29-04-2024,Other Expenses,Misc. Expenses,Misc. Expenses,,Post and courier Expense ,Manjanna V,0.00, ,0.00,112.10,,0,0, Completed, 
ADHTPL,Regular Expense,4254,0,14-05-2024,Other Expenses,Misc. Expenses,Misc. Expenses,,Post and courier Expense ,Manjanna V,0.00, ,0.00,29.50,,0,0, Completed, 
ADHTPL,Purchase Order,1310,1310,10-06-2024,Other Expenses,Misc. Expenses,Misc. Expenses,,Courier & postal charges,HDFC Prepaid Card,10000.00, 0.00,,0.00,,0,0, Approved, 
ADHTPL,Regular Expense,3995,0,11-04-2024,Other Expenses,Misc. Expenses,Misc. Expenses,,Post and courier Expense ,Manjanna V,0.00, ,0.00,35.40,,0,0, Completed, 
ADHTPL,Regular Expense,4277,0,18-05-2024,Other Expenses,Misc. Expenses,Misc. Expenses,,Post and courier Expense ,Manjanna V,0.00, ,0.00,55.46,,0,0, Completed, 
ADHTPL,Regular Expense,4581,0,14-06-2024,Other Expenses,Misc. Expenses,Misc. Expenses,,Post & Courier,Anjaneya Reddy,0.00, ,0.00,159.30,,0,0, Completed, 
ADHTPL,Regular Expense,4081,0,19-04-2024,Other Expenses,Misc. Expenses,Misc. Expenses,,Post and courier Expense ,Manjanna V,0.00, ,0.00,100.00,,0,0, Completed, 
ADHTPL,Regular Expense,4277,0,18-05-2024,Other Expenses,Misc. Expenses,Misc. Expenses,,Post and courier Expense ,Manjanna V,0.00, ,0.00,25.96,,0,0, Completed, 
ADHTPL,Regular Expense,4138,0,29-04-2024,Other Expenses,Misc. Expenses,Misc. Expenses,,Post and courier Expense ,Manjanna V,0.00, ,0.00,94.40,,0,0, Completed, 
ADHTPL,Budget Balances,  , , 01-04-2024 ,Other Expenses,IT Expenses,IT Expenses,150000.00,,,,,,,0.00,150000.00,, , 
ADHTPL,Purchase Order,1625,1625,12-08-2024,Other Expenses,IT Expenses,IT Expenses,,Fortigate FG 60E 1 year 24x7 Bundle Renewal,Mass infonet Pvt Ltd.,56852.00, 0.00,,0.00,,,, Approved, 
ADHTPL,Supplier Invoice,2759,1625,16-08-2024,Other Expenses,IT Expenses,IT Expenses,,Fortigate FG 60E 1 year 24x7 Bundle Renewal,Mass infonet Pvt Ltd.,0.00, ,0.00,56852.00,,0,0, Submitted, 
ADHTPL,Purchase Order,1625,1625,12-08-2024,Other Expenses,IT Expenses,IT Expenses,,1 year Mass 8x5 Remote Support for FG60E,Mass infonet Pvt Ltd.,7080.00, 0.00,,0.00,,0,0, Approved, 
ADHTPL,Supplier Invoice,2759,1625,16-08-2024,Other Expenses,IT Expenses,IT Expenses,,1 year Mass 8x5 Remote Support for FG60E,Mass infonet Pvt Ltd.,0.00, ,0.00,7080.00,,0,0, Submitted, 
ADHTPL,Budget Balances,  , , 01-04-2024 ,Other Expenses,Printing and Stationary Expenses,Printing and Stationary Expenses,180000.00,,,,,,,0.00,180000.00,, , 
ADHTPL,Operating Expense,4539,0,09-07-2024,Other Expenses,Printing and Stationary Expenses,Printing and Stationary Expenses,,Printing and Stationary Charges-2024 - 2025,SONI MAJAN SERVICE PVT. LTD,0.00, ,0.00,8260.00,,,, Completed, 
ADHTPL,Operating Expense,4246,0,07-05-2024,Other Expenses,Printing and Stationary Expenses,Printing and Stationary Expenses,,Kyocera MFD Printer Click Charges,KYOCERA Document Solutions India Pvt Ltd,0.00, ,0.00,2706.92,,0,0, Completed, 
ADHTPL,Operating Expense,4475,0,28-06-2024,Other Expenses,Printing and Stationary Expenses,Printing and Stationary Expenses,,Kyocera MFD Printer Click Charges,KYOCERA Document Solutions India Pvt Ltd,0.00, ,0.00,2417.82,,0,0, Completed, 
ADHTPL,Operating Expense,4072,0,11-04-2024,Other Expenses,Printing and Stationary Expenses,Printing and Stationary Expenses,,Kyocera MFD Printer Click Charges,KYOCERA Document Solutions India Pvt Ltd,0.00, ,0.00,5212.06,,0,0, Completed, 
ADHTPL,Operating Expense,4073,0,18-04-2024,Other Expenses,Printing and Stationary Expenses,Printing and Stationary Expenses,,Kyocera MFD Printer Click Charges,KYOCERA Document Solutions India Pvt Ltd,0.00, ,0.00,5647.48,,0,0, Completed, 
ADHTPL,Budget Balances,  , , 01-04-2024 ,Other Expenses,Hotel and Travelling Exp.,Hotel and Travelling Exp.,1594000.00,,,,,,,0.00,1594000.00,, , 
ADHTPL,Travel Expense,4250,0,14-05-2024,Other Expenses,Hotel and Travelling Exp.,Hotel and Travelling Exp.,,Food & Beverages (Tea/Coffee/Water etc.) ,Nabeel Ahmad,0.00, ,0.00,230.00,,,, Completed, 
ADHTPL,Travel Expense,4600,0,17-07-2024,Other Expenses,Hotel and Travelling Exp.,Hotel and Travelling Exp.,,Travel Expenses,Bharath Mohan K,0.00, ,0.00,985.00,,0,0, Completed, 
ADHTPL,Travel Expense,4682,0,01-08-2024,Other Expenses,Hotel and Travelling Exp.,Hotel and Travelling Exp.,,Hotel & Travelling Expenses,Anjaneya Reddy,0.00, ,0.00,60.00,,0,0, Completed, 
ADHTPL,Supplier Invoice,1608,1023,02-05-2024,Other Expenses,Hotel and Travelling Exp.,Hotel and Travelling Exp.,,Room for Anjaneya Reddy & Partha Majumdar,ZAREBA,0.00, ,0.00,22400.00,,0,0, Completed, 
ADHTPL,Regular Expense,4208,0,29-04-2024,Other Expenses,Hotel and Travelling Exp.,Hotel and Travelling Exp.,,Hotel and Travel Expense,Subhashish Kundu,0.00, ,0.00,1000.00,,0,0, Completed, 
ADHTPL,Travel Expense,4682,0,01-08-2024,Other Expenses,Hotel and Travelling Exp.,Hotel and Travelling Exp.,,Hotel & Travelling Expenses,Anjaneya Reddy,0.00, ,0.00,60.00,,0,0, Completed, 
ADHTPL,Travel Expense,4250,0,14-05-2024,Other Expenses,Hotel and Travelling Exp.,Hotel and Travelling Exp.,,Taxi Charges ,Nabeel Ahmad,0.00, ,0.00,364.00,,0,0, Completed, 
ADHTPL,Supplier Invoice,1957,1106,10-06-2024,Other Expenses,Hotel and Travelling Exp.,Hotel and Travelling Exp.,,Hotel and Travel Expense,AUTORIDERS INTERNATIONAL LTD,0.00, ,0.00,3472.00,,0,0, Completed, 
ADHTPL,Travel Expense,4007,0,11-04-2024,Other Expenses,Hotel and Travelling Exp.,Hotel and Travelling Exp.,,Taxi Charges rental ,Manjanna V,0.00, ,0.00,869.00,,0,0, Completed, 
ADHTPL,Travel Expense,4250,0,14-05-2024,Other Expenses,Hotel and Travelling Exp.,Hotel and Travelling Exp.,,Food & Beverages (Tea/Coffee/Water etc.) ,Nabeel Ahmad,0.00, ,0.00,165.00,,0,0, Completed, 
ADHTPL,Travel Expense,4239,0,13-05-2024,Other Expenses,Hotel and Travelling Exp.,Hotel and Travelling Exp.,,Hotel and Travel Expense,Anjaneya Reddy,0.00, ,0.00,5636.00,,0,0, Completed, 
ADHTPL,Regular Expense,4741,0,07-08-2024,Other Expenses,Hotel and Travelling Exp.,Hotel and Travelling Exp.,,Conveyance ,Manjeet Malhotra,0.00, ,0.00,579.00,,0,0, Completed, 
ADHTPL,Travel Expense,4682,0,01-08-2024,Other Expenses,Hotel and Travelling Exp.,Hotel and Travelling Exp.,,Hotel & Travelling Expenses,Anjaneya Reddy,0.00, ,0.00,60.00,,0,0, Completed, 
ADHTPL,Travel Expense,4682,0,01-08-2024,Other Expenses,Hotel and Travelling Exp.,Hotel and Travelling Exp.,,Hotel & Travelling Expenses,Anjaneya Reddy,0.00, ,0.00,100.00,,0,0, Completed, 
ADHTPL,Operating Expense,4535,0,08-07-2024,Other Expenses,Hotel and Travelling Exp.,Hotel and Travelling Exp.,,Travel Expenses,Sree Sumukha Travels,0.00, ,0.00,4510.00,,0,0, Completed, 
ADHTPL,Travel Expense,4250,0,14-05-2024,Other Expenses,Hotel and Travelling Exp.,Hotel and Travelling Exp.,,Food & Beverages (Tea/Coffee/Water etc.) ,Nabeel Ahmad,0.00, ,0.00,375.00,,0,0, Completed, 
ADHTPL,Travel Expense,4606,0,19-07-2024,Other Expenses,Hotel and Travelling Exp.,Hotel and Travelling Exp.,,Travel Expenses,Bharath Mohan K,0.00, ,0.00,319.00,,0,0, Completed, 
ADHTPL,Travel Expense,4250,0,14-05-2024,Other Expenses,Hotel and Travelling Exp.,Hotel and Travelling Exp.,,Taxi Charges ,Nabeel Ahmad,0.00, ,0.00,276.00,,0,0, Completed, 
ADHTPL,Travel Expense,4600,0,17-07-2024,Other Expenses,Hotel and Travelling Exp.,Hotel and Travelling Exp.,,Travel Expenses,Bharath Mohan K,0.00, ,0.00,330.00,,0,0, Completed, 
ADHTPL,Travel Expense,4682,0,01-08-2024,Other Expenses,Hotel and Travelling Exp.,Hotel and Travelling Exp.,,Hotel & Travelling Expenses,Anjaneya Reddy,0.00, ,0.00,60.00,,0,0, Completed, 
ADHTPL,Supplier Invoice,1609,1023,02-05-2024,Other Expenses,Hotel and Travelling Exp.,Hotel and Travelling Exp.,,Room for Anjaneya Reddy & Partha Majumdar,ZAREBA,0.00, ,0.00,44800.00,,0,0, Completed, 
ADHTPL,Travel Expense,4007,0,11-04-2024,Other Expenses,Hotel and Travelling Exp.,Hotel and Travelling Exp.,,Taxi Charges rental ,Manjanna V,0.00, ,0.00,469.00,,0,0, Completed, 
ADHTPL,Regular Expense,4664,0,31-07-2024,Other Expenses,Hotel and Travelling Exp.,Hotel and Travelling Exp.,,Conveyance ,Manjeet Malhotra,0.00, ,0.00,19800.00,,0,0, Completed, 
ADHTPL,Purchase Order,1058,1058,06-05-2024,Other Expenses,Hotel and Travelling Exp.,Hotel and Travelling Exp.,,Hotel and Travel Expense,Uniglobe Mod Travel ,600000.00, 0.00,,0.00,,0,0, Approved, 
ADHTPL,Regular Expense,4208,0,29-04-2024,Other Expenses,Hotel and Travelling Exp.,Hotel and Travelling Exp.,,Hotel and Travel Expense,Subhashish Kundu,0.00, ,0.00,648.00,,0,0, Completed, 
ADHTPL,Travel Expense,4250,0,14-05-2024,Other Expenses,Hotel and Travelling Exp.,Hotel and Travelling Exp.,,Food & Beverages (Tea/Coffee/Water etc.) ,Nabeel Ahmad,0.00, ,0.00,205.00,,0,0, Completed, 
ADHTPL,Travel Expense,4682,0,01-08-2024,Other Expenses,Hotel and Travelling Exp.,Hotel and Travelling Exp.,,Hotel & Travelling Expenses,Anjaneya Reddy,0.00, ,0.00,60.00,,0,0, Completed, 
ADHTPL,Travel Expense,4682,0,01-08-2024,Other Expenses,Hotel and Travelling Exp.,Hotel and Travelling Exp.,,Hotel & Travelling Expenses,Anjaneya Reddy,0.00, ,0.00,60.00,,0,0, Completed, 
ADHTPL,Travel Expense,4250,0,14-05-2024,Other Expenses,Hotel and Travelling Exp.,Hotel and Travelling Exp.,,Taxi Charges ,Nabeel Ahmad,0.00, ,0.00,1000.00,,0,0, Completed, 
ADHTPL,Regular Expense,4791,0,17-08-2024,Other Expenses,Hotel and Travelling Exp.,Hotel and Travelling Exp.,,Travel Expenses,Syed Jaweed Ahmed,0.00, ,0.00,649.00,,0,0, Submitted, 
ADHTPL,Travel Expense,4000,0,10-04-2024,Other Expenses,Hotel and Travelling Exp.,Hotel and Travelling Exp.,,Hotel and Travel Expense,Bikram Singh,0.00, ,0.00,216.00,,0,0, Completed, 
ADHTPL,Operating Expense,4496,0,03-07-2024,Other Expenses,Hotel and Travelling Exp.,Hotel and Travelling Exp.,,Hotel & Travelling Expenses,ARISTA SERVICE APARTMENTS,0.00, ,0.00,7840.00,,0,0, Completed, 
ADHTPL,Travel Expense,4022,0,12-04-2024,Other Expenses,Hotel and Travelling Exp.,Hotel and Travelling Exp.,,Travel Expenses,Bharath Mohan K,0.00, ,0.00,157.00,,0,0, Completed, 
ADHTPL,Travel Expense,4007,0,11-04-2024,Other Expenses,Hotel and Travelling Exp.,Hotel and Travelling Exp.,,Taxi Charges rental ,Manjanna V,0.00, ,0.00,525.00,,0,0, Completed, 
ADHTPL,Travel Expense,4250,0,14-05-2024,Other Expenses,Hotel and Travelling Exp.,Hotel and Travelling Exp.,,Food & Beverages (Tea/Coffee/Water etc.) ,Nabeel Ahmad,0.00, ,0.00,105.00,,0,0, Completed, 
ADHTPL,Supplier Invoice,2557,1512,31-07-2024,Other Expenses,Hotel and Travelling Exp.,Hotel and Travelling Exp.,,Hotel and Travel Expense,ARISTA SERVICE APARTMENTS,0.00, ,0.00,12390.00,,0,0, Completed, 
ADHTPL,Travel Expense,4240,0,13-05-2024,Other Expenses,Hotel and Travelling Exp.,Hotel and Travelling Exp.,,Hotel and Travel Expense,Anjaneya Reddy,0.00, ,0.00,6702.00,,0,0, Completed, 
ADHTPL,Travel Expense,4336,0,30-05-2024,Other Expenses,Hotel and Travelling Exp.,Hotel and Travelling Exp.,,Conveyance ,Shivaprakash M,0.00, ,0.00,369.00,,0,0, Completed, 
ADHTPL,Regular Expense,4049,0,16-04-2024,Other Expenses,Hotel and Travelling Exp.,Hotel and Travelling Exp.,,CRICKET BALL,Venu E,0.00, ,0.00,316.00,,0,0, Completed, 
ADHTPL,Travel Expense,4682,0,01-08-2024,Other Expenses,Hotel and Travelling Exp.,Hotel and Travelling Exp.,,Hotel & Travelling Expenses,Anjaneya Reddy,0.00, ,0.00,60.00,,0,0, Completed, 
ADHTPL,Supplier Invoice,2009,1058,13-06-2024,Other Expenses,Hotel and Travelling Exp.,Hotel and Travelling Exp.,,Hotel and Travel Expense,Uniglobe Mod Travel ,0.00, ,0.00,25780.00,,0,0, Completed, 
ADHTPL,Travel Expense,4204,0,08-05-2024,Other Expenses,Hotel and Travelling Exp.,Hotel and Travelling Exp.,,Hotel and Travel Expense,Anjaneya Reddy,0.00, ,0.00,5258.00,,0,0, Completed, 
ADHTPL,Operating Expense,4588,0,15-07-2024,Other Expenses,Hotel and Travelling Exp.,Hotel and Travelling Exp.,,Hotel & Travelling Expenses,ARISTA SERVICE APARTMENTS,0.00, ,0.00,315.00,,0,0, Completed, 
ADHTPL,Travel Expense,4682,0,01-08-2024,Other Expenses,Hotel and Travelling Exp.,Hotel and Travelling Exp.,,Hotel & Travelling Expenses,Anjaneya Reddy,0.00, ,0.00,120.00,,0,0, Completed, 
ADHTPL,Operating Expense,4535,0,08-07-2024,Other Expenses,Hotel and Travelling Exp.,Hotel and Travelling Exp.,,Travel Expenses,Sree Sumukha Travels,0.00, ,0.00,3620.00,,0,0, Completed, 
ADHTPL,Travel Expense,4250,0,14-05-2024,Other Expenses,Hotel and Travelling Exp.,Hotel and Travelling Exp.,,Food & Beverages (Tea/Coffee/Water etc.) ,Nabeel Ahmad,0.00, ,0.00,105.00,,0,0, Completed, 
ADHTPL,Travel Expense,4250,0,14-05-2024,Other Expenses,Hotel and Travelling Exp.,Hotel and Travelling Exp.,,Food & Beverages (Tea/Coffee/Water etc.) ,Nabeel Ahmad,0.00, ,0.00,460.00,,0,0, Completed, 
ADHTPL,Travel Expense,4600,0,17-07-2024,Other Expenses,Hotel and Travelling Exp.,Hotel and Travelling Exp.,,Travel Expenses,Bharath Mohan K,0.00, ,0.00,344.00,,0,0, Completed, 
ADHTPL,Travel Expense,4682,0,01-08-2024,Other Expenses,Hotel and Travelling Exp.,Hotel and Travelling Exp.,,Hotel & Travelling Expenses,Anjaneya Reddy,0.00, ,0.00,496.00,,0,0, Completed, 
ADHTPL,Travel Expense,4007,0,11-04-2024,Other Expenses,Hotel and Travelling Exp.,Hotel and Travelling Exp.,,Taxi Charges rental ,Manjanna V,0.00, ,0.00,275.00,,0,0, Completed, 
ADHTPL,Supplier Invoice,2014,1058,13-06-2024,Other Expenses,Hotel and Travelling Exp.,Hotel and Travelling Exp.,,Hotel and Travel Expense,Uniglobe Mod Travel ,0.00, ,0.00,12554.00,,0,0, Completed, 
ADHTPL,Purchase Order,1023,1023,30-04-2024,Other Expenses,Hotel and Travelling Exp.,Hotel and Travelling Exp.,,Room for Anjaneya Reddy & Partha Majumdar,ZAREBA,219520.00, 0.00,,0.00,,0,0, Approved, 
ADHTPL,Travel Expense,4250,0,14-05-2024,Other Expenses,Hotel and Travelling Exp.,Hotel and Travelling Exp.,,Food & Beverages (Tea/Coffee/Water etc.) ,Nabeel Ahmad,0.00, ,0.00,110.00,,0,0, Completed, 
ADHTPL,Supplier Invoice,2427,1058,16-07-2024,Other Expenses,Hotel and Travelling Exp.,Hotel and Travelling Exp.,,Hotel and Travel Expense,Uniglobe Mod Travel ,0.00, ,0.00,14844.00,,0,0, Completed, 
ADHTPL,Travel Expense,4682,0,01-08-2024,Other Expenses,Hotel and Travelling Exp.,Hotel and Travelling Exp.,,Hotel & Travelling Expenses,Anjaneya Reddy,0.00, ,0.00,120.00,,0,0, Completed, 
ADHTPL,Travel Expense,4682,0,01-08-2024,Other Expenses,Hotel and Travelling Exp.,Hotel and Travelling Exp.,,Hotel & Travelling Expenses,Anjaneya Reddy,0.00, ,0.00,100.00,,0,0, Completed, 
ADHTPL,Travel Expense,4250,0,14-05-2024,Other Expenses,Hotel and Travelling Exp.,Hotel and Travelling Exp.,,Food & Beverages (Tea/Coffee/Water etc.) ,Nabeel Ahmad,0.00, ,0.00,240.00,,0,0, Completed, 
ADHTPL,Supplier Invoice,1748,1058,15-05-2024,Other Expenses,Hotel and Travelling Exp.,Hotel and Travelling Exp.,,Hotel and Travel Expense,Uniglobe Mod Travel ,0.00, ,0.00,13450.00,,0,0, Completed, 
ADHTPL,Travel Expense,4000,0,10-04-2024,Other Expenses,Hotel and Travelling Exp.,Hotel and Travelling Exp.,,Hotel and Travel Expense,Bikram Singh,0.00, ,0.00,401.00,,0,0, Completed, 
ADHTPL,Travel Expense,4022,0,12-04-2024,Other Expenses,Hotel and Travelling Exp.,Hotel and Travelling Exp.,,Travel Expenses,Bharath Mohan K,0.00, ,0.00,387.00,,0,0, Completed, 
ADHTPL,Travel Expense,4007,0,11-04-2024,Other Expenses,Hotel and Travelling Exp.,Hotel and Travelling Exp.,,Taxi Charges rental ,Manjanna V,0.00, ,0.00,800.00,,0,0, Completed, 
ADHTPL,Travel Expense,4250,0,14-05-2024,Other Expenses,Hotel and Travelling Exp.,Hotel and Travelling Exp.,,Taxi Charges ,Nabeel Ahmad,0.00, ,0.00,319.00,,0,0, Completed, 
ADHTPL,Travel Expense,4336,0,30-05-2024,Other Expenses,Hotel and Travelling Exp.,Hotel and Travelling Exp.,,Conveyance ,Shivaprakash M,0.00, ,0.00,215.00,,0,0, Completed, 
ADHTPL,Travel Expense,4682,0,01-08-2024,Other Expenses,Hotel and Travelling Exp.,Hotel and Travelling Exp.,,Hotel & Travelling Expenses,Anjaneya Reddy,0.00, ,0.00,120.00,,0,0, Completed, 
ADHTPL,Supplier Invoice,1606,1023,02-05-2024,Other Expenses,Hotel and Travelling Exp.,Hotel and Travelling Exp.,,Room for Anjaneya Reddy & Partha Majumdar,ZAREBA,0.00, ,0.00,62720.00,,0,0, Completed, 
ADHTPL,Travel Expense,4682,0,01-08-2024,Other Expenses,Hotel and Travelling Exp.,Hotel and Travelling Exp.,,Hotel & Travelling Expenses,Anjaneya Reddy,0.00, ,0.00,100.00,,0,0, Completed, 
ADHTPL,Travel Expense,4250,0,14-05-2024,Other Expenses,Hotel and Travelling Exp.,Hotel and Travelling Exp.,,Taxi Charges ,Nabeel Ahmad,0.00, ,0.00,221.00,,0,0, Completed, 
ADHTPL,Travel Expense,4213,0,08-05-2024,Other Expenses,Hotel and Travelling Exp.,Hotel and Travelling Exp.,,Conveyance ,Tabraze Ahmed,0.00, ,0.00,266.00,,0,0, Completed, 
ADHTPL,Regular Expense,4341,0,30-05-2024,Other Expenses,Hotel and Travelling Exp.,Hotel and Travelling Exp.,,Conveyance ,Manjeet Malhotra,0.00, ,0.00,19000.00,,0,0, Completed, 
ADHTPL,Travel Expense,4600,0,17-07-2024,Other Expenses,Hotel and Travelling Exp.,Hotel and Travelling Exp.,,Travel Expenses,Bharath Mohan K,0.00, ,0.00,203.00,,0,0, Completed, 
ADHTPL,Travel Expense,3951,0,07-04-2024,Other Expenses,Hotel and Travelling Exp.,Hotel and Travelling Exp.,,Travel Expenses,Bharath Mohan K,0.00, ,0.00,167.00,,0,0, Completed, 
ADHTPL,Travel Expense,4007,0,11-04-2024,Other Expenses,Hotel and Travelling Exp.,Hotel and Travelling Exp.,,Taxi Charges rental ,Manjanna V,0.00, ,0.00,113.00,,0,0, Completed, 
ADHTPL,Travel Expense,4250,0,14-05-2024,Other Expenses,Hotel and Travelling Exp.,Hotel and Travelling Exp.,,Taxi Charges ,Nabeel Ahmad,0.00, ,0.00,284.00,,0,0, Completed, 
ADHTPL,Regular Expense,4036,0,15-04-2024,Other Expenses,Hotel and Travelling Exp.,Hotel and Travelling Exp.,,water bottle,Venu E,0.00, ,0.00,2970.00,,0,0, Completed, 
ADHTPL,Travel Expense,4682,0,01-08-2024,Other Expenses,Hotel and Travelling Exp.,Hotel and Travelling Exp.,,Hotel & Travelling Expenses,Anjaneya Reddy,0.00, ,0.00,100.00,,0,0, Completed, 
ADHTPL,Purchase Order,1106,1106,10-05-2024,Other Expenses,Hotel and Travelling Exp.,Hotel and Travelling Exp.,,Hotel and Travel Expense,AUTORIDERS INTERNATIONAL LTD,236000.00, 0.00,,0.00,,0,0, Closed, 
ADHTPL,Supplier Invoice,1731,1058,14-05-2024,Other Expenses,Hotel and Travelling Exp.,Hotel and Travelling Exp.,,Hotel and Travel Expense,Uniglobe Mod Travel ,0.00, ,0.00,100228.00,,0,0, Completed, 
ADHTPL,Travel Expense,4682,0,01-08-2024,Other Expenses,Hotel and Travelling Exp.,Hotel and Travelling Exp.,,Hotel & Travelling Expenses,Anjaneya Reddy,0.00, ,0.00,120.00,,0,0, Completed, 
ADHTPL,Travel Expense,4250,0,14-05-2024,Other Expenses,Hotel and Travelling Exp.,Hotel and Travelling Exp.,,Taxi Charges ,Nabeel Ahmad,0.00, ,0.00,285.00,,0,0, Completed, 
ADHTPL,Travel Expense,4007,0,11-04-2024,Other Expenses,Hotel and Travelling Exp.,Hotel and Travelling Exp.,,Taxi Charges rental ,Manjanna V,0.00, ,0.00,450.00,,0,0, Completed, 
ADHTPL,Travel Expense,4000,0,10-04-2024,Other Expenses,Hotel and Travelling Exp.,Hotel and Travelling Exp.,,Hotel and Travel Expense,Bikram Singh,0.00, ,0.00,563.00,,0,0, Completed, 
ADHTPL,Travel Expense,4606,0,19-07-2024,Other Expenses,Hotel and Travelling Exp.,Hotel and Travelling Exp.,,Travel Expenses,Bharath Mohan K,0.00, ,0.00,725.00,,0,0, Completed, 
ADHTPL,Travel Expense,4250,0,14-05-2024,Other Expenses,Hotel and Travelling Exp.,Hotel and Travelling Exp.,,Taxi Charges ,Nabeel Ahmad,0.00, ,0.00,368.00,,0,0, Completed, 
ADHTPL,Travel Expense,4682,0,01-08-2024,Other Expenses,Hotel and Travelling Exp.,Hotel and Travelling Exp.,,Hotel & Travelling Expenses,Anjaneya Reddy,0.00, ,0.00,100.00,,0,0, Completed, 
ADHTPL,Supplier Invoice,1607,1023,02-05-2024,Other Expenses,Hotel and Travelling Exp.,Hotel and Travelling Exp.,,Room for Anjaneya Reddy & Partha Majumdar,ZAREBA,0.00, ,0.00,89600.00,,0,0, Completed, 
ADHTPL,Purchase Order,1512,1512,22-07-2024,Other Expenses,Hotel and Travelling Exp.,Hotel and Travelling Exp.,,Hotel and Travel Expense,ARISTA SERVICE APARTMENTS,59000.00, 0.00,,0.00,,0,0, Approved, 
ADHTPL,Travel Expense,4682,0,01-08-2024,Other Expenses,Hotel and Travelling Exp.,Hotel and Travelling Exp.,,Hotel & Travelling Expenses,Anjaneya Reddy,0.00, ,0.00,100.00,,0,0, Completed, 
ADHTPL,Travel Expense,4250,0,14-05-2024,Other Expenses,Hotel and Travelling Exp.,Hotel and Travelling Exp.,,Food & Beverages (Tea/Coffee/Water etc.) ,Nabeel Ahmad,0.00, ,0.00,60.00,,0,0, Completed, 
ADHTPL,Supplier Invoice,2441,1058,18-07-2024,Other Expenses,Hotel and Travelling Exp.,Hotel and Travelling Exp.,,Hotel and Travel Expense,Uniglobe Mod Travel ,0.00, ,0.00,17453.00,,0,0, Completed, 
ADHTPL,Travel Expense,4213,0,08-05-2024,Other Expenses,Hotel and Travelling Exp.,Hotel and Travelling Exp.,,Conveyance ,Tabraze Ahmed,0.00, ,0.00,483.00,,0,0, Completed, 
ADHTPL,Travel Expense,4600,0,17-07-2024,Other Expenses,Hotel and Travelling Exp.,Hotel and Travelling Exp.,,Travel Expenses,Bharath Mohan K,0.00, ,0.00,360.00,,0,0, Completed, 
ADHTPL,Travel Expense,3951,0,07-04-2024,Other Expenses,Hotel and Travelling Exp.,Hotel and Travelling Exp.,,Travel Expenses,Bharath Mohan K,0.00, ,0.00,370.00,,0,0, Completed, 
ADHTPL,Travel Expense,4007,0,11-04-2024,Other Expenses,Hotel and Travelling Exp.,Hotel and Travelling Exp.,,Taxi Charges rental ,Manjanna V,0.00, ,0.00,120.00,,0,0, Completed, 
ADHTPL,Travel Expense,4250,0,14-05-2024,Other Expenses,Hotel and Travelling Exp.,Hotel and Travelling Exp.,,Taxi Charges ,Nabeel Ahmad,0.00, ,0.00,381.00,,0,0, Completed, 
ADHTPL,Supplier Invoice,2413,1461,16-07-2024,Other Expenses,Hotel and Travelling Exp.,Hotel and Travelling Exp.,,Travel Expenses,ARISTA SERVICE APARTMENTS,0.00, ,0.00,12768.00,,0,0, Completed, 
ADHTPL,Regular Expense,4741,0,07-08-2024,Other Expenses,Hotel and Travelling Exp.,Hotel and Travelling Exp.,,Conveyance ,Manjeet Malhotra,0.00, ,0.00,1017.00,,0,0, Completed, 
ADHTPL,Regular Expense,4036,0,15-04-2024,Other Expenses,Hotel and Travelling Exp.,Hotel and Travelling Exp.,,FIRST AID BOXES ,Venu E,0.00, ,0.00,2298.50,,0,0, Completed, 
ADHTPL,Travel Expense,4682,0,01-08-2024,Other Expenses,Hotel and Travelling Exp.,Hotel and Travelling Exp.,,Hotel & Travelling Expenses,Anjaneya Reddy,0.00, ,0.00,100.00,,0,0, Completed, 
ADHTPL,Travel Expense,4202,0,07-05-2024,Other Expenses,Hotel and Travelling Exp.,Hotel and Travelling Exp.,,Hotel and Travel Expense,Anjaneya Reddy,0.00, ,0.00,2905.00,,0,0, Completed, 
ADHTPL,Travel Expense,4682,0,01-08-2024,Other Expenses,Hotel and Travelling Exp.,Hotel and Travelling Exp.,,Hotel & Travelling Expenses,Anjaneya Reddy,0.00, ,0.00,60.00,,0,0, Completed, 
ADHTPL,Travel Expense,4534,0,09-07-2024,Other Expenses,Hotel and Travelling Exp.,Hotel and Travelling Exp.,,Conveyance ,Himanshu Sharma,0.00, ,0.00,1413.00,,0,0, Draft, 
ADHTPL,Purchase Order,1461,1461,10-07-2024,Other Expenses,Hotel and Travelling Exp.,Hotel and Travelling Exp.,,Travel Expenses,ARISTA SERVICE APARTMENTS,12768.00, 0.00,,0.00,,0,0, Approved, 
ADHTPL,Operating Expense,4421,0,13-06-2024,Other Expenses,Hotel and Travelling Exp.,Hotel and Travelling Exp.,,Hotel & Travelling Expenses,AUTORIDERS INTERNATIONAL LTD,0.00, ,0.00,3180.00,,0,0, Completed, 
ADHTPL,Travel Expense,4250,0,14-05-2024,Other Expenses,Hotel and Travelling Exp.,Hotel and Travelling Exp.,,Taxi Charges ,Nabeel Ahmad,0.00, ,0.00,230.00,,0,0, Completed, 
ADHTPL,Travel Expense,4606,0,19-07-2024,Other Expenses,Hotel and Travelling Exp.,Hotel and Travelling Exp.,,Travel Expenses,Bharath Mohan K,0.00, ,0.00,1014.00,,0,0, Completed, 
ADHTPL,Budget Balances,  , , 01-04-2024 ,Management Fees,Management Fees,Management Fees,83532200.00,,,,,,,0.00,83532200.00,, , 
ADHTPL,Purchase Order,1536,1536,25-07-2024,Management Fees,Management Fees,Management Fees,,Service Management Fees-AIPL,Athaang Infrastructure Private Limited,18845205.00, 18845205.00,,0.00,,,, Submitted, 
ADHTPL,Budget Balances,  , , 01-04-2024 ,Finance Expenses,Trustee / LA / Other Lender Fees,Trustee / LA / Other Lender Fees,354000.00,,,,,,,0.00,354000.00,, , 
ADHTPL,Supplier Invoice,2494,1490,25-07-2024,Finance Expenses,Trustee / LA / Other Lender Fees,Trustee / LA / Other Lender Fees,,Trustee Fees ,IDBI Trusteeship Services Limited,0.00, ,0.00,354000.00,,,, Completed, 
ADHTPL,Purchase Order,1490,1490,17-07-2024,Finance Expenses,Trustee / LA / Other Lender Fees,Trustee / LA / Other Lender Fees,,Trustee Fees ,IDBI Trusteeship Services Limited,354000.00, 0.00,,0.00,,0,0, Approved, 
ADHTPL,Budget Balances,  , , 01-04-2024 ,Finance Expenses,Rating Fees,Rating Fees,716260.00,,,,,,,0.00,716260.00,, , 
ADHTPL,Supplier Invoice,2536,1529,30-07-2024,Finance Expenses,Rating Fees,Rating Fees,,Surveillance ,India Ratings and Research Private Limited,0.00, ,0.00,597670.00,,,, Completed, 
ADHTPL,Purchase Order,1529,1529,24-07-2024,Finance Expenses,Rating Fees,Rating Fees,,Surveillance ,India Ratings and Research Private Limited,705249.00, 0.00,,0.00,,0,0, Approved, 
ADHTPL,Budget Balances,  , , 01-04-2024 ,Capex,IT Equipments,IT Equipments,600000.00,,,,,,,0.00,600000.00,, , 
ADHTPL,Supplier Invoice,1808,1108,27-05-2024,Capex,IT Equipments,IT Equipments,,DELL Laptop 3420,Zenisys Systems,0.00, ,0.00,523566.00,,,, Completed, 
ADHTPL,Purchase Order,1108,1108,11-05-2024,Capex,IT Equipments,IT Equipments,,DELL Laptop 3420,Zenisys Systems,523566.00, 0.00,,0.00,,0,0, Approved, 
ADHTPL,Budget Balances,  , , 01-04-2024 ,Arbitration Expenses,Arbitration Expenses,Arbitration Expenses,25100000.00,,,,,,,0.00,25100000.00,, , 
ADHTPL,Purchase Order,1442,1442,05-07-2024,Arbitration Expenses,Arbitration Expenses,Arbitration Expenses,,Traffic Survey with ANPR at Leakage Route,CP CONSULTANCY SERVICES,236000.00, 236000.00,,0.00,,,, Approved, 
ADHTPL,Regular Expense,4587,0,15-07-2024,Arbitration Expenses,Arbitration Expenses,Arbitration Expenses,,Video Survey  ,Venu E,0.00, ,0.00,8000.00,,0,0, Completed, 
ADHTPL,Supplier Invoice,2396,1442,15-07-2024,Arbitration Expenses,Arbitration Expenses,Arbitration Expenses,,Traffic Survey with ANPR at Leakage Route,CP CONSULTANCY SERVICES,0.00, ,0.00,236000.00,,0,0, Completed, 
AIIMPL,Budget Balances,  , , 01-04-2024 ,Personal Exp.,Staff Salary,Staff Salary,17345352.00,,,,,,,0.00,17345352.00,, , 
AIIMPL,Purchase Order,1501,1501,18-07-2024,Personal Exp.,Staff Salary,Staff Salary,,Professional charges for filing PTRC Return,Samadhan Shinde ,13000.00, 0.00,,0.00,,,, Approved, 
AIIMPL,Purchase Order,1242,1242,04-06-2024,Personal Exp.,Staff Salary,Staff Salary,,Payroll cost,Grant Thornton,185400.00, 0.00,,0.00,,0,0, Approved, 
AIIMPL,Supplier Invoice,2084,1242,20-06-2024,Personal Exp.,Staff Salary,Staff Salary,,Payroll cost,Grant Thornton,0.00, ,0.00,15450.00,,0,0, Completed, 
AIIMPL,Supplier Invoice,2555,1501,30-07-2024,Personal Exp.,Staff Salary,Staff Salary,,Professional charges for filing PTRC Return,Samadhan Shinde ,0.00, ,0.00,13000.00,,0,0, Completed, 
AIIMPL,Budget Balances,  , , 01-04-2024 ,Other Expenses,Secretarial Expenses,Secretarial Expenses,1142500.00,,,,,,,0.00,1142500.00,, , 
AIIMPL,Supplier Invoice,2684,1567,09-08-2024,Other Expenses,Secretarial Expenses,Secretarial Expenses,, Independent directors Sitting Fees ,Sanjay Puri,0.00, ,0.00,100000.00,,,, Completed, 
AIIMPL,Purchase Order,1565,1565,29-07-2024,Other Expenses,Secretarial Expenses,Secretarial Expenses,, Independent directors Sitting Fees ,Arvind Mahajan ,100000.00, 0.00,,0.00,,0,0, Approved, 
AIIMPL,Purchase Order,1123,1123,14-05-2024,Other Expenses,Secretarial Expenses,Secretarial Expenses,,AMC charges,KFin Technologies Limited,10000.00, 10000.00,,0.00,,0,0, Approved, 
AIIMPL,Supplier Invoice,2682,1565,09-08-2024,Other Expenses,Secretarial Expenses,Secretarial Expenses,, Independent directors Sitting Fees ,Arvind Mahajan ,0.00, ,0.00,100000.00,,0,0, Completed, 
AIIMPL,Purchase Order,1566,1566,29-07-2024,Other Expenses,Secretarial Expenses,Secretarial Expenses,, Independent directors Sitting Fees ,Shyamala Gopinath ,100000.00, 0.00,,0.00,,0,0, Approved, 
AIIMPL,Supplier Invoice,2683,1566,09-08-2024,Other Expenses,Secretarial Expenses,Secretarial Expenses,, Independent directors Sitting Fees ,Shyamala Gopinath ,0.00, ,0.00,100000.00,,0,0, Completed, 
AIIMPL,Purchase Order,1567,1567,29-07-2024,Other Expenses,Secretarial Expenses,Secretarial Expenses,, Independent directors Sitting Fees ,Sanjay Puri,100000.00, 0.00,,0.00,,0,0, Approved, 
AIIMPL,Budget Balances,  , , 01-04-2024 ,Other Expenses,Professional Fees,Professional Fees,225000.00,,,,,,,0.00,225000.00,, , 
AIIMPL,Supplier Invoice,2359,1459,11-07-2024,Other Expenses,Professional Fees,Professional Fees,,Professional Fees-SD,Sandip Shah & co,0.00, ,0.00,20000.00,,,, Completed, 
AIIMPL,Purchase Order,1459,1459,10-07-2024,Other Expenses,Professional Fees,Professional Fees,,Professional Fees-SD,Sandip Shah & co,40000.00, 0.00,,0.00,,0,0, Approved, 
AIIMPL,Supplier Invoice,1995,1294,12-06-2024,Other Expenses,Professional Fees,Professional Fees,,Actuarial Valuation Fees,KP Actuaries and Consultants LLP,0.00, ,0.00,17500.00,,0,0, Completed, 
AIIMPL,Purchase Order,1294,1294,07-06-2024,Other Expenses,Professional Fees,Professional Fees,,Actuarial Valuation Fees,KP Actuaries and Consultants LLP,17500.00, 0.00,,0.00,,0,0, Approved, 
AIIMPL,Purchase Order,1189,1189,23-05-2024,Other Expenses,Professional Fees,Professional Fees,,Professional Fees-SD,,1.00, 1.00,,0.00,,0,0, , 
AIIMPL,Purchase Order,955,955,15-04-2024,Other Expenses,Professional Fees,Professional Fees,,NSDL Annual Custody Fees FY 24-25,National Securities Depository Limited (For Athaang infrastructure ),45000.00, 0.00,,0.00,,0,0, Approved, 
AIIMPL,Supplier Invoice,2358,1459,11-07-2024,Other Expenses,Professional Fees,Professional Fees,,Professional Fees-SD,Sandip Shah & co,0.00, ,0.00,20000.00,,0,0, Completed, 
AIIMPL,Supplier Invoice,1551,955,18-04-2024,Other Expenses,Professional Fees,Professional Fees,,NSDL Annual Custody Fees FY 24-25,National Securities Depository Limited (For Athaang infrastructure ),0.00, ,0.00,45000.00,,0,0, Completed, 
AIIMPL,Budget Balances,  , , 01-04-2024 ,Other Expenses,Travel Expenses,Travel Expenses,100000.00,,,,,,,0.00,100000.00,, , 
AIIMPL,Purchase Order,1089,1089,09-05-2024,Other Expenses,Travel Expenses,Travel Expenses,,Travel Expenses,Uniglobe Mod Travel ,100000.00, 100000.00,,0.00,,,, Approved, 
KTPL,Budget Balances,  , , 01-04-2024 ,TMS & HTMS Exp.,Internet Charges,Internet Charges,500000.00,,,,,,,0.00,500000.00,, , 
KTPL,Supplier Invoice,2438,977,18-07-2024,TMS & HTMS Exp.,Internet Charges,Internet Charges,,Internet Leased Line Connection (Airtel)-Kashi,R AND R NETWORK SERVICES ,0.00, ,0.00,40710.00,,,, Completed, 
KTPL,Supplier Invoice,1548,965,18-04-2024,TMS & HTMS Exp.,Internet Charges,Internet Charges,,Internet Leased Line Connection (Jio)-Kashi,Reliance Jio Infocomm Limited - Kashi,0.00, ,0.00,38350.00,,0,0, Completed, 
KTPL,Supplier Invoice,2261,965,05-07-2024,TMS & HTMS Exp.,Internet Charges,Internet Charges,,Internet Leased Line Connection (Jio)-Kashi,Reliance Jio Infocomm Limited - Kashi,0.00, ,0.00,38350.00,,0,0, Completed, 
KTPL,Purchase Order,977,977,22-04-2024,TMS & HTMS Exp.,Internet Charges,Internet Charges,,Internet Leased Line Connection (Airtel)-Kashi,R AND R NETWORK SERVICES ,162840.00, 0.00,,0.00,,0,0, Approved, 
KTPL,Supplier Invoice,1563,977,24-04-2024,TMS & HTMS Exp.,Internet Charges,Internet Charges,,Internet Leased Line Connection (Airtel)-Kashi,R AND R NETWORK SERVICES ,0.00, ,0.00,40710.00,,0,0, Completed, 
KTPL,Purchase Order,965,965,16-04-2024,TMS & HTMS Exp.,Internet Charges,Internet Charges,,Internet Leased Line Connection (Jio)-Kashi,Reliance Jio Infocomm Limited - Kashi,153400.00, 0.00,,0.00,,0,0, Approved, 
KTPL,Budget Balances,  , , 01-04-2024 ,Routine Maintenance Exp.,Toll Agency Cost,Toll Agency Cost,34432430.00,,,,,,,0.00,34432430.00,, , 
KTPL,Supplier Invoice,2069,1115,19-06-2024,Routine Maintenance Exp.,Toll Agency Cost,Toll Agency Cost,,Toll Agency Cost for FY-2024-25-KASHI,ELSAMEX MAINTENANCE SERVICES LIMITED,0.00, ,0.00,2897492.00,,,, Completed, 
KTPL,Supplier Invoice,2372,1115,12-07-2024,Routine Maintenance Exp.,Toll Agency Cost,Toll Agency Cost,,Toll Agency Cost for FY-2024-25-KASHI,ELSAMEX MAINTENANCE SERVICES LIMITED,0.00, ,0.00,2897492.00,,0,0, Completed, 
KTPL,Purchase Order,1115,1115,13-05-2024,Routine Maintenance Exp.,Toll Agency Cost,Toll Agency Cost,,Toll Agency Cost for FY-2024-25-KASHI,ELSAMEX MAINTENANCE SERVICES LIMITED,34003347.00, 0.00,,0.00,,0,0, Approved, 
KTPL,Supplier Invoice,1747,1115,15-05-2024,Routine Maintenance Exp.,Toll Agency Cost,Toll Agency Cost,,Toll Agency Cost for FY-2024-25-KASHI,ELSAMEX MAINTENANCE SERVICES LIMITED,0.00, ,0.00,2777027.00,,0,0, Completed, 
KTPL,Budget Balances,  , , 01-04-2024 ,Routine Maintenance Exp.,Toll Revision on Toll Boards,Toll Revision on Toll Boards,150000.00,,,,,,,0.00,150000.00,, , 
KTPL,Supplier Invoice,1901,1235,06-06-2024,Routine Maintenance Exp.,Toll Revision on Toll Boards,Toll Revision on Toll Boards,,Hindi News Paper- Amar Ujala or Dainik Jagaran ,VIDIT ADVERTISING,0.00, ,0.00,22181.00,,,, Completed, 
KTPL,Purchase Order,1434,1434,04-07-2024,Routine Maintenance Exp.,Toll Revision on Toll Boards,Toll Revision on Toll Boards,,3M sticker for nishulk for signage board,NAVODAY SIGNAGE WORKS,2643.00, 0.00,,0.00,,0,0, Approved, 
KTPL,Supplier Invoice,2336,1434,10-07-2024,Routine Maintenance Exp.,Toll Revision on Toll Boards,Toll Revision on Toll Boards,,Canopy Signage Plate 3M Retro reflective Tape,NAVODAY SIGNAGE WORKS,0.00, ,0.00,8071.00,,0,0, Completed, 
KTPL,Supplier Invoice,1901,1235,06-06-2024,Routine Maintenance Exp.,Toll Revision on Toll Boards,Toll Revision on Toll Boards,,English News Paper- Times of India ,VIDIT ADVERTISING,0.00, ,0.00,6986.00,,0,0, Completed, 
KTPL,Purchase Order,1434,1434,04-07-2024,Routine Maintenance Exp.,Toll Revision on Toll Boards,Toll Revision on Toll Boards,,3M Retro reflective for helpline sticker,NAVODAY SIGNAGE WORKS,3965.00, 0.00,,0.00,,0,0, Approved, 
KTPL,Supplier Invoice,2336,1434,10-07-2024,Routine Maintenance Exp.,Toll Revision on Toll Boards,Toll Revision on Toll Boards,,3M sticker for nishulk for signage board,NAVODAY SIGNAGE WORKS,0.00, ,0.00,2643.00,,0,0, Completed, 
KTPL,Purchase Order,1434,1434,04-07-2024,Routine Maintenance Exp.,Toll Revision on Toll Boards,Toll Revision on Toll Boards,,3M retro reflective tape rate Board work,NAVODAY SIGNAGE WORKS,2643.00, 0.00,,0.00,,0,0, Approved, 
KTPL,Purchase Order,1434,1434,04-07-2024,Routine Maintenance Exp.,Toll Revision on Toll Boards,Toll Revision on Toll Boards,,Labour Charge for Rate revision signage board work,NAVODAY SIGNAGE WORKS,5310.00, 0.00,,0.00,,0,0, Approved, 
KTPL,Supplier Invoice,2336,1434,10-07-2024,Routine Maintenance Exp.,Toll Revision on Toll Boards,Toll Revision on Toll Boards,,3M Retro reflective for helpline sticker,NAVODAY SIGNAGE WORKS,0.00, ,0.00,3965.00,,0,0, Completed, 
KTPL,Purchase Order,1235,1235,03-06-2024,Routine Maintenance Exp.,Toll Revision on Toll Boards,Toll Revision on Toll Boards,,Hindi News Paper- Amar Ujala or Dainik Jagaran ,VIDIT ADVERTISING,22181.00, 0.00,,0.00,,0,0, Approved, 
KTPL,Purchase Order,1434,1434,04-07-2024,Routine Maintenance Exp.,Toll Revision on Toll Boards,Toll Revision on Toll Boards,,Flex Board for rate revision ,NAVODAY SIGNAGE WORKS,4758.00, 0.00,,0.00,,0,0, Approved, 
KTPL,Supplier Invoice,2336,1434,10-07-2024,Routine Maintenance Exp.,Toll Revision on Toll Boards,Toll Revision on Toll Boards,,3M retro reflective tape rate Board work,NAVODAY SIGNAGE WORKS,0.00, ,0.00,2643.00,,0,0, Completed, 
KTPL,Supplier Invoice,2336,1434,10-07-2024,Routine Maintenance Exp.,Toll Revision on Toll Boards,Toll Revision on Toll Boards,,Labour Charge for Rate revision signage board work,NAVODAY SIGNAGE WORKS,0.00, ,0.00,5310.00,,0,0, Completed, 
KTPL,Purchase Order,1235,1235,03-06-2024,Routine Maintenance Exp.,Toll Revision on Toll Boards,Toll Revision on Toll Boards,,English News Paper- Times of India ,VIDIT ADVERTISING,6986.00, 0.00,,0.00,,0,0, Approved, 
KTPL,Purchase Order,1434,1434,04-07-2024,Routine Maintenance Exp.,Toll Revision on Toll Boards,Toll Revision on Toll Boards,,Canopy Signage Plate 3M Retro reflective Tape,NAVODAY SIGNAGE WORKS,8071.00, 0.00,,0.00,,0,0, Approved, 
KTPL,Supplier Invoice,2336,1434,10-07-2024,Routine Maintenance Exp.,Toll Revision on Toll Boards,Toll Revision on Toll Boards,,Flex Board for rate revision ,NAVODAY SIGNAGE WORKS,0.00, ,0.00,4758.00,,0,0, Completed, 
KTPL,Budget Balances,  , , 01-04-2024 ,Routine Maintenance Exp.,Repair Works,Repair Works,420000.00,,,,,,,0.00,420000.00,, , 
KTPL,Operating Expense,4243,0,09-05-2024,Routine Maintenance Exp.,Repair Works,Repair Works,,Height Restrictor Barrier Repairing Charge,Gyan and Sons Enterprises ,0.00, ,0.00,4720.00,,,, Completed, 
KTPL,Supplier Invoice,1767,1137,21-05-2024,Routine Maintenance Exp.,Repair Works,Repair Works,,AC servicing & Repairing work at KTPL ,NAVODAY SIGNAGE WORKS,0.00, ,0.00,32887.00,,0,0, Completed, 
KTPL,Purchase Order,1137,1137,16-05-2024,Routine Maintenance Exp.,Repair Works,Repair Works,,AC servicing & Repairing work at KTPL ,NAVODAY SIGNAGE WORKS,32887.00, 0.00,,0.00,,0,0, Approved, 
KTPL,Budget Balances,  , , 01-04-2024 ,TMS & HTMS  Electrical Exp.,TMS Spares,TMS Spares,600000.00,,,,,,,0.00,600000.00,, , 
KTPL,Purchase Order,1148,1148,17-05-2024,TMS & HTMS  Electrical Exp.,TMS Spares,TMS Spares,,6 Zone Remote Paging  Microphone for the DA-*MT ,ARYA OMNITALK WIRELESS SOLUTIONS PRIVATE LIMITED,11906.00, 11906.00,,0.00,,,, Approved, 
KTPL,Regular Expense,4110,0,25-04-2024,TMS & HTMS  Electrical Exp.,TMS Spares,TMS Spares,,Hard Disk ,Rakesh Ranjan,0.00, ,0.00,21800.00,,0,0, Completed, 
KTPL,Purchase Order,1148,1148,17-05-2024,TMS & HTMS  Electrical Exp.,TMS Spares,TMS Spares,,2C x 1.5 Sq.mm Armoured  Speaker Cable,ARYA OMNITALK WIRELESS SOLUTIONS PRIVATE LIMITED,89562.00, 89562.00,,0.00,,0,0, Approved, 
KTPL,Purchase Order,1050,1050,03-05-2024,TMS & HTMS  Electrical Exp.,TMS Spares,TMS Spares,,Walkie Talkie Talk Pro LF 446 ,NAVODAY SIGNAGE WORKS,67024.00, 0.00,,0.00,,0,0, Approved, 
KTPL,Purchase Order,1148,1148,17-05-2024,TMS & HTMS  Electrical Exp.,TMS Spares,TMS Spares,,Installation- Cables-  Connector and Accessories ,ARYA OMNITALK WIRELESS SOLUTIONS PRIVATE LIMITED,54870.00, 54870.00,,0.00,,0,0, Approved, 
KTPL,Purchase Order,1148,1148,17-05-2024,TMS & HTMS  Electrical Exp.,TMS Spares,TMS Spares,,Outdoor Horn Speaker- 30- 15W- 100V- ABS,ARYA OMNITALK WIRELESS SOLUTIONS PRIVATE LIMITED,18172.00, 18172.00,,0.00,,0,0, Approved, 
KTPL,Purchase Order,1148,1148,17-05-2024,TMS & HTMS  Electrical Exp.,TMS Spares,TMS Spares,,Packing & Transportation for PA System,ARYA OMNITALK WIRELESS SOLUTIONS PRIVATE LIMITED,13877.00, 13877.00,,0.00,,0,0, Approved, 
KTPL,Purchase Order,1148,1148,17-05-2024,TMS & HTMS  Electrical Exp.,TMS Spares,TMS Spares,,Two Channel Class-D  Amplifier- RMS 2×120W-  100V ,ARYA OMNITALK WIRELESS SOLUTIONS PRIVATE LIMITED,31565.00, 31565.00,,0.00,,0,0, Approved, 
KTPL,Supplier Invoice,1703,1050,13-05-2024,TMS & HTMS  Electrical Exp.,TMS Spares,TMS Spares,,Walkie Talkie Talk Pro LF 446 ,NAVODAY SIGNAGE WORKS,0.00, ,0.00,67024.00,,0,0, Completed, 
KTPL,Budget Balances,  , , 01-04-2024 ,TMS & HTMS  Electrical Exp.,IT Expenses for TMS,IT Expenses for TMS,250000.00,,,,,,,0.00,250000.00,, , 
KTPL,Operating Expense,4219,0,01-05-2024,TMS & HTMS  Electrical Exp.,IT Expenses for TMS,IT Expenses for TMS,,Camera Bracket,SECURE CITY,0.00, ,0.00,4060.38,,,, Completed, 
KTPL,Purchase Order,1062,1062,07-05-2024,TMS & HTMS  Electrical Exp.,IT Expenses for TMS,IT Expenses for TMS,,Boom Arms 60mm x 3 mtr,Yaksh Enterprises,36580.00, 34751.00,,0.00,,0,0, Approved, 
KTPL,Supplier Invoice,2453,1452,19-07-2024,TMS & HTMS  Electrical Exp.,IT Expenses for TMS,IT Expenses for TMS,,NAS- Synology DS 923+ ,Zenisys Systems,0.00, ,0.00,55460.00,,0,0, Completed, 
KTPL,Supplier Invoice,1860,1062,03-06-2024,TMS & HTMS  Electrical Exp.,IT Expenses for TMS,IT Expenses for TMS,,Boom Arms 60mm x 3 mtr,Yaksh Enterprises,0.00, ,0.00,36580.00,,0,0, Completed, 
KTPL,Supplier Invoice,2453,1452,19-07-2024,TMS & HTMS  Electrical Exp.,IT Expenses for TMS,IT Expenses for TMS,,8 TB WD Enterprise Hard disk,Zenisys Systems,0.00, ,0.00,77880.00,,0,0, Completed, 
KTPL,Purchase Order,1452,1452,08-07-2024,TMS & HTMS  Electrical Exp.,IT Expenses for TMS,IT Expenses for TMS,,NAS- Synology DS 923+ ,Zenisys Systems,55460.00, 0.00,,0.00,,0,0, Approved, 
KTPL,Purchase Order,1414,1414,01-07-2024,TMS & HTMS  Electrical Exp.,IT Expenses for TMS,IT Expenses for TMS,,Support Charges for FG40F Firewall,Mass infonet Pvt Ltd.,7080.00, 7080.00,,0.00,,0,0, Approved, 
KTPL,Operating Expense,4776,0,14-08-2024,TMS & HTMS  Electrical Exp.,IT Expenses for TMS,IT Expenses for TMS,,HDD (1TB),SECURE CITY,0.00, ,0.00,6549.00,,0,0, Submitted, 
KTPL,Supplier Invoice,2453,1452,19-07-2024,TMS & HTMS  Electrical Exp.,IT Expenses for TMS,IT Expenses for TMS,,TRANSPORT CHARGES - NAS,Zenisys Systems,0.00, ,0.00,2655.00,,0,0, Completed, 
KTPL,Purchase Order,1243,1243,04-06-2024,TMS & HTMS  Electrical Exp.,IT Expenses for TMS,IT Expenses for TMS,,9 Meter Octagonal Galvanized Pole,TRIVENI SOLAR ENTERPRISES,23836.00, 0.00,,0.00,,0,0, Approved, 
KTPL,Purchase Order,1452,1452,08-07-2024,TMS & HTMS  Electrical Exp.,IT Expenses for TMS,IT Expenses for TMS,,8 TB WD Enterprise Hard disk,Zenisys Systems,77880.00, 0.00,,0.00,,0,0, Approved, 
KTPL,Operating Expense,4219,0,01-05-2024,TMS & HTMS  Electrical Exp.,IT Expenses for TMS,IT Expenses for TMS,,PVC Junction Box ,SECURE CITY,0.00, ,0.00,79.06,,0,0, Completed, 
KTPL,Supplier Invoice,2054,1243,18-06-2024,TMS & HTMS  Electrical Exp.,IT Expenses for TMS,IT Expenses for TMS,,9 Meter Octagonal Galvanized Pole,TRIVENI SOLAR ENTERPRISES,0.00, ,0.00,23836.00,,0,0, Completed, 
KTPL,Supplier Invoice,2254,1414,04-07-2024,TMS & HTMS  Electrical Exp.,IT Expenses for TMS,IT Expenses for TMS,,Support Charges for FG40F Firewall,Mass infonet Pvt Ltd.,0.00, ,0.00,7080.00,,0,0, Completed, 
KTPL,Purchase Order,1452,1452,08-07-2024,TMS & HTMS  Electrical Exp.,IT Expenses for TMS,IT Expenses for TMS,,TRANSPORT CHARGES - NAS,Zenisys Systems,2655.00, 0.00,,0.00,,0,0, Approved, 
KTPL,Budget Balances,  , , 01-04-2024 ,TMS & HTMS  Electrical Exp.,Electricity Expenses,Electricity Expenses,3300000.00,,,,,,,0.00,3300000.00,, , 
KTPL,Supplier Invoice,1655,1019,08-05-2024,TMS & HTMS  Electrical Exp.,Electricity Expenses,Electricity Expenses,,M/s E D D-II Bhadohi Gyanpur Reveune A/C,M/s E D D-II Bhadohi Gyanpur Reveune A/C,0.00, ,0.00,222474.00,,,, Completed, 
KTPL,Supplier Invoice,2340,1019,10-07-2024,TMS & HTMS  Electrical Exp.,Electricity Expenses,Electricity Expenses,,M/s E D D-II Bhadohi Gyanpur Reveune A/C,M/s E D D-II Bhadohi Gyanpur Reveune A/C,0.00, ,0.00,192090.00,,0,0, Completed, 
KTPL,Supplier Invoice,1916,1019,07-06-2024,TMS & HTMS  Electrical Exp.,Electricity Expenses,Electricity Expenses,,M/s E D D-II Bhadohi Gyanpur Reveune A/C,M/s E D D-II Bhadohi Gyanpur Reveune A/C,0.00, ,0.00,231527.00,,0,0, Completed, 
KTPL,Purchase Order,1019,1019,30-04-2024,TMS & HTMS  Electrical Exp.,Electricity Expenses,Electricity Expenses,,M/s E D D-II Bhadohi Gyanpur Reveune A/C,M/s E D D-II Bhadohi Gyanpur Reveune A/C,3300000.00, 0.00,,0.00,,0,0, Approved, 
KTPL,Supplier Invoice,2650,1019,07-08-2024,TMS & HTMS  Electrical Exp.,Electricity Expenses,Electricity Expenses,,M/s E D D-II Bhadohi Gyanpur Reveune A/C,M/s E D D-II Bhadohi Gyanpur Reveune A/C,0.00, ,0.00,207429.00,,0,0, Completed, 
KTPL,Budget Balances,  , , 01-04-2024 ,TMS & HTMS  Electrical Exp.,Electrical Spares/DG Fuel & AMC,Electrical Spares/DG Fuel & AMC,1130000.00,,,,,,,0.00,1130000.00,, , 
KTPL,Purchase Order,1041,1041,03-05-2024,TMS & HTMS  Electrical Exp.,Electrical Spares/DG Fuel & AMC,Electrical Spares/DG Fuel & AMC,,DG Fuel Cost,Bhavya Highway Service,648000.00, 0.00,,0.00,,,, Approved, 
KTPL,Supplier Invoice,2062,1144,19-06-2024,TMS & HTMS  Electrical Exp.,Electrical Spares/DG Fuel & AMC,Electrical Spares/DG Fuel & AMC,,3C x 2.5 Sq.mm Copper Armoured  Cable,ARYA OMNITALK WIRELESS SOLUTIONS PRIVATE LIMITED,0.00, ,0.00,68393.00,,0,0, Completed, 
KTPL,Purchase Order,1144,1144,17-05-2024,TMS & HTMS  Electrical Exp.,Electrical Spares/DG Fuel & AMC,Electrical Spares/DG Fuel & AMC,,Packing & Transportation for 15 KVA UPS power cab.,ARYA OMNITALK WIRELESS SOLUTIONS PRIVATE LIMITED,34704.00, 34704.00,,0.00,,0,0, Approved, 
KTPL,Supplier Invoice,2636,1041,06-08-2024,TMS & HTMS  Electrical Exp.,Electrical Spares/DG Fuel & AMC,Electrical Spares/DG Fuel & AMC,,DG Fuel Cost,Bhavya Highway Service,0.00, ,0.00,52920.00,,0,0, Completed, 
KTPL,Purchase Order,1144,1144,17-05-2024,TMS & HTMS  Electrical Exp.,Electrical Spares/DG Fuel & AMC,Electrical Spares/DG Fuel & AMC,,4C x 16 Sq.mm Copper armoured  Cable,ARYA OMNITALK WIRELESS SOLUTIONS PRIVATE LIMITED,124891.00, 0.00,,0.00,,0,0, Approved, 
KTPL,Supplier Invoice,2062,1144,19-06-2024,TMS & HTMS  Electrical Exp.,Electrical Spares/DG Fuel & AMC,Electrical Spares/DG Fuel & AMC,,UPS Power Distribution Board- UPS  Room,ARYA OMNITALK WIRELESS SOLUTIONS PRIVATE LIMITED,0.00, ,0.00,14986.00,,0,0, Completed, 
KTPL,Purchase Order,1144,1144,17-05-2024,TMS & HTMS  Electrical Exp.,Electrical Spares/DG Fuel & AMC,Electrical Spares/DG Fuel & AMC,,UPS Power Distribution Board- UPS  Room,ARYA OMNITALK WIRELESS SOLUTIONS PRIVATE LIMITED,14986.00, 0.00,,0.00,,0,0, Approved, 
KTPL,Purchase Order,1144,1144,17-05-2024,TMS & HTMS  Electrical Exp.,Electrical Spares/DG Fuel & AMC,Electrical Spares/DG Fuel & AMC,,3C x 16 Sq.mm Copper Armoured  Cable,ARYA OMNITALK WIRELESS SOLUTIONS PRIVATE LIMITED,41630.00, 0.00,,0.00,,0,0, Approved, 
KTPL,Supplier Invoice,1673,1041,10-05-2024,TMS & HTMS  Electrical Exp.,Electrical Spares/DG Fuel & AMC,Electrical Spares/DG Fuel & AMC,,DG Fuel Cost,Bhavya Highway Service,0.00, ,0.00,26460.00,,0,0, Completed, 
KTPL,Supplier Invoice,1902,1041,06-06-2024,TMS & HTMS  Electrical Exp.,Electrical Spares/DG Fuel & AMC,Electrical Spares/DG Fuel & AMC,,DG Fuel Cost,Bhavya Highway Service,0.00, ,0.00,8827.00,,0,0, Completed, 
KTPL,Supplier Invoice,2062,1144,19-06-2024,TMS & HTMS  Electrical Exp.,Electrical Spares/DG Fuel & AMC,Electrical Spares/DG Fuel & AMC,,UPS Power Distribution Board- Central  Booth,ARYA OMNITALK WIRELESS SOLUTIONS PRIVATE LIMITED,0.00, ,0.00,27494.00,,0,0, Completed, 
KTPL,Purchase Order,1144,1144,17-05-2024,TMS & HTMS  Electrical Exp.,Electrical Spares/DG Fuel & AMC,Electrical Spares/DG Fuel & AMC,,UPS Power Distribution Board- Central  Booth,ARYA OMNITALK WIRELESS SOLUTIONS PRIVATE LIMITED,27494.00, 0.00,,0.00,,0,0, Approved, 
KTPL,Purchase Order,1117,1117,13-05-2024,TMS & HTMS  Electrical Exp.,Electrical Spares/DG Fuel & AMC,Electrical Spares/DG Fuel & AMC,,AMC for DG Set (140 KVA),JAKSON VENTURES PRIVATE LIMITED,28320.00, 0.00,,0.00,,0,0, Approved, 
KTPL,Supplier Invoice,2062,1144,19-06-2024,TMS & HTMS  Electrical Exp.,Electrical Spares/DG Fuel & AMC,Electrical Spares/DG Fuel & AMC,,4C x 16 Sq.mm Copper armoured  Cable,ARYA OMNITALK WIRELESS SOLUTIONS PRIVATE LIMITED,0.00, ,0.00,124891.00,,0,0, Completed, 
KTPL,Purchase Order,1144,1144,17-05-2024,TMS & HTMS  Electrical Exp.,Electrical Spares/DG Fuel & AMC,Electrical Spares/DG Fuel & AMC,,3C x 2.5 Sq.mm Copper Armoured  Cable,ARYA OMNITALK WIRELESS SOLUTIONS PRIVATE LIMITED,68393.00, 0.00,,0.00,,0,0, Approved, 
KTPL,Supplier Invoice,2253,1041,04-07-2024,TMS & HTMS  Electrical Exp.,Electrical Spares/DG Fuel & AMC,Electrical Spares/DG Fuel & AMC,,DG Fuel Cost,Bhavya Highway Service,0.00, ,0.00,57330.00,,0,0, Completed, 
KTPL,Supplier Invoice,1903,1117,06-06-2024,TMS & HTMS  Electrical Exp.,Electrical Spares/DG Fuel & AMC,Electrical Spares/DG Fuel & AMC,,AMC for DG Set (140 KVA),JAKSON VENTURES PRIVATE LIMITED,0.00, ,0.00,28320.00,,0,0, Completed, 
KTPL,Supplier Invoice,2062,1144,19-06-2024,TMS & HTMS  Electrical Exp.,Electrical Spares/DG Fuel & AMC,Electrical Spares/DG Fuel & AMC,,UPS Power Distribution Board- Booth,ARYA OMNITALK WIRELESS SOLUTIONS PRIVATE LIMITED,0.00, ,0.00,67071.00,,0,0, Completed, 
KTPL,Purchase Order,1144,1144,17-05-2024,TMS & HTMS  Electrical Exp.,Electrical Spares/DG Fuel & AMC,Electrical Spares/DG Fuel & AMC,,UPS Power Distribution Board- Booth,ARYA OMNITALK WIRELESS SOLUTIONS PRIVATE LIMITED,67071.00, 0.00,,0.00,,0,0, Approved, 
KTPL,Supplier Invoice,2062,1144,19-06-2024,TMS & HTMS  Electrical Exp.,Electrical Spares/DG Fuel & AMC,Electrical Spares/DG Fuel & AMC,,3C x 16 Sq.mm Copper Armoured  Cable,ARYA OMNITALK WIRELESS SOLUTIONS PRIVATE LIMITED,0.00, ,0.00,41630.00,,0,0, Completed, 
KTPL,Purchase Order,1144,1144,17-05-2024,TMS & HTMS  Electrical Exp.,Electrical Spares/DG Fuel & AMC,Electrical Spares/DG Fuel & AMC,,Installation Charge for 15 KVA UPS ,ARYA OMNITALK WIRELESS SOLUTIONS PRIVATE LIMITED,66080.00, 66080.00,,0.00,,0,0, Approved, 
KTPL,Budget Balances,  , , 01-04-2024 ,Vehicle Running & Maintenance Exp.,Vehicle Hire Charges,Vehicle Hire Charges,756000.00,,,,,,,0.00,756000.00,, , 
KTPL,Supplier Invoice,2656,1503,07-08-2024,Vehicle Running & Maintenance Exp.,Vehicle Hire Charges,Vehicle Hire Charges,,VEHICLE HIRE CHARGES,Gyan and Sons Enterprises ,0.00, ,0.00,63000.00,,,, Completed, 
KTPL,Purchase Order,1067,1067,07-05-2024,Vehicle Running & Maintenance Exp.,Vehicle Hire Charges,Vehicle Hire Charges,,VEHICLE HIRE CHARGES,OM ENTERPRISES,756000.00, 0.00,,0.00,,0,0, Closed, 
KTPL,Supplier Invoice,1934,1067,10-06-2024,Vehicle Running & Maintenance Exp.,Vehicle Hire Charges,Vehicle Hire Charges,,VEHICLE HIRE CHARGES,OM ENTERPRISES,0.00, ,0.00,63000.00,,0,0, Completed, 
KTPL,Purchase Order,1503,1503,19-07-2024,Vehicle Running & Maintenance Exp.,Vehicle Hire Charges,Vehicle Hire Charges,,VEHICLE HIRE CHARGES,Gyan and Sons Enterprises ,579600.00, 0.00,,0.00,,0,0, Approved, 
KTPL,Supplier Invoice,2263,1067,05-07-2024,Vehicle Running & Maintenance Exp.,Vehicle Hire Charges,Vehicle Hire Charges,,VEHICLE HIRE CHARGES,OM ENTERPRISES,0.00, ,0.00,50400.00,,0,0, Completed, 
KTPL,Supplier Invoice,1662,1067,09-05-2024,Vehicle Running & Maintenance Exp.,Vehicle Hire Charges,Vehicle Hire Charges,,VEHICLE HIRE CHARGES,OM ENTERPRISES,0.00, ,0.00,63000.00,,0,0, Completed, 
KTPL,Budget Balances,  , , 01-04-2024 ,Personal Exp.,Mobile Reimbursement,Mobile Reimbursement,40000.00,,,,,,,0.00,40000.00,, , 
KTPL,Regular Expense,4619,0,22-07-2024,Personal Exp.,Mobile Reimbursement,Mobile Reimbursement,,Mobile Bill Reimbursement,Rakesh Ranjan,0.00, ,0.00,1195.64,,,, Completed, 
KTPL,Regular Expense,4155,0,03-05-2024,Personal Exp.,Mobile Reimbursement,Mobile Reimbursement,,Mobile Bill Reimbursement,Dinesh Kumar Maurya,0.00, ,0.00,706.82,,0,0, Completed, 
KTPL,Regular Expense,4481,0,23-06-2024,Personal Exp.,Mobile Reimbursement,Mobile Reimbursement,,Mobile Bill Reimbursement,Tanmaya Mohanty,0.00, ,0.00,752.55,,0,0, Completed, 
KTPL,Regular Expense,4635,0,24-07-2024,Personal Exp.,Mobile Reimbursement,Mobile Reimbursement,,Mobile Bill Reimbursement,Amber Shrivastava,0.00, ,0.00,706.82,,0,0, Completed, 
KTPL,Regular Expense,4228,0,10-05-2024,Personal Exp.,Mobile Reimbursement,Mobile Reimbursement,,Mobile Bill Reimbursement,Amber Shrivastava,0.00, ,0.00,732.78,,0,0, Completed, 
KTPL,Regular Expense,4619,0,22-07-2024,Personal Exp.,Mobile Reimbursement,Mobile Reimbursement,,Mobile Bill Reimbursement,Rakesh Ranjan,0.00, ,0.00,1195.64,,0,0, Completed, 
KTPL,Regular Expense,4269,0,18-05-2024,Personal Exp.,Mobile Reimbursement,Mobile Reimbursement,,Mobile Bill Reimbursement,Sangam Lal Maurya,0.00, ,0.00,706.82,,0,0, Completed, 
KTPL,Regular Expense,4305,0,26-05-2024,Personal Exp.,Mobile Reimbursement,Mobile Reimbursement,,Mobile Bill Reimbursement,Tanmaya Mohanty,0.00, ,0.00,782.34,,0,0, Completed, 
KTPL,Regular Expense,4551,0,03-07-2024,Personal Exp.,Mobile Reimbursement,Mobile Reimbursement,,Mobile Bill Reimbursement,Dinesh Kumar Maurya,0.00, ,0.00,706.82,,0,0, Completed, 
KTPL,Regular Expense,4636,0,25-07-2024,Personal Exp.,Mobile Reimbursement,Mobile Reimbursement,,Mobile Bill Reimbursement,Tanmaya Mohanty,0.00, ,0.00,704.46,,0,0, Completed, 
KTPL,Regular Expense,4228,0,10-05-2024,Personal Exp.,Mobile Reimbursement,Mobile Reimbursement,,Mobile Bill Reimbursement,Amber Shrivastava,0.00, ,0.00,710.36,,0,0, Completed, 
KTPL,Regular Expense,4619,0,22-07-2024,Personal Exp.,Mobile Reimbursement,Mobile Reimbursement,,Mobile Bill Reimbursement,Rakesh Ranjan,0.00, ,0.00,249.00,,0,0, Completed, 
KTPL,Regular Expense,4431,0,18-06-2024,Personal Exp.,Mobile Reimbursement,Mobile Reimbursement,,Mobile Bill Reimbursement,Sangam Lal Maurya,0.00, ,0.00,706.82,,0,0, Completed, 
KTPL,Regular Expense,4689,0,03-08-2024,Personal Exp.,Mobile Reimbursement,Mobile Reimbursement,,Mobile Bill Reimbursement,Dinesh Kumar Maurya,0.00, ,0.00,706.82,,0,0, Completed, 
KTPL,Regular Expense,4611,0,19-07-2024,Personal Exp.,Mobile Reimbursement,Mobile Reimbursement,,Mobile Bill Reimbursement,Sangam Lal Maurya,0.00, ,0.00,706.82,,0,0, Completed, 
KTPL,Regular Expense,4089,0,26-04-2024,Personal Exp.,Mobile Reimbursement,Mobile Reimbursement,,Mobile Bill Reimbursement,Sangam Lal Maurya,0.00, ,0.00,706.82,,0,0, Completed, 
KTPL,Regular Expense,4418,0,13-06-2024,Personal Exp.,Mobile Reimbursement,Mobile Reimbursement,,Mobile Bill Reimbursement,Narendra Mishra,0.00, ,0.00,473.18,,0,0, Completed, 
KTPL,Regular Expense,4478,0,28-06-2024,Personal Exp.,Mobile Reimbursement,Mobile Reimbursement,,Mobile Bill Reimbursement,Amber Shrivastava,0.00, ,0.00,710.36,,0,0, Completed, 
KTPL,Regular Expense,4228,0,10-05-2024,Personal Exp.,Mobile Reimbursement,Mobile Reimbursement,,Mobile Bill Reimbursement,Amber Shrivastava,0.00, ,0.00,706.82,,0,0, Completed, 
KTPL,Regular Expense,4090,0,26-04-2024,Personal Exp.,Mobile Reimbursement,Mobile Reimbursement,,Mobile Bill Reimbursement,Narendra Mishra,0.00, ,0.00,946.36,,0,0, Completed, 
KTPL,Regular Expense,4584,0,14-07-2024,Personal Exp.,Mobile Reimbursement,Mobile Reimbursement,,Mobile Bill Reimbursement,Vishvjeet Singh,0.00, ,0.00,706.82,,0,0, Completed, 
KTPL,Regular Expense,4401,0,03-06-2024,Personal Exp.,Mobile Reimbursement,Mobile Reimbursement,,Mobile Bill Reimbursement,Dinesh Kumar Maurya,0.00, ,0.00,706.82,,0,0, Completed, 
KTPL,Regular Expense,4155,0,03-05-2024,Personal Exp.,Mobile Reimbursement,Mobile Reimbursement,,Mobile Bill Reimbursement,Dinesh Kumar Maurya,0.00, ,0.00,706.82,,0,0, Completed, 
KTPL,Regular Expense,4074,0,14-05-2024,Personal Exp.,Mobile Reimbursement,Mobile Reimbursement,,Mobile Bill Reimbursement,Tanmaya Mohanty,0.00, ,0.00,706.00,,0,0, Completed, 
KTPL,Regular Expense,4478,0,28-06-2024,Personal Exp.,Mobile Reimbursement,Mobile Reimbursement,,Mobile Bill Reimbursement,Amber Shrivastava,0.00, ,0.00,710.36,,0,0, Completed, 
KTPL,Regular Expense,4118,0,26-04-2024,Personal Exp.,Mobile Reimbursement,Mobile Reimbursement,,Mobile Bill Reimbursement,Rakesh Ranjan,0.00, ,0.00,1454.64,,0,0, Completed, 
KTPL,Regular Expense,4584,0,14-07-2024,Personal Exp.,Mobile Reimbursement,Mobile Reimbursement,,Mobile Bill Reimbursement,Vishvjeet Singh,0.00, ,0.00,930.14,,0,0, Completed, 
KTPL,Regular Expense,4762,0,13-08-2024,Personal Exp.,Mobile Reimbursement,Mobile Reimbursement,,Mobile Bill Reimbursement,Rakesh Ranjan,0.00, ,0.00,1444.64,,0,0, Completed, 
KTPL,Regular Expense,4297,0,23-05-2024,Personal Exp.,Mobile Reimbursement,Mobile Reimbursement,,Mobile Bill Reimbursement,Rakesh Ranjan,0.00, ,0.00,1454.64,,0,0, Completed, 
KTPL,Budget Balances,  , , 01-04-2024 ,Personal Exp.,Payroll processiong fees - GT,Payroll processiong fees - GT,218784.00,,,,,,,0.00,218784.00,, , 
KTPL,Supplier Invoice,2086,1320,20-06-2024,Personal Exp.,Payroll processiong fees - GT,Payroll processiong fees - GT,,Payroll cost,Grant Thornton,0.00, ,0.00,18231.00,,,, Completed, 
KTPL,Purchase Order,1320,1320,12-06-2024,Personal Exp.,Payroll processiong fees - GT,Payroll processiong fees - GT,,Payroll cost,Grant Thornton,218772.00, 0.00,,0.00,,0,0, Approved, 
KTPL,Budget Balances,  , , 01-04-2024 ,Personal Exp.,Staff Welfare,Staff Welfare,150000.00,,,,,,,0.00,150000.00,, , 
KTPL,Regular Expense,4223,0,10-05-2024,Personal Exp.,Staff Welfare,Staff Welfare,,Mobile Bill / Data Card,Vishvjeet Singh,0.00, ,0.00,728.06,,,, Completed, 
KTPL,Regular Expense,4203,0,07-05-2024,Personal Exp.,Staff Welfare,Staff Welfare,,Mobile Bill / Data Card,Ravi Gupta,0.00, ,0.00,2120.46,,0,0, Completed, 
KTPL,Regular Expense,4727,0,09-08-2024,Personal Exp.,Staff Welfare,Staff Welfare,,Mobile Bill / Data Card,Narendra Mishra,0.00, ,0.00,709.18,,0,0, Completed, 
KTPL,Regular Expense,4620,0,22-07-2024,Personal Exp.,Staff Welfare,Staff Welfare,,Mobile Bill / Data Card,Jay Kaushal Yadav,0.00, ,0.00,1252.70,,0,0, Completed, 
KTPL,Regular Expense,4517,0,07-07-2024,Personal Exp.,Staff Welfare,Staff Welfare,,Mobile Bill / Data Card,Narendra Mishra,0.00, ,0.00,480.79,,0,0, Completed, 
KTPL,Regular Expense,4237,0,13-05-2024,Personal Exp.,Staff Welfare,Staff Welfare,,Mobile Bill / Data Card,Jay Kaushal Yadav,0.00, ,0.00,801.80,,0,0, Completed, 
KTPL,Regular Expense,4223,0,10-05-2024,Personal Exp.,Staff Welfare,Staff Welfare,,Mobile Bill / Data Card,Vishvjeet Singh,0.00, ,0.00,706.82,,0,0, Completed, 
KTPL,Budget Balances,  , , 01-04-2024 ,Other Expenses,IE Fee,IE Fee,2400000.00,,,,,,,1991310.00,2400000.00,, , 
KTPL,Purchase Order,1406,1406,01-07-2024,Other Expenses,IE Fee,IE Fee,,IE fees KTPL,National Highway Authority of India-PIU Prg IE Fee,3635560.00, 0.00,,0.00,,,, Approved, 
KTPL,Supplier Invoice,2252,1406,04-07-2024,Other Expenses,IE Fee,IE Fee,,IE fees KTPL,National Highway Authority of India-PIU Prg IE Fee,0.00, ,0.00,3635560.00,,0,0, Completed, 
KTPL,Budget Balances,  , , 01-04-2024 ,Other Expenses,Professional Fee/Stat. Audit/Legal Fee,Professional Fee/Stat. Audit/Legal Fee,2979042.86,,,,,,,0.00,2979042.86,, , 
KTPL,Supplier Invoice,1819,1158,28-05-2024,Other Expenses,Professional Fee/Stat. Audit/Legal Fee,Professional Fee/Stat. Audit/Legal Fee,,Legal AND professional fees.,Protiviti India Member Private Limited,0.00, ,0.00,25286.00,,,, Completed, 
KTPL,Supplier Invoice,2529,1555,29-07-2024,Other Expenses,Professional Fee/Stat. Audit/Legal Fee,Professional Fee/Stat. Audit/Legal Fee,,XBRL FILING,Anubhuti Tripathi & Associates,0.00, ,0.00,17700.00,,0,0, Completed, 
KTPL,Supplier Invoice,1824,1173,28-05-2024,Other Expenses,Professional Fee/Stat. Audit/Legal Fee,Professional Fee/Stat. Audit/Legal Fee,,Legal & Profession Fees  ,Protiviti India Member Private Limited,0.00, ,0.00,18543.00,,0,0, Completed, 
KTPL,Operating Expense,4624,0,22-07-2024,Other Expenses,Professional Fee/Stat. Audit/Legal Fee,Professional Fee/Stat. Audit/Legal Fee,,MCA Form Filing Charges ,Anubhuti Tripathi & Associates,0.00, ,0.00,600.00,,0,0, Completed, 
KTPL,Purchase Order,1568,1568,30-07-2024,Other Expenses,Professional Fee/Stat. Audit/Legal Fee,Professional Fee/Stat. Audit/Legal Fee,,Out of pocket expenses,RSM Astute Consulting Pvt Ltd,443.00, 0.00,,0.00,,0,0, Approved, 
KTPL,Purchase Order,1297,1297,07-06-2024,Other Expenses,Professional Fee/Stat. Audit/Legal Fee,Professional Fee/Stat. Audit/Legal Fee,,Actuarial Valuation Fees,KP Actuaries and Consultants LLP,20650.00, 0.00,,0.00,,0,0, Approved, 
KTPL,Supplier Invoice,2042,1158,14-06-2024,Other Expenses,Professional Fee/Stat. Audit/Legal Fee,Professional Fee/Stat. Audit/Legal Fee,,Legal AND professional fees.,Protiviti India Member Private Limited,0.00, ,0.00,25285.00,,0,0, Completed, 
KTPL,Supplier Invoice,2211,1187,02-07-2024,Other Expenses,Professional Fee/Stat. Audit/Legal Fee,Professional Fee/Stat. Audit/Legal Fee,,Professional Fees-SD,Sandip Shah & co,0.00, ,0.00,23600.00,,0,0, Completed, 
KTPL,Supplier Invoice,2681,1568,09-08-2024,Other Expenses,Professional Fee/Stat. Audit/Legal Fee,Professional Fee/Stat. Audit/Legal Fee,,Out of pocket expenses,RSM Astute Consulting Pvt Ltd,0.00, ,0.00,443.00,,0,0, Completed, 
KTPL,Purchase Order,1187,1187,23-05-2024,Other Expenses,Professional Fee/Stat. Audit/Legal Fee,Professional Fee/Stat. Audit/Legal Fee,,Professional Fees-SD,Sandip Shah & co,47200.00, 0.00,,0.00,,0,0, Approved, 
KTPL,Purchase Order,1545,1545,25-07-2024,Other Expenses,Professional Fee/Stat. Audit/Legal Fee,Professional Fee/Stat. Audit/Legal Fee,,Advance Tax working Q4 23-24,Sandip Shah & co,14750.00, 14750.00,,0.00,,0,0, Submitted, 
KTPL,Supplier Invoice,2430,1432,17-07-2024,Other Expenses,Professional Fee/Stat. Audit/Legal Fee,Professional Fee/Stat. Audit/Legal Fee,,Professional Fees for Tax Advisory services ,Price Waterhouse & Co LLP,0.00, ,0.00,300900.00,,0,0, Completed, 
KTPL,Purchase Order,1568,1568,30-07-2024,Other Expenses,Professional Fee/Stat. Audit/Legal Fee,Professional Fee/Stat. Audit/Legal Fee,,Professional Fees ( DGCI Notice),RSM Astute Consulting Pvt Ltd,41300.00, 0.00,,0.00,,0,0, Approved, 
KTPL,Supplier Invoice,2140,1343,25-06-2024,Other Expenses,Professional Fee/Stat. Audit/Legal Fee,Professional Fee/Stat. Audit/Legal Fee,,Professional fees-compliance certificate -SD,Sandip Shah & co,0.00, ,0.00,11800.00,,0,0, Completed, 
KTPL,Supplier Invoice,2043,1173,14-06-2024,Other Expenses,Professional Fee/Stat. Audit/Legal Fee,Professional Fee/Stat. Audit/Legal Fee,,Legal & Profession Fees  ,Protiviti India Member Private Limited,0.00, ,0.00,18543.00,,0,0, Completed, 
KTPL,Purchase Order,1370,1370,24-06-2024,Other Expenses,Professional Fee/Stat. Audit/Legal Fee,Professional Fee/Stat. Audit/Legal Fee,,Audit Support-23-24,Protiviti India Member Private Limited,73329.00, 0.00,,0.00,,0,0, Approved, 
KTPL,Purchase Order,1182,1182,23-05-2024,Other Expenses,Professional Fee/Stat. Audit/Legal Fee,Professional Fee/Stat. Audit/Legal Fee,,Legal & Profession Fees  ,Protiviti India Member Private Limited,354000.00, 0.00,,0.00,,0,0, Approved, 
KTPL,Supplier Invoice,2212,1187,02-07-2024,Other Expenses,Professional Fee/Stat. Audit/Legal Fee,Professional Fee/Stat. Audit/Legal Fee,,Professional Fees-SD,Sandip Shah & co,0.00, ,0.00,23600.00,,0,0, Completed, 
KTPL,Purchase Order,1002,1002,25-04-2024,Other Expenses,Professional Fee/Stat. Audit/Legal Fee,Professional Fee/Stat. Audit/Legal Fee,,NSDL Annual Custody Fees FY 24-25,National Securities Depository Limited (For Athaang infrastructure ),88500.00, 0.00,,0.00,,0,0, Approved, 
KTPL,Supplier Invoice,2681,1568,09-08-2024,Other Expenses,Professional Fee/Stat. Audit/Legal Fee,Professional Fee/Stat. Audit/Legal Fee,,Professional Fees (surrender of GST Registration),RSM Astute Consulting Pvt Ltd,0.00, ,0.00,17700.00,,0,0, Completed, 
KTPL,Supplier Invoice,1578,1002,29-04-2024,Other Expenses,Professional Fee/Stat. Audit/Legal Fee,Professional Fee/Stat. Audit/Legal Fee,,NSDL Annual Custody Fees FY 24-25,National Securities Depository Limited (For Athaang infrastructure ),0.00, ,0.00,88500.00,,0,0, Completed, 
KTPL,Purchase Order,1568,1568,30-07-2024,Other Expenses,Professional Fee/Stat. Audit/Legal Fee,Professional Fee/Stat. Audit/Legal Fee,,Professional Fees (surrender of GST Registration),RSM Astute Consulting Pvt Ltd,17700.00, 0.00,,0.00,,0,0, Approved, 
KTPL,Purchase Order,1641,1641,16-08-2024,Other Expenses,Professional Fee/Stat. Audit/Legal Fee,Professional Fee/Stat. Audit/Legal Fee,,SECRETARIAL CHARGES,KFin Technologies Limited,11800.00, 11800.00,,0.00,,0,0, Submitted, 
KTPL,Supplier Invoice,2140,1343,25-06-2024,Other Expenses,Professional Fee/Stat. Audit/Legal Fee,Professional Fee/Stat. Audit/Legal Fee,,Professional fees-DSCR certificate-SD,Sandip Shah & co,0.00, ,0.00,11800.00,,0,0, Completed, 
KTPL,Operating Expense,4529,0,05-07-2024,Other Expenses,Professional Fee/Stat. Audit/Legal Fee,Professional Fee/Stat. Audit/Legal Fee,,Professional fees-Anubhuti,Anubhuti Tripathi & Associates,0.00, ,0.00,1180.00,,0,0, Completed, 
KTPL,Supplier Invoice,2238,1370,03-07-2024,Other Expenses,Professional Fee/Stat. Audit/Legal Fee,Professional Fee/Stat. Audit/Legal Fee,,Audit Support-23-24,Protiviti India Member Private Limited,0.00, ,0.00,73329.00,,0,0, Completed, 
KTPL,Supplier Invoice,2554,1549,30-07-2024,Other Expenses,Professional Fee/Stat. Audit/Legal Fee,Professional Fee/Stat. Audit/Legal Fee,,Accounting advisory services - NCDs and ICDs,Price Waterhouse & Co LLP,0.00, ,0.00,295000.00,,0,0, Completed, 
KTPL,Purchase Order,1173,1173,23-05-2024,Other Expenses,Professional Fee/Stat. Audit/Legal Fee,Professional Fee/Stat. Audit/Legal Fee,,Legal & Profession Fees  ,Protiviti India Member Private Limited,222510.00, 0.00,,0.00,,0,0, Approved, 
KTPL,Purchase Order,1343,1343,21-06-2024,Other Expenses,Professional Fee/Stat. Audit/Legal Fee,Professional Fee/Stat. Audit/Legal Fee,,Professional fees-compliance certificate -SD,Sandip Shah & co,11800.00, 0.00,,0.00,,0,0, Approved, 
KTPL,Supplier Invoice,2679,1568,09-08-2024,Other Expenses,Professional Fee/Stat. Audit/Legal Fee,Professional Fee/Stat. Audit/Legal Fee,,Professional Fees ( DGCI Notice),RSM Astute Consulting Pvt Ltd,0.00, ,0.00,41300.00,,0,0, Completed, 
KTPL,Supplier Invoice,1844,1182,01-06-2024,Other Expenses,Professional Fee/Stat. Audit/Legal Fee,Professional Fee/Stat. Audit/Legal Fee,,Legal & Profession Fees  ,Protiviti India Member Private Limited,0.00, ,0.00,29500.00,,0,0, Completed, 
KTPL,Supplier Invoice,2285,1173,08-07-2024,Other Expenses,Professional Fee/Stat. Audit/Legal Fee,Professional Fee/Stat. Audit/Legal Fee,,Legal & Profession Fees  ,Protiviti India Member Private Limited,0.00, ,0.00,1117.00,,0,0, Completed, 
KTPL,Purchase Order,1555,1555,26-07-2024,Other Expenses,Professional Fee/Stat. Audit/Legal Fee,Professional Fee/Stat. Audit/Legal Fee,,XBRL FILING,Anubhuti Tripathi & Associates,20886.00, 0.00,,0.00,,0,0, Approved, 
KTPL,Supplier Invoice,1992,1297,12-06-2024,Other Expenses,Professional Fee/Stat. Audit/Legal Fee,Professional Fee/Stat. Audit/Legal Fee,,Actuarial Valuation Fees,KP Actuaries and Consultants LLP,0.00, ,0.00,20650.00,,0,0, Completed, 
KTPL,Purchase Order,1158,1158,21-05-2024,Other Expenses,Professional Fee/Stat. Audit/Legal Fee,Professional Fee/Stat. Audit/Legal Fee,,Legal AND professional fees.,Protiviti India Member Private Limited,50572.00, 0.00,,0.00,,0,0, Approved, 
KTPL,Regular Expense,4569,0,12-07-2024,Other Expenses,Professional Fee/Stat. Audit/Legal Fee,Professional Fee/Stat. Audit/Legal Fee,,MCA Form Filing Charges ,Vibhav R,0.00, ,0.00,600.00,,0,0, Completed, 
KTPL,Purchase Order,1343,1343,21-06-2024,Other Expenses,Professional Fee/Stat. Audit/Legal Fee,Professional Fee/Stat. Audit/Legal Fee,,Professional fees-DSCR certificate-SD,Sandip Shah & co,11800.00, 0.00,,0.00,,0,0, Approved, 
KTPL,Purchase Order,1432,1432,04-07-2024,Other Expenses,Professional Fee/Stat. Audit/Legal Fee,Professional Fee/Stat. Audit/Legal Fee,,Professional Fees for Tax Advisory services ,Price Waterhouse & Co LLP,300900.00, 0.00,,0.00,,0,0, Approved, 
KTPL,Supplier Invoice,2268,1173,05-07-2024,Other Expenses,Professional Fee/Stat. Audit/Legal Fee,Professional Fee/Stat. Audit/Legal Fee,,Legal & Profession Fees  ,Protiviti India Member Private Limited,0.00, ,0.00,18543.00,,0,0, Completed, 
KTPL,Purchase Order,1549,1549,25-07-2024,Other Expenses,Professional Fee/Stat. Audit/Legal Fee,Professional Fee/Stat. Audit/Legal Fee,,Accounting advisory services - NCDs and ICDs,Price Waterhouse & Co LLP,295000.00, 0.00,,0.00,,0,0, Approved, 
KTPL,Budget Balances,  , , 01-04-2024 ,Other Expenses,Travel Expenses,Travel Expenses,1000000.00,,,,,,,0.00,1000000.00,, , 
KTPL,Purchase Order,1007,1007,25-04-2024,Other Expenses,Travel Expenses,Travel Expenses,,Driver Night Charge,PARA SECURITIES AND HR SERVICES PRIVATE LIMITED,900.00, 0.00,,0.00,,,, Approved, 
KTPL,Travel Expense,4458,0,26-06-2024,Other Expenses,Travel Expenses,Travel Expenses,,Hotel and Travel Expense,Bikram Singh,0.00, ,0.00,624.76,,0,0, Completed, 
KTPL,Purchase Order,1103,1103,10-05-2024,Other Expenses,Travel Expenses,Travel Expenses,,Travel Expenses,AUTORIDERS INTERNATIONAL LTD,200000.00, 200000.00,,0.00,,0,0, Approved, 
KTPL,Purchase Order,1219,1219,30-05-2024,Other Expenses,Travel Expenses,Travel Expenses,,Driver Night Charge,PARA SECURITIES AND HR SERVICES PRIVATE LIMITED,900.00, 0.00,,0.00,,0,0, Approved, 
KTPL,Supplier Invoice,1603,1007,02-05-2024,Other Expenses,Travel Expenses,Travel Expenses,,Travel Expenses for Guests ,PARA SECURITIES AND HR SERVICES PRIVATE LIMITED,0.00, ,0.00,4760.00,,0,0, Completed, 
KTPL,Supplier Invoice,1728,1090,14-05-2024,Other Expenses,Travel Expenses,Travel Expenses,,Travel Expenses,Uniglobe Mod Travel ,0.00, ,0.00,27307.00,,0,0, Completed, 
KTPL,Travel Expense,4449,0,24-06-2024,Other Expenses,Travel Expenses,Travel Expenses,,Travel Expenses,Ranganathan N,0.00, ,0.00,1000.00,,0,0, Completed, 
KTPL,Supplier Invoice,1605,1007,02-05-2024,Other Expenses,Travel Expenses,Travel Expenses,,Travel Expenses for Guests ,PARA SECURITIES AND HR SERVICES PRIVATE LIMITED,0.00, ,0.00,11386.00,,0,0, Completed, 
KTPL,Travel Expense,4133,0,29-04-2024,Other Expenses,Travel Expenses,Travel Expenses,,Travel Reimbursement ,Bikram Singh,0.00, ,0.00,417.00,,0,0, Completed, 
KTPL,Supplier Invoice,1874,1219,04-06-2024,Other Expenses,Travel Expenses,Travel Expenses,,Parking charges,PARA SECURITIES AND HR SERVICES PRIVATE LIMITED,0.00, ,0.00,170.00,,0,0, Completed, 
KTPL,Supplier Invoice,2075,1090,20-06-2024,Other Expenses,Travel Expenses,Travel Expenses,,Travel Expenses,Uniglobe Mod Travel ,0.00, ,0.00,53391.00,,0,0, Completed, 
KTPL,Travel Expense,4458,0,26-06-2024,Other Expenses,Travel Expenses,Travel Expenses,,Hotel and Travel Expense,Bikram Singh,0.00, ,0.00,2002.00,,0,0, Completed, 
KTPL,Supplier Invoice,1603,1007,02-05-2024,Other Expenses,Travel Expenses,Travel Expenses,,Parking charges,PARA SECURITIES AND HR SERVICES PRIVATE LIMITED,0.00, ,0.00,60.00,,0,0, Completed, 
KTPL,Travel Expense,4449,0,24-06-2024,Other Expenses,Travel Expenses,Travel Expenses,,Travel Expenses,Ranganathan N,0.00, ,0.00,1160.00,,0,0, Completed, 
KTPL,Operating Expense,4511,0,03-07-2024,Other Expenses,Travel Expenses,Travel Expenses,,Travel Expenses for Guests ,PARA SECURITIES AND HR SERVICES PRIVATE LIMITED,0.00, ,0.00,3890.00,,0,0, Completed, 
KTPL,Supplier Invoice,1605,1007,02-05-2024,Other Expenses,Travel Expenses,Travel Expenses,,Driver Night Charge,PARA SECURITIES AND HR SERVICES PRIVATE LIMITED,0.00, ,0.00,300.00,,0,0, Completed, 
KTPL,Supplier Invoice,1874,1219,04-06-2024,Other Expenses,Travel Expenses,Travel Expenses,,Driver Night Charge,PARA SECURITIES AND HR SERVICES PRIVATE LIMITED,0.00, ,0.00,900.00,,0,0, Completed, 
KTPL,Regular Expense,4111,0,25-04-2024,Other Expenses,Travel Expenses,Travel Expenses,,Hotel and Travel Expense,Rakesh Ranjan,0.00, ,0.00,60947.00,,0,0, Completed, 
KTPL,Supplier Invoice,2439,1090,18-07-2024,Other Expenses,Travel Expenses,Travel Expenses,,Travel Expenses,Uniglobe Mod Travel ,0.00, ,0.00,4180.00,,0,0, Completed, 
KTPL,Supplier Invoice,1604,1007,02-05-2024,Other Expenses,Travel Expenses,Travel Expenses,,Travel Expenses for Guests ,PARA SECURITIES AND HR SERVICES PRIVATE LIMITED,0.00, ,0.00,14851.00,,0,0, Completed, 
KTPL,Purchase Order,1007,1007,25-04-2024,Other Expenses,Travel Expenses,Travel Expenses,,Travel Expenses for Guests ,PARA SECURITIES AND HR SERVICES PRIVATE LIMITED,30997.00, 0.00,,0.00,,0,0, Approved, 
KTPL,Travel Expense,4134,0,29-04-2024,Other Expenses,Travel Expenses,Travel Expenses,,Travel Expenses,Bikram Singh,0.00, ,0.00,274.79,,0,0, Completed, 
KTPL,Purchase Order,1219,1219,30-05-2024,Other Expenses,Travel Expenses,Travel Expenses,,Travel Expenses for Guests ,PARA SECURITIES AND HR SERVICES PRIVATE LIMITED,11182.00, 0.00,,0.00,,0,0, Approved, 
KTPL,Supplier Invoice,2272,1090,05-07-2024,Other Expenses,Travel Expenses,Travel Expenses,,Travel Expenses,Uniglobe Mod Travel ,0.00, ,0.00,170420.00,,0,0, Completed, 
KTPL,Supplier Invoice,2015,1090,13-06-2024,Other Expenses,Travel Expenses,Travel Expenses,,Travel Expenses,Uniglobe Mod Travel ,0.00, ,0.00,38835.00,,0,0, Completed, 
KTPL,Supplier Invoice,1604,1007,02-05-2024,Other Expenses,Travel Expenses,Travel Expenses,,Parking charges,PARA SECURITIES AND HR SERVICES PRIVATE LIMITED,0.00, ,0.00,150.00,,0,0, Completed, 
KTPL,Travel Expense,4133,0,29-04-2024,Other Expenses,Travel Expenses,Travel Expenses,,Travel Reimbursement ,Bikram Singh,0.00, ,0.00,419.00,,0,0, Completed, 
KTPL,Purchase Order,1007,1007,25-04-2024,Other Expenses,Travel Expenses,Travel Expenses,,Parking charges,PARA SECURITIES AND HR SERVICES PRIVATE LIMITED,210.00, 0.00,,0.00,,0,0, Approved, 
KTPL,Supplier Invoice,2011,1090,13-06-2024,Other Expenses,Travel Expenses,Travel Expenses,,Travel Expenses,Uniglobe Mod Travel ,0.00, ,0.00,124205.00,,0,0, Completed, 
KTPL,Travel Expense,4134,0,29-04-2024,Other Expenses,Travel Expenses,Travel Expenses,,Travel Expenses,Bikram Singh,0.00, ,0.00,505.00,,0,0, Completed, 
KTPL,Travel Expense,4458,0,26-06-2024,Other Expenses,Travel Expenses,Travel Expenses,,Hotel and Travel Expense,Bikram Singh,0.00, ,0.00,193.00,,0,0, Completed, 
KTPL,Purchase Order,1219,1219,30-05-2024,Other Expenses,Travel Expenses,Travel Expenses,,Parking charges,PARA SECURITIES AND HR SERVICES PRIVATE LIMITED,170.00, 0.00,,0.00,,0,0, Approved, 
KTPL,Travel Expense,4381,0,07-06-2024,Other Expenses,Travel Expenses,Travel Expenses,,Travel Expenses,Bikram Singh,0.00, ,0.00,348.00,,0,0, Completed, 
KTPL,Supplier Invoice,1604,1007,02-05-2024,Other Expenses,Travel Expenses,Travel Expenses,,Driver Night Charge,PARA SECURITIES AND HR SERVICES PRIVATE LIMITED,0.00, ,0.00,600.00,,0,0, Completed, 
KTPL,Travel Expense,4133,0,29-04-2024,Other Expenses,Travel Expenses,Travel Expenses,,Travel Expenses,Bikram Singh,0.00, ,0.00,65.00,,0,0, Completed, 
KTPL,Supplier Invoice,1733,1090,14-05-2024,Other Expenses,Travel Expenses,Travel Expenses,,Travel Expenses,Uniglobe Mod Travel ,0.00, ,0.00,43740.00,,0,0, Completed, 
KTPL,Supplier Invoice,1874,1219,04-06-2024,Other Expenses,Travel Expenses,Travel Expenses,,Travel Expenses for Guests ,PARA SECURITIES AND HR SERVICES PRIVATE LIMITED,0.00, ,0.00,11182.00,,0,0, Completed, 
KTPL,Purchase Order,1090,1090,09-05-2024,Other Expenses,Travel Expenses,Travel Expenses,,Travel Expenses,Uniglobe Mod Travel ,600000.00, 0.00,,0.00,,0,0, Approved, 
KTPL,Budget Balances,  , , 01-04-2024 ,Other Expenses,Other Misc. Expenses,Other Misc. Expenses,600000.00,,,,,,,-2500.00,600000.00,, , 
KTPL,Supplier Invoice,1771,1129,22-05-2024,Other Expenses,Other Misc. Expenses,Other Misc. Expenses,,Miscellaneous Expenses- KTPL,ELSAMEX MAINTENANCE SERVICES LIMITED,0.00, ,0.00,35223.00,,,, Completed, 
KTPL,Operating Expense,4509,0,03-07-2024,Other Expenses,Other Misc. Expenses,Other Misc. Expenses,,Pooja expenses,SIYA RAM,0.00, ,0.00,5000.00,,0,0, Completed, 
KTPL,Supplier Invoice,1998,1262,12-06-2024,Other Expenses,Other Misc. Expenses,Other Misc. Expenses,, Premises bearing charges,SHWETA DIIXIT,0.00, ,0.00,26550.00,,0,0, Completed, 
KTPL,Supplier Invoice,2339,1388,10-07-2024,Other Expenses,Other Misc. Expenses,Other Misc. Expenses,,Miscellaneous Expenses- KTPL,ELSAMEX MAINTENANCE SERVICES LIMITED,0.00, ,0.00,20619.00,,0,0, Completed, 
KTPL,Supplier Invoice,1771,1129,22-05-2024,Other Expenses,Other Misc. Expenses,Other Misc. Expenses,,KTPL Plaza 1st Anniversary Expense,ELSAMEX MAINTENANCE SERVICES LIMITED,0.00, ,0.00,54807.00,,0,0, Completed, 
KTPL,Purchase Order,1262,1262,05-06-2024,Other Expenses,Other Misc. Expenses,Other Misc. Expenses,, Premises bearing charges,SHWETA DIIXIT,26550.00, 0.00,,0.00,,0,0, Approved, 
KTPL,Purchase Order,1129,1129,14-05-2024,Other Expenses,Other Misc. Expenses,Other Misc. Expenses,,Miscellaneous Expenses- KTPL,ELSAMEX MAINTENANCE SERVICES LIMITED,35223.00, 0.00,,0.00,,0,0, Approved, 
KTPL,Purchase Order,1129,1129,14-05-2024,Other Expenses,Other Misc. Expenses,Other Misc. Expenses,,KTPL Plaza 1st Anniversary Expense,ELSAMEX MAINTENANCE SERVICES LIMITED,54807.00, 0.00,,0.00,,0,0, Approved, 
KTPL,Operating Expense,4370,0,03-06-2024,Other Expenses,Other Misc. Expenses,Other Misc. Expenses,,Daily Pooja Expense at Office  FY-2024-25,SIYA RAM,0.00, ,0.00,5000.00,,0,0, Completed, 
KTPL,Purchase Order,1388,1388,25-06-2024,Other Expenses,Other Misc. Expenses,Other Misc. Expenses,,Miscellaneous Expenses- KTPL,ELSAMEX MAINTENANCE SERVICES LIMITED,385000.00, 0.00,,0.00,,0,0, Approved, 
KTPL,Supplier Invoice,2154,1388,27-06-2024,Other Expenses,Other Misc. Expenses,Other Misc. Expenses,,Miscellaneous Expenses- KTPL,ELSAMEX MAINTENANCE SERVICES LIMITED,0.00, ,0.00,17533.00,,0,0, Completed, 
KTPL,Operating Expense,4206,0,01-05-2024,Other Expenses,Other Misc. Expenses,Other Misc. Expenses,,Daily Pooja Expense at Office  FY-2024-25,SIYA RAM,0.00, ,0.00,5000.00,,0,0, Completed, 
KTPL,Budget Balances,  , , 01-04-2024 ,Other Expenses,Safety Items,Safety Items,400000.00,,,,,,,0.00,400000.00,, , 
KTPL,Supplier Invoice,2635,1509,06-08-2024,Other Expenses,Safety Items,Safety Items,,MANUAL CALL POINT.,BHARAT FIRE SOLUTIONS,0.00, ,0.00,1062.00,,,, Completed, 
KTPL,Purchase Order,1509,1509,22-07-2024,Other Expenses,Safety Items,Safety Items,,2 ZONE FIRE ALARM PANEL,BHARAT FIRE SOLUTIONS,5310.00, 5310.00,,0.00,,0,0, Approved, 
KTPL,Purchase Order,1509,1509,22-07-2024,Other Expenses,Safety Items,Safety Items,,Freight Charge for fire alarm system,BHARAT FIRE SOLUTIONS,2000.00, 2000.00,,0.00,,0,0, Approved, 
KTPL,Supplier Invoice,2673,1150,09-08-2024,Other Expenses,Safety Items,Safety Items,,Aluminium Scaffolding Ladder,S J LADDERS,0.00, ,0.00,123900.00,,0,0, Completed, 
KTPL,Supplier Invoice,2635,1509,06-08-2024,Other Expenses,Safety Items,Safety Items,,HOOTER,BHARAT FIRE SOLUTIONS,0.00, ,0.00,1062.00,,0,0, Completed, 
KTPL,Purchase Order,1509,1509,22-07-2024,Other Expenses,Safety Items,Safety Items,,SMOKE DETECTOR.,BHARAT FIRE SOLUTIONS,6490.00, 6490.00,,0.00,,0,0, Approved, 
KTPL,Purchase Order,1150,1150,18-05-2024,Other Expenses,Safety Items,Safety Items,,Aluminium Scaffolding Ladder,S J LADDERS,123900.00, 0.00,,0.00,,0,0, Approved, 
KTPL,Purchase Order,1509,1509,22-07-2024,Other Expenses,Safety Items,Safety Items,,Installation Charge for fire alarm system,BHARAT FIRE SOLUTIONS,18290.00, 18290.00,,0.00,,0,0, Approved, 
KTPL,Supplier Invoice,2673,1150,09-08-2024,Other Expenses,Safety Items,Safety Items,,Freight Charge for Aluminium Scaffolding Ladder,S J LADDERS,0.00, ,0.00,11800.00,,0,0, Completed, 
KTPL,Supplier Invoice,2635,1509,06-08-2024,Other Expenses,Safety Items,Safety Items,,1.5*2 CORE COPPER ARMOURED CABLE,BHARAT FIRE SOLUTIONS,0.00, ,0.00,27140.00,,0,0, Completed, 
KTPL,Purchase Order,1509,1509,22-07-2024,Other Expenses,Safety Items,Safety Items,,MANUAL CALL POINT.,BHARAT FIRE SOLUTIONS,1062.00, 1062.00,,0.00,,0,0, Approved, 
KTPL,Supplier Invoice,2635,1509,06-08-2024,Other Expenses,Safety Items,Safety Items,,2 ZONE FIRE ALARM PANEL,BHARAT FIRE SOLUTIONS,0.00, ,0.00,5310.00,,0,0, Completed, 
KTPL,Purchase Order,1150,1150,18-05-2024,Other Expenses,Safety Items,Safety Items,,Freight Charge for Aluminium Scaffolding Ladder,S J LADDERS,11800.00, 0.00,,0.00,,0,0, Approved, 
KTPL,Supplier Invoice,2635,1509,06-08-2024,Other Expenses,Safety Items,Safety Items,,Freight Charge for fire alarm system,BHARAT FIRE SOLUTIONS,0.00, ,0.00,2000.00,,0,0, Completed, 
KTPL,Purchase Order,1509,1509,22-07-2024,Other Expenses,Safety Items,Safety Items,,HOOTER,BHARAT FIRE SOLUTIONS,1062.00, 1062.00,,0.00,,0,0, Approved, 
KTPL,Supplier Invoice,2635,1509,06-08-2024,Other Expenses,Safety Items,Safety Items,,SMOKE DETECTOR.,BHARAT FIRE SOLUTIONS,0.00, ,0.00,6490.00,,0,0, Completed, 
KTPL,Supplier Invoice,2635,1509,06-08-2024,Other Expenses,Safety Items,Safety Items,,Installation Charge for fire alarm system,BHARAT FIRE SOLUTIONS,0.00, ,0.00,18290.00,,0,0, Completed, 
KTPL,Purchase Order,1509,1509,22-07-2024,Other Expenses,Safety Items,Safety Items,,1.5*2 CORE COPPER ARMOURED CABLE,BHARAT FIRE SOLUTIONS,27140.00, 27140.00,,0.00,,0,0, Approved, 
KTPL,Budget Balances,  , , 01-04-2024 ,Other Expenses,ESG Related Exp.,ESG Related Exp.,75000.00,,,,,,,0.00,75000.00,, , 
KTPL,Supplier Invoice,2416,1342,16-07-2024,Other Expenses,ESG Related Exp.,ESG Related Exp.,,Ambient noise monitoring (24 Hours),GEOGREEN TESTING LABORATORY,0.00, ,0.00,1475.00,,,, Completed, 
KTPL,Purchase Order,1342,1342,21-06-2024,Other Expenses,ESG Related Exp.,ESG Related Exp.,,DG set noise monitoring-Kashi,GEOGREEN TESTING LABORATORY,2950.00, 2950.00,,0.00,,0,0, Approved, 
KTPL,Purchase Order,1342,1342,21-06-2024,Other Expenses,ESG Related Exp.,ESG Related Exp.,,AMBIENT AIR MONITORING ,GEOGREEN TESTING LABORATORY,5310.00, 5310.00,,0.00,,0,0, Approved, 
KTPL,Supplier Invoice,2416,1342,16-07-2024,Other Expenses,ESG Related Exp.,ESG Related Exp.,,DG set stack monitoring-Kashi,GEOGREEN TESTING LABORATORY,0.00, ,0.00,8850.00,,0,0, Completed, 
KTPL,Purchase Order,1342,1342,21-06-2024,Other Expenses,ESG Related Exp.,ESG Related Exp.,,DG set insertion loss-KASHI,GEOGREEN TESTING LABORATORY,8850.00, 8850.00,,0.00,,0,0, Approved, 
KTPL,Purchase Order,1342,1342,21-06-2024,Other Expenses,ESG Related Exp.,ESG Related Exp.,,Drinking water (Purchased water),GEOGREEN TESTING LABORATORY,3540.00, 3540.00,,0.00,,0,0, Approved, 
KTPL,Supplier Invoice,2416,1342,16-07-2024,Other Expenses,ESG Related Exp.,ESG Related Exp.,,DG set noise monitoring-Kashi,GEOGREEN TESTING LABORATORY,0.00, ,0.00,2950.00,,0,0, Completed, 
KTPL,Purchase Order,1342,1342,21-06-2024,Other Expenses,ESG Related Exp.,ESG Related Exp.,,Bore well / Surface water,GEOGREEN TESTING LABORATORY,7080.00, 7080.00,,0.00,,0,0, Approved, 
KTPL,Purchase Order,1342,1342,21-06-2024,Other Expenses,ESG Related Exp.,ESG Related Exp.,,Ambient noise monitoring (24 Hours),GEOGREEN TESTING LABORATORY,1475.00, 1475.00,,0.00,,0,0, Approved, 
KTPL,Supplier Invoice,2416,1342,16-07-2024,Other Expenses,ESG Related Exp.,ESG Related Exp.,,AMBIENT AIR MONITORING ,GEOGREEN TESTING LABORATORY,0.00, ,0.00,5310.00,,0,0, Completed, 
KTPL,Supplier Invoice,2416,1342,16-07-2024,Other Expenses,ESG Related Exp.,ESG Related Exp.,,DG set insertion loss-KASHI,GEOGREEN TESTING LABORATORY,0.00, ,0.00,8850.00,,0,0, Completed, 
KTPL,Supplier Invoice,2416,1342,16-07-2024,Other Expenses,ESG Related Exp.,ESG Related Exp.,,Drinking water (Purchased water),GEOGREEN TESTING LABORATORY,0.00, ,0.00,3540.00,,0,0, Completed, 
KTPL,Purchase Order,1342,1342,21-06-2024,Other Expenses,ESG Related Exp.,ESG Related Exp.,,DG set stack monitoring-Kashi,GEOGREEN TESTING LABORATORY,8850.00, 8850.00,,0.00,,0,0, Approved, 
KTPL,Supplier Invoice,2416,1342,16-07-2024,Other Expenses,ESG Related Exp.,ESG Related Exp.,,Bore well / Surface water,GEOGREEN TESTING LABORATORY,0.00, ,0.00,7080.00,,0,0, Completed, 
KTPL,Budget Balances,  , , 01-04-2024 ,Other Expenses,Food & Beverages,Food & Beverages,50000.00,,,,,,,0.00,50000.00,, , 
KTPL,Regular Expense,4178,0,06-05-2024,Other Expenses,Food & Beverages,Food & Beverages,,Food & Beverages,Rakesh Ranjan,0.00, ,0.00,7875.00,,,, Completed, 
KTPL,Travel Expense,4134,0,29-04-2024,Other Expenses,Food & Beverages,Food & Beverages,,Food & Beverages,Bikram Singh,0.00, ,0.00,446.00,,0,0, Completed, 
KTPL,Travel Expense,4381,0,07-06-2024,Other Expenses,Food & Beverages,Food & Beverages,,Food & Beverages,Bikram Singh,0.00, ,0.00,593.00,,0,0, Completed, 
KTPL,Travel Expense,4130,0,29-04-2024,Other Expenses,Food & Beverages,Food & Beverages,,Food & Beverages,Kuldeep Singh,0.00, ,0.00,150.00,,0,0, Completed, 
KTPL,Regular Expense,4264,0,17-05-2024,Other Expenses,Food & Beverages,Food & Beverages,,Food & Beverages,Jay Kaushal Yadav,0.00, ,0.00,5711.00,,0,0, Completed, 
KTPL,Travel Expense,4134,0,29-04-2024,Other Expenses,Food & Beverages,Food & Beverages,,Food & Beverages,Bikram Singh,0.00, ,0.00,130.00,,0,0, Completed, 
KTPL,Travel Expense,4381,0,07-06-2024,Other Expenses,Food & Beverages,Food & Beverages,,Food & Beverages,Bikram Singh,0.00, ,0.00,440.00,,0,0, Completed, 
KTPL,Travel Expense,4133,0,29-04-2024,Other Expenses,Food & Beverages,Food & Beverages,,Food & Beverages,Bikram Singh,0.00, ,0.00,270.90,,0,0, Completed, 
KTPL,Travel Expense,4130,0,29-04-2024,Other Expenses,Food & Beverages,Food & Beverages,,Food & Beverages,Kuldeep Singh,0.00, ,0.00,1888.00,,0,0, Completed, 
KTPL,Travel Expense,4134,0,29-04-2024,Other Expenses,Food & Beverages,Food & Beverages,,Food & Beverages,Bikram Singh,0.00, ,0.00,150.00,,0,0, Completed, 
KTPL,Travel Expense,4381,0,07-06-2024,Other Expenses,Food & Beverages,Food & Beverages,,Food & Beverages,Bikram Singh,0.00, ,0.00,750.00,,0,0, Completed, 
KTPL,Travel Expense,4449,0,24-06-2024,Other Expenses,Food & Beverages,Food & Beverages,,Food & Beverages,Ranganathan N,0.00, ,0.00,856.00,,0,0, Completed, 
KTPL,Travel Expense,4130,0,29-04-2024,Other Expenses,Food & Beverages,Food & Beverages,,Food & Beverages,Kuldeep Singh,0.00, ,0.00,150.00,,0,0, Completed, 
KTPL,Regular Expense,4110,0,25-04-2024,Other Expenses,Food & Beverages,Food & Beverages,,Food & Beverages,Rakesh Ranjan,0.00, ,0.00,2652.00,,0,0, Completed, 
KTPL,Budget Balances,  , , 01-04-2024 ,Other Expenses,Fire Extinguishers Refilling Charges,Fire Extinguishers Refilling Charges,79000.00,,,,,,,0.00,79000.00,, , 
KTPL,Purchase Order,1628,1628,12-08-2024,Other Expenses,Fire Extinguishers Refilling Charges,Fire Extinguishers Refilling Charges,,CO2 Type Fire Extinguisher 4.5 kg,ONKAR NATH RAJEEV GUPTA,16520.00, 16520.00,,0.00,,,, Approved, 
KTPL,Purchase Order,1628,1628,12-08-2024,Other Expenses,Fire Extinguishers Refilling Charges,Fire Extinguishers Refilling Charges,,CO2 Type fire extinguisher 9 kg with trolley,ONKAR NATH RAJEEV GUPTA,8850.00, 8850.00,,0.00,,0,0, Approved, 
KTPL,Budget Balances,  , , 01-04-2024 ,Management Fees,Management Fees,Management Fees,50427300.00,,,,,,,0.00,50427300.00,, , 
KTPL,Purchase Order,1538,1538,25-07-2024,Management Fees,Management Fees,Management Fees,,Service Management Fees-AIPL,Athaang Infrastructure Private Limited,50427300.00, 50427300.00,,0.00,,,, , 
KTPL,Budget Balances,  , , 01-04-2024 ,Finance Expenses,Trustee / LA / Other Lender Fees,Trustee / LA / Other Lender Fees,2065000.00,,,,,,,0.00,2065000.00,, , 
KTPL,Supplier Invoice,1645,1014,06-05-2024,Finance Expenses,Trustee / LA / Other Lender Fees,Trustee / LA / Other Lender Fees,,Security Trustee Fees F.Y. 2024-25, SBICAP Trustee Company Limited,0.00, ,0.00,177000.00,,,, Completed, 
KTPL,Purchase Order,1014,1014,29-04-2024,Finance Expenses,Trustee / LA / Other Lender Fees,Trustee / LA / Other Lender Fees,,Security Trustee Fees F.Y. 2024-25, SBICAP Trustee Company Limited,177000.00, 0.00,,0.00,,0,0, Approved, 
KTPL,Budget Balances,  , , 01-04-2024 ,Finance Expenses,Rating Fees,Rating Fees,2832000.00,,,,,,,0.00,2832000.00,, , 
KTPL,Purchase Order,981,981,23-04-2024,Finance Expenses,Rating Fees,Rating Fees,,Surveillance Fees on Outstanding Bank Loan Rating ,CRISIL Limited ,2731135.00, 2731135.00,,0.00,,,, Approved, 
KTPL,Budget Balances,  , , 01-04-2024 ,Capex,Air Conditioners,Air Conditioners,500000.00,,,,,,,0.00,500000.00,, , 
KTPL,Supplier Invoice,2480,1469,23-07-2024,Capex,Air Conditioners,Air Conditioners,,AC Installation Charges,USHA SALES & SERVICES ,0.00, ,0.00,7365.00,,,, Completed, 
KTPL,Purchase Order,1469,1469,10-07-2024,Capex,Air Conditioners,Air Conditioners,,AC Installation Charges,USHA SALES & SERVICES ,7365.00, 7365.00,,0.00,,0,0, Approved, 
KTPL,Supplier Invoice,2480,1469,23-07-2024,Capex,Air Conditioners,Air Conditioners,,Transportation  Charge ,USHA SALES & SERVICES ,0.00, ,0.00,1800.00,,0,0, Completed, 
KTPL,Purchase Order,1469,1469,10-07-2024,Capex,Air Conditioners,Air Conditioners,,Transportation  Charge ,USHA SALES & SERVICES ,1800.00, 1800.00,,0.00,,0,0, Approved, 
KTPL,Supplier Invoice,2480,1469,23-07-2024,Capex,Air Conditioners,Air Conditioners,,Voltas 1.5 Ton 3 Star Model 183 V Vertis Elite,USHA SALES & SERVICES ,0.00, ,0.00,178500.00,,0,0, Completed, 
KTPL,Purchase Order,1469,1469,10-07-2024,Capex,Air Conditioners,Air Conditioners,,Voltas 1.5 Ton 3 Star Model 183 V Vertis Elite,USHA SALES & SERVICES ,178500.00, 178500.00,,0.00,,0,0, Approved, 
KTPL,Budget Balances,  , , 01-04-2024 ,Capex,Office Furniture,Office Furniture,400000.00,,,,,,,0.00,400000.00,, , 
KTPL,Supplier Invoice,2061,1324,19-06-2024,Capex,Office Furniture,Office Furniture,,USHA RO Water Purifier 50 Lt /Hours ,USHA SALES & SERVICES ,0.00, ,0.00,26500.00,,,, Completed, 
KTPL,Purchase Order,1324,1324,12-06-2024,Capex,Office Furniture,Office Furniture,,USHA SS 60/80 Litre Water Cooler ,USHA SALES & SERVICES ,41500.00, 0.00,,0.00,,0,0, Approved, 
KTPL,Supplier Invoice,2061,1324,19-06-2024,Capex,Office Furniture,Office Furniture,,LG Refrigerator 185 Ltr 5 star,USHA SALES & SERVICES ,0.00, ,0.00,17899.00,,0,0, Completed, 
KTPL,Purchase Order,1324,1324,12-06-2024,Capex,Office Furniture,Office Furniture,,USHA RO Water Purifier 50 Lt /Hours ,USHA SALES & SERVICES ,26500.00, 0.00,,0.00,,0,0, Approved, 
KTPL,Supplier Invoice,2061,1324,19-06-2024,Capex,Office Furniture,Office Furniture,,LG Microwave oven 20 Ltr,USHA SALES & SERVICES ,0.00, ,0.00,10950.00,,0,0, Completed, 
KTPL,Purchase Order,1324,1324,12-06-2024,Capex,Office Furniture,Office Furniture,,LG Refrigerator 185 Ltr 5 star,USHA SALES & SERVICES ,17900.00, 0.00,,0.00,,0,0, Approved, 
KTPL,Supplier Invoice,2061,1324,19-06-2024,Capex,Office Furniture,Office Furniture,,Transaportation Charges ,USHA SALES & SERVICES ,0.00, ,0.00,1770.00,,0,0, Completed, 
KTPL,Purchase Order,1324,1324,12-06-2024,Capex,Office Furniture,Office Furniture,,LG Microwave oven 20 Ltr,USHA SALES & SERVICES ,10950.00, 0.00,,0.00,,0,0, Approved, 
KTPL,Supplier Invoice,2061,1324,19-06-2024,Capex,Office Furniture,Office Furniture,,USHA SS 60/80 Litre Water Cooler ,USHA SALES & SERVICES ,0.00, ,0.00,41499.00,,0,0, Completed, 
KTPL,Purchase Order,1324,1324,12-06-2024,Capex,Office Furniture,Office Furniture,,Transaportation Charges ,USHA SALES & SERVICES ,1770.00, 0.00,,0.00,,0,0, Approved, 
KTPL,Budget Balances,  , , 01-04-2024 ,Capex,improvement of Lighting between two Buildings,improvement of Lighting between two Buildings,400000.00,,,,,,,0.00,400000.00,, , 
KTPL,Purchase Order,1580,1580,31-07-2024,Capex,improvement of Lighting between two Buildings,improvement of Lighting between two Buildings,,Copper Power Cable 4sqmm x 3core,SECURE CITY,68912.00, 68912.00,,0.00,,,, Approved, 
KTPL,Purchase Order,1580,1580,31-07-2024,Capex,improvement of Lighting between two Buildings,improvement of Lighting between two Buildings,,Canopy Light: LED Flood Light (100 watt),SECURE CITY,41300.00, 41300.00,,0.00,,0,0, Approved, 
KTPL,Purchase Order,1580,1580,31-07-2024,Capex,improvement of Lighting between two Buildings,improvement of Lighting between two Buildings,,Lane Area: LED Flood light (250 watt),SECURE CITY,74340.00, 74340.00,,0.00,,0,0, Approved, 
ADHTPL,Budget Balances,  , , 01-04-2024 ,FasTag Cash Revenue Refund to NHAI,Non -FasTag Revenue,Non -FasTag Revenue,0.00,,,,,,,0.00,69642482.00,, , 
ADHTPL,Supplier Invoice,2523,1063,29-07-2024,FasTag Cash Revenue Refund to NHAI,Non -FasTag Revenue,Non -FasTag Revenue,,Deposited for Non Fastage  Penalty ,National Highway Authority of India. - BLR Toll Revenue.,0.00, ,0.00,1146785.00,,,, Completed, 
ADHTPL,Supplier Invoice,2046,1063,17-06-2024,FasTag Cash Revenue Refund to NHAI,Non -FasTag Revenue,Non -FasTag Revenue,,Deposited for Non Fastage  Penalty ,National Highway Authority of India. - BLR Toll Revenue.,0.00, ,0.00,1295715.00,,0,0, Completed, 
ADHTPL,Supplier Invoice,2763,1063,19-08-2024,FasTag Cash Revenue Refund to NHAI,Non -FasTag Revenue,Non -FasTag Revenue,,Deposited for Non Fastage  Penalty ,National Highway Authority of India. - BLR Toll Revenue.,0.00, ,0.00,1301865.00,,0,0, Completed, 
ADHTPL,Purchase Order,1063,1063,07-05-2024,FasTag Cash Revenue Refund to NHAI,Non -FasTag Revenue,Non -FasTag Revenue,,Deposited for Non Fastage  Penalty ,National Highway Authority of India. - BLR Toll Revenue.,69642482.00, 0.00,,0.00,,0,0, Approved, 
ADHTPL,Supplier Invoice,2387,1063,15-07-2024,FasTag Cash Revenue Refund to NHAI,Non -FasTag Revenue,Non -FasTag Revenue,,Deposited for Non Fastage  Penalty ,National Highway Authority of India. - BLR Toll Revenue.,0.00, ,0.00,1122655.00,,0,0, Completed, 
ADHTPL,Supplier Invoice,1664,1063,09-05-2024,FasTag Cash Revenue Refund to NHAI,Non -FasTag Revenue,Non -FasTag Revenue,,Deposited for Non Fastage  Penalty ,National Highway Authority of India. - BLR Toll Revenue.,0.00, ,0.00,5964835.00,,0,0, Completed, 
ADHTPL,Supplier Invoice,2700,1063,12-08-2024,FasTag Cash Revenue Refund to NHAI,Non -FasTag Revenue,Non -FasTag Revenue,,Deposited for Non Fastage  Penalty ,National Highway Authority of India. - BLR Toll Revenue.,0.00, ,0.00,1189955.00,,0,0, Completed, 
ADHTPL,Supplier Invoice,2174,1063,01-07-2024,FasTag Cash Revenue Refund to NHAI,Non -FasTag Revenue,Non -FasTag Revenue,,Deposited for Non Fastage  Penalty ,National Highway Authority of India. - BLR Toll Revenue.,0.00, ,0.00,1268610.00,,0,0, Completed, 
ADHTPL,Supplier Invoice,2470,1063,22-07-2024,FasTag Cash Revenue Refund to NHAI,Non -FasTag Revenue,Non -FasTag Revenue,,Deposited for Non Fastage  Penalty ,National Highway Authority of India. - BLR Toll Revenue.,0.00, ,0.00,1141095.00,,0,0, Completed, 
ADHTPL,Supplier Invoice,1761,1063,20-05-2024,FasTag Cash Revenue Refund to NHAI,Non -FasTag Revenue,Non -FasTag Revenue,,Deposited for Non Fastage  Penalty ,National Highway Authority of India. - BLR Toll Revenue.,0.00, ,0.00,1092025.00,,0,0, Completed, 
ADHTPL,Supplier Invoice,1752,1063,16-05-2024,FasTag Cash Revenue Refund to NHAI,Non -FasTag Revenue,Non -FasTag Revenue,,Deposited for Non Fastage  Penalty ,National Highway Authority of India. - BLR Toll Revenue.,0.00, ,0.00,2826895.00,,0,0, Completed, 
ADHTPL,Supplier Invoice,2583,1063,05-08-2024,FasTag Cash Revenue Refund to NHAI,Non -FasTag Revenue,Non -FasTag Revenue,,Deposited for Non Fastage  Penalty ,National Highway Authority of India. - BLR Toll Revenue.,0.00, ,0.00,1191035.00,,0,0, Completed, 
ADHTPL,Supplier Invoice,1805,1063,27-05-2024,FasTag Cash Revenue Refund to NHAI,Non -FasTag Revenue,Non -FasTag Revenue,,Deposited for Non Fastage  Penalty ,National Highway Authority of India. - BLR Toll Revenue.,0.00, ,0.00,1428440.00,,0,0, Completed, 
ADHTPL,Supplier Invoice,1932,1063,10-06-2024,FasTag Cash Revenue Refund to NHAI,Non -FasTag Revenue,Non -FasTag Revenue,,Deposited for Non Fastage  Penalty ,National Highway Authority of India. - BLR Toll Revenue.,0.00, ,0.00,1285915.00,,0,0, Completed, 
ADHTPL,Supplier Invoice,2099,1063,24-06-2024,FasTag Cash Revenue Refund to NHAI,Non -FasTag Revenue,Non -FasTag Revenue,,Deposited for Non Fastage  Penalty ,National Highway Authority of India. - BLR Toll Revenue.,0.00, ,0.00,1300485.00,,0,0, Completed, 
ADHTPL,Supplier Invoice,1852,1063,03-06-2024,FasTag Cash Revenue Refund to NHAI,Non -FasTag Revenue,Non -FasTag Revenue,,Deposited for Non Fastage  Penalty ,National Highway Authority of India. - BLR Toll Revenue.,0.00, ,0.00,1345195.00,,0,0, Completed, 
ADHTPL,Supplier Invoice,2281,1063,08-07-2024,FasTag Cash Revenue Refund to NHAI,Non -FasTag Revenue,Non -FasTag Revenue,,Deposited for Non Fastage  Penalty ,National Highway Authority of India. - BLR Toll Revenue.,0.00, ,0.00,1205115.00,,0,0, Completed, 
ADTPL,Budget Balances,  , , 01-04-2024 ,FasTag Cash Revenue Refund to NHAI,Non -FasTag Revenue,Non -FasTag Revenue,0.00,,,,,,,0.00,7729410.00,, , 
ADTPL,Supplier Invoice,2386,980,15-07-2024,FasTag Cash Revenue Refund to NHAI,Non -FasTag Revenue,Non -FasTag Revenue,,Non Fastag,NHAI Indalwai Fee Plaza ,0.00, ,0.00,126880.00,,,, Completed, 
ADTPL,Supplier Invoice,2467,980,22-07-2024,FasTag Cash Revenue Refund to NHAI,Non -FasTag Revenue,Non -FasTag Revenue,,Non Fastag,NHAI Indalwai Fee Plaza ,0.00, ,0.00,114955.00,,0,0, Completed, 
ADTPL,Supplier Invoice,1853,980,03-06-2024,FasTag Cash Revenue Refund to NHAI,Non -FasTag Revenue,Non -FasTag Revenue,,Non Fastag,NHAI Indalwai Fee Plaza ,0.00, ,0.00,162410.00,,0,0, Completed, 
ADTPL,Supplier Invoice,1599,980,02-05-2024,FasTag Cash Revenue Refund to NHAI,Non -FasTag Revenue,Non -FasTag Revenue,,Non Fastag,NHAI Indalwai Fee Plaza ,0.00, ,0.00,141235.00,,0,0, Completed, 
ADTPL,Supplier Invoice,1763,980,20-05-2024,FasTag Cash Revenue Refund to NHAI,Non -FasTag Revenue,Non -FasTag Revenue,,Non Fastag,NHAI Indalwai Fee Plaza ,0.00, ,0.00,158490.00,,0,0, Completed, 
ADTPL,Supplier Invoice,2173,980,01-07-2024,FasTag Cash Revenue Refund to NHAI,Non -FasTag Revenue,Non -FasTag Revenue,,Non Fastag,NHAI Indalwai Fee Plaza ,0.00, ,0.00,145460.00,,0,0, Completed, 
ADTPL,Supplier Invoice,1600,980,02-05-2024,FasTag Cash Revenue Refund to NHAI,Non -FasTag Revenue,Non -FasTag Revenue,,Non Fastag,NHAI Indalwai Fee Plaza ,0.00, ,0.00,170010.00,,0,0, Completed, 
ADTPL,Supplier Invoice,1803,980,27-05-2024,FasTag Cash Revenue Refund to NHAI,Non -FasTag Revenue,Non -FasTag Revenue,,Non Fastag,NHAI Indalwai Fee Plaza ,0.00, ,0.00,166515.00,,0,0, Completed, 
ADTPL,Supplier Invoice,2097,980,24-06-2024,FasTag Cash Revenue Refund to NHAI,Non -FasTag Revenue,Non -FasTag Revenue,,Non Fastag,NHAI Indalwai Fee Plaza ,0.00, ,0.00,138985.00,,0,0, Completed, 
ADTPL,Supplier Invoice,1595,980,02-05-2024,FasTag Cash Revenue Refund to NHAI,Non -FasTag Revenue,Non -FasTag Revenue,,Non Fastag,NHAI Indalwai Fee Plaza ,0.00, ,0.00,175420.00,,0,0, Completed, 
ADTPL,Supplier Invoice,2279,980,08-07-2024,FasTag Cash Revenue Refund to NHAI,Non -FasTag Revenue,Non -FasTag Revenue,,Non Fastag,NHAI Indalwai Fee Plaza ,0.00, ,0.00,121175.00,,0,0, Completed, 
ADTPL,Supplier Invoice,2048,980,18-06-2024,FasTag Cash Revenue Refund to NHAI,Non -FasTag Revenue,Non -FasTag Revenue,,Non Fastag,NHAI Indalwai Fee Plaza ,0.00, ,0.00,171990.00,,0,0, Completed, 
ADTPL,Supplier Invoice,2582,980,05-08-2024,FasTag Cash Revenue Refund to NHAI,Non -FasTag Revenue,Non -FasTag Revenue,,Non Fastag,NHAI Indalwai Fee Plaza ,0.00, ,0.00,122580.00,,0,0, Completed, 
ADTPL,Supplier Invoice,1666,980,09-05-2024,FasTag Cash Revenue Refund to NHAI,Non -FasTag Revenue,Non -FasTag Revenue,,Non Fastag,NHAI Indalwai Fee Plaza ,0.00, ,0.00,42985.00,,0,0, Completed, 
ADTPL,Supplier Invoice,1931,980,10-06-2024,FasTag Cash Revenue Refund to NHAI,Non -FasTag Revenue,Non -FasTag Revenue,,Non Fastag,NHAI Indalwai Fee Plaza ,0.00, ,0.00,150390.00,,0,0, Completed, 
ADTPL,Purchase Order,980,980,23-04-2024,FasTag Cash Revenue Refund to NHAI,Non -FasTag Revenue,Non -FasTag Revenue,,Non Fastag,NHAI Indalwai Fee Plaza ,7729410.00, 0.00,,0.00,,0,0, Approved, 
ADTPL,Supplier Invoice,1712,980,14-05-2024,FasTag Cash Revenue Refund to NHAI,Non -FasTag Revenue,Non -FasTag Revenue,,Non Fastag,NHAI Indalwai Fee Plaza ,0.00, ,0.00,152255.00,,0,0, Completed, 
ADTPL,Supplier Invoice,1667,980,09-05-2024,FasTag Cash Revenue Refund to NHAI,Non -FasTag Revenue,Non -FasTag Revenue,,Non Fastag,NHAI Indalwai Fee Plaza ,0.00, ,0.00,119240.00,,0,0, Completed, 
ADTPL,Supplier Invoice,2519,980,29-07-2024,FasTag Cash Revenue Refund to NHAI,Non -FasTag Revenue,Non -FasTag Revenue,,Non Fastag,NHAI Indalwai Fee Plaza ,0.00, ,0.00,120710.00,,0,0, Completed, 
ADTPL,Supplier Invoice,1598,980,02-05-2024,FasTag Cash Revenue Refund to NHAI,Non -FasTag Revenue,Non -FasTag Revenue,,Non Fastag,NHAI Indalwai Fee Plaza ,0.00, ,0.00,174680.00,,0,0, Completed, 
ADTPL,Supplier Invoice,2762,980,19-08-2024,FasTag Cash Revenue Refund to NHAI,Non -FasTag Revenue,Non -FasTag Revenue,,Non Fastag,NHAI Indalwai Fee Plaza ,0.00, ,0.00,146625.00,,0,0, Completed, 
ADTPL,Supplier Invoice,2697,980,12-08-2024,FasTag Cash Revenue Refund to NHAI,Non -FasTag Revenue,Non -FasTag Revenue,,Non Fastag,NHAI Indalwai Fee Plaza ,0.00, ,0.00,159380.00,,0,0, Completed, 
KTPL,Budget Balances,  , , 01-04-2024 ,FasTag Cash Revenue Refund to NHAI,Non -FasTag Revenue,Non -FasTag Revenue,0.00,,,,,,,0.00,6011982.00,, , 
KTPL,Purchase Order,1000,1000,25-04-2024,FasTag Cash Revenue Refund to NHAI,Non -FasTag Revenue,Non -FasTag Revenue,,Deposited for Non Fastage  Penalty ,National Highway Authority of India -PIU-Prg,6011982.00, 0.00,,0.00,,,, Approved, 
KTPL,Supplier Invoice,2769,1000,19-08-2024,FasTag Cash Revenue Refund to NHAI,Non -FasTag Revenue,Non -FasTag Revenue,,Deposited for Non Fastage  Penalty ,National Highway Authority of India -PIU-Prg,0.00, ,0.00,94740.00,,0,0, Submitted, 
KTPL,Supplier Invoice,2172,1000,01-07-2024,FasTag Cash Revenue Refund to NHAI,Non -FasTag Revenue,Non -FasTag Revenue,,Deposited for Non Fastage  Penalty ,National Highway Authority of India -PIU-Prg,0.00, ,0.00,83830.00,,0,0, Completed, 
KTPL,Supplier Invoice,2520,1000,29-07-2024,FasTag Cash Revenue Refund to NHAI,Non -FasTag Revenue,Non -FasTag Revenue,,Deposited for Non Fastage  Penalty ,National Highway Authority of India -PIU-Prg,0.00, ,0.00,82410.00,,0,0, Completed, 
KTPL,Supplier Invoice,1704,1000,13-05-2024,FasTag Cash Revenue Refund to NHAI,Non -FasTag Revenue,Non -FasTag Revenue,,Deposited for Non Fastage  Penalty ,National Highway Authority of India -PIU-Prg,0.00, ,0.00,149050.00,,0,0, Completed, 
KTPL,Supplier Invoice,2698,1000,12-08-2024,FasTag Cash Revenue Refund to NHAI,Non -FasTag Revenue,Non -FasTag Revenue,,Deposited for Non Fastage  Penalty ,National Highway Authority of India -PIU-Prg,0.00, ,0.00,89830.00,,0,0, Completed, 
KTPL,Supplier Invoice,1694,1000,13-05-2024,FasTag Cash Revenue Refund to NHAI,Non -FasTag Revenue,Non -FasTag Revenue,,Deposited for Non Fastage  Penalty ,National Highway Authority of India -PIU-Prg,0.00, ,0.00,99620.00,,0,0, Completed, 
KTPL,Supplier Invoice,2047,1000,17-06-2024,FasTag Cash Revenue Refund to NHAI,Non -FasTag Revenue,Non -FasTag Revenue,,Deposited for Non Fastage  Penalty ,National Highway Authority of India -PIU-Prg,0.00, ,0.00,99930.00,,0,0, Completed, 
KTPL,Supplier Invoice,1690,1000,13-05-2024,FasTag Cash Revenue Refund to NHAI,Non -FasTag Revenue,Non -FasTag Revenue,,Deposited for Non Fastage  Penalty ,National Highway Authority of India -PIU-Prg,0.00, ,0.00,81290.00,,0,0, Completed, 
KTPL,Supplier Invoice,2468,1000,22-07-2024,FasTag Cash Revenue Refund to NHAI,Non -FasTag Revenue,Non -FasTag Revenue,,Deposited for Non Fastage  Penalty ,National Highway Authority of India -PIU-Prg,0.00, ,0.00,77820.00,,0,0, Completed, 
KTPL,Supplier Invoice,1854,1000,03-06-2024,FasTag Cash Revenue Refund to NHAI,Non -FasTag Revenue,Non -FasTag Revenue,,Deposited for Non Fastage  Penalty ,National Highway Authority of India -PIU-Prg,0.00, ,0.00,83320.00,,0,0, Completed, 
KTPL,Supplier Invoice,2581,1000,05-08-2024,FasTag Cash Revenue Refund to NHAI,Non -FasTag Revenue,Non -FasTag Revenue,,Deposited for Non Fastage  Penalty ,National Highway Authority of India -PIU-Prg,0.00, ,0.00,66330.00,,0,0, Completed, 
KTPL,Supplier Invoice,1705,1000,13-05-2024,FasTag Cash Revenue Refund to NHAI,Non -FasTag Revenue,Non -FasTag Revenue,,Deposited for Non Fastage  Penalty ,National Highway Authority of India -PIU-Prg,0.00, ,0.00,174155.00,,0,0, Completed, 
KTPL,Supplier Invoice,1930,1000,10-06-2024,FasTag Cash Revenue Refund to NHAI,Non -FasTag Revenue,Non -FasTag Revenue,,Deposited for Non Fastage  Penalty ,National Highway Authority of India -PIU-Prg,0.00, ,0.00,93670.00,,0,0, Completed, 
KTPL,Supplier Invoice,1756,1000,16-05-2024,FasTag Cash Revenue Refund to NHAI,Non -FasTag Revenue,Non -FasTag Revenue,,Deposited for Non Fastage  Penalty ,National Highway Authority of India -PIU-Prg,0.00, ,0.00,83030.00,,0,0, Completed, 
KTPL,Supplier Invoice,1706,1000,13-05-2024,FasTag Cash Revenue Refund to NHAI,Non -FasTag Revenue,Non -FasTag Revenue,,Deposited for Non Fastage  Penalty ,National Highway Authority of India -PIU-Prg,0.00, ,0.00,82910.00,,0,0, Completed, 
KTPL,Supplier Invoice,1804,1000,27-05-2024,FasTag Cash Revenue Refund to NHAI,Non -FasTag Revenue,Non -FasTag Revenue,,Deposited for Non Fastage  Penalty ,National Highway Authority of India -PIU-Prg,0.00, ,0.00,99050.00,,0,0, Completed, 
KTPL,Supplier Invoice,2098,1000,24-06-2024,FasTag Cash Revenue Refund to NHAI,Non -FasTag Revenue,Non -FasTag Revenue,,Deposited for Non Fastage  Penalty ,National Highway Authority of India -PIU-Prg,0.00, ,0.00,85350.00,,0,0, Completed, 
KTPL,Supplier Invoice,2280,1000,08-07-2024,FasTag Cash Revenue Refund to NHAI,Non -FasTag Revenue,Non -FasTag Revenue,,Deposited for Non Fastage  Penalty ,National Highway Authority of India -PIU-Prg,0.00, ,0.00,86940.00,,0,0, Completed, 
KTPL,Supplier Invoice,2385,1000,15-07-2024,FasTag Cash Revenue Refund to NHAI,Non -FasTag Revenue,Non -FasTag Revenue,,Deposited for Non Fastage  Penalty ,National Highway Authority of India -PIU-Prg,0.00, ,0.00,124670.00,,0,0, Completed, 
KTPL,Supplier Invoice,1762,1000,20-05-2024,FasTag Cash Revenue Refund to NHAI,Non -FasTag Revenue,Non -FasTag Revenue,,Deposited for Non Fastage  Penalty ,National Highway Authority of India -PIU-Prg,0.00, ,0.00,64370.00,,0,0, Completed, 
AIPL,Budget Balances,  , , 01-04-2024 ,Due Diligence,TOT15,TOT15,0.00,,,,,,,1978690.00,0.00,, , 
AIPL,Purchase Order,1569,1569,30-07-2024,Due Diligence,TOT15,TOT15,,Out Of Pocket EXP (E&S),Deloitte Touche Tohmatsu India LLP,100000.00, 100000.00,,0.00,,,, Approved, 
AIPL,Budget Adjustment,456,0,04-07-2024,Due Diligence,TOT15,TOT15,,,,0.00, ,0.00,0.00,,0,0, , 
AIPL,Purchase Order,1478,1478,15-07-2024,Due Diligence,TOT15,TOT15,,TOT-15 - Technical DD,Sri Infotech,1528690.00, 1528690.00,,0.00,,0,0, Approved, 
AIPL,Supplier Invoice,2538,1478,30-07-2024,Due Diligence,TOT15,TOT15,,TOT-15 - Technical DD,Sri Infotech,0.00, ,0.00,305738.00,,0,0, Completed, 
AIPL,Budget Adjustment,462,0,15-07-2024,Due Diligence,TOT15,TOT15,,,,0.00, ,0.00,0.00,,0,0, , 
AIPL,Purchase Order,1569,1569,30-07-2024,Due Diligence,TOT15,TOT15,,Professional Fees (E&S),Deloitte Touche Tohmatsu India LLP,350000.00, 350000.00,,0.00,,0,0, Approved, 
AIPL,Budget Balances,  , , 01-04-2024 ,Due Diligence,TOT16,TOT16,0.00,,,,,,,0.00,17900000.00,, , 
AIPL,Purchase Order,1527,1527,24-07-2024,Due Diligence,TOT16,TOT16,,TOT-16 - Technical DD,STEER DAVIES GLEAVE INDIA PVT LTD,17285000.00, 17285000.00,,0.00,,,, Approved, 
JUHI,Budget Balances,  , , 01-04-2024 ,Routine Maintenance Exp.,Agency Cost- Contract,Agency Cost- Contract,44704961.00,,,,,,,0.00,44704961.00,, , 
JUHI,Supplier Invoice,1708,1010,13-05-2024,Routine Maintenance Exp.,Agency Cost- Contract,Agency Cost- Contract,,Monthly Payment to TARA CHAND,M/S TARA CHAND,0.00, ,0.00,377338.00,,,, Completed, 
JUHI,Purchase Order,1383,1383,25-06-2024,Routine Maintenance Exp.,Agency Cost- Contract,Agency Cost- Contract,,Monthly Payment to TARA CHAND,M/S TARA CHAND,7224196.00, 7224196.00,,0.00,,0,0, Approved, 
JUHI,Supplier Invoice,2027,1010,13-06-2024,Routine Maintenance Exp.,Agency Cost- Contract,Agency Cost- Contract,,Monthly Payment to TARA CHAND,M/S TARA CHAND,0.00, ,0.00,418207.00,,0,0, Completed, 
JUHI,Purchase Order,1028,1028,01-05-2024,Routine Maintenance Exp.,Agency Cost- Contract,Agency Cost- Contract,,Monthly Payments To M/S Zorawar Enterprises,ZORAWAR ENTERPRISES,4720000.00, 0.00,,0.00,,0,0, Closed, 
JUHI,Supplier Invoice,1830,1028,29-05-2024,Routine Maintenance Exp.,Agency Cost- Contract,Agency Cost- Contract,,Monthly Payments To M/S Zorawar Enterprises,ZORAWAR ENTERPRISES,0.00, ,0.00,2168408.00,,0,0, Completed, 
JUHI,Supplier Invoice,1709,1010,13-05-2024,Routine Maintenance Exp.,Agency Cost- Contract,Agency Cost- Contract,,Monthly Payment to TARA CHAND,M/S TARA CHAND,0.00, ,0.00,2128963.00,,0,0, Completed, 
JUHI,Supplier Invoice,2489,1383,24-07-2024,Routine Maintenance Exp.,Agency Cost- Contract,Agency Cost- Contract,,Monthly Payment to TARA CHAND,M/S TARA CHAND,0.00, ,0.00,297084.00,,0,0, Completed, 
JUHI,Supplier Invoice,2156,1130,27-06-2024,Routine Maintenance Exp.,Agency Cost- Contract,Agency Cost- Contract,,Monthly Payments to Mulkhraj Contractor,Mulkh raj Contractor,0.00, ,0.00,174003.00,,0,0, Completed, 
JUHI,Purchase Order,1618,1618,10-08-2024,Routine Maintenance Exp.,Agency Cost- Contract,Agency Cost- Contract,,Highway Routine Maintenance (RRM),ELSAMEX MAINTENANCE SERVICES LIMITED,0.00, 0.00,,0.00,,0,0, , 
JUHI,Supplier Invoice,1831,1028,29-05-2024,Routine Maintenance Exp.,Agency Cost- Contract,Agency Cost- Contract,,Monthly Payments To M/S Zorawar Enterprises,ZORAWAR ENTERPRISES,0.00, ,0.00,300152.00,,0,0, Completed, 
JUHI,Purchase Order,1010,1010,27-04-2024,Routine Maintenance Exp.,Agency Cost- Contract,Agency Cost- Contract,,Monthly Payment to TARA CHAND,M/S TARA CHAND,4495800.00, 4495799.00,,0.00,,0,0, Closed, 
JUHI,Supplier Invoice,2419,1028,16-07-2024,Routine Maintenance Exp.,Agency Cost- Contract,Agency Cost- Contract,,Monthly Payments To M/S Zorawar Enterprises,ZORAWAR ENTERPRISES,0.00, ,0.00,2132054.00,,0,0, Completed, 
JUHI,Supplier Invoice,2258,1383,04-07-2024,Routine Maintenance Exp.,Agency Cost- Contract,Agency Cost- Contract,,Monthly Payment to TARA CHAND,M/S TARA CHAND,0.00, ,0.00,2167347.00,,0,0, Completed, 
JUHI,Supplier Invoice,2434,1383,17-07-2024,Routine Maintenance Exp.,Agency Cost- Contract,Agency Cost- Contract,,Monthly Payment to TARA CHAND,M/S TARA CHAND,0.00, ,0.00,385848.00,,0,0, Completed, 
JUHI,Purchase Order,1130,1130,15-05-2024,Routine Maintenance Exp.,Agency Cost- Contract,Agency Cost- Contract,,Monthly Payments to Mulkhraj Contractor,Mulkh raj Contractor,398215.00, 0.00,,0.00,,0,0, Closed, 
JUHI,Supplier Invoice,1908,1130,06-06-2024,Routine Maintenance Exp.,Agency Cost- Contract,Agency Cost- Contract,,Monthly Payments to Mulkhraj Contractor,Mulkh raj Contractor,0.00, ,0.00,224200.00,,0,0, Completed, 
JUHI,Supplier Invoice,2541,1383,30-07-2024,Routine Maintenance Exp.,Agency Cost- Contract,Agency Cost- Contract,,Monthly Payment to TARA CHAND,M/S TARA CHAND,0.00, ,0.00,212031.00,,0,0, Completed, 
JUHI,Purchase Order,1530,1530,24-07-2024,Routine Maintenance Exp.,Agency Cost- Contract,Agency Cost- Contract,,Monthly Payments To Zorawar Enterprises-AJUHI,ZORAWAR ENTERPRISES,2832000.00, 2832000.00,,0.00,,0,0, Approved, 
JUHI,Budget Balances,  , , 01-04-2024 ,Routine Maintenance Exp.,BBD and BI Test,BBD and BI Test,944000.00,,,,,,,0.00,944000.00,, , 
JUHI,Purchase Order,1516,1516,22-07-2024,Routine Maintenance Exp.,BBD and BI Test,BBD and BI Test,,Riding Quality test ,ENGINEERING TRAINING TESTING AND CALIBRATION LABORATORY JK,192576.00, 192576.00,,0.00,,,, Approved, 
JUHI,Budget Balances,  , , 01-04-2024 ,Routine Maintenance Exp.,Repair of Public Utilities,Repair of Public Utilities,295000.00,,,,,,,0.00,295000.00,, , 
JUHI,Supplier Invoice,2403,1382,15-07-2024,Routine Maintenance Exp.,Repair of Public Utilities,Repair of Public Utilities,,Septic Tank Cleaning of AJUHI ,Bharat Gill,0.00, ,0.00,28900.00,,,, Completed, 
JUHI,Purchase Order,1382,1382,24-06-2024,Routine Maintenance Exp.,Repair of Public Utilities,Repair of Public Utilities,,Septic Tank Cleaning of AJUHI ,Bharat Gill,60400.00, 60400.00,,0.00,,0,0, Approved, 
JUHI,Budget Balances,  , , 01-04-2024 ,Routine Maintenance Exp.,Repair Works Civil,Repair Works Civil,5000309.00,,,,,,,0.00,5000309.00,, , 
JUHI,Supplier Invoice,2138,1308,25-06-2024,Routine Maintenance Exp.,Repair Works Civil,Repair Works Civil,,BRIFEN WIRE RECTIFICATION ,AAR AAR INFRA,0.00, ,0.00,545927.00,,,, Completed, 
JUHI,Purchase Order,1308,1308,10-06-2024,Routine Maintenance Exp.,Repair Works Civil,Repair Works Civil,,BRIFEN WIRE RECTIFICATION ,AAR AAR INFRA,545927.00, 0.00,,0.00,,0,0, Approved, 
JUHI,Budget Balances,  , , 01-04-2024 ,Routine Maintenance Exp.,Signage and Signboards for Stores,Signage and Signboards for Stores,1711000.00,,,,,,,0.00,1711000.00,, , 
JUHI,Purchase Order,1110,1110,11-05-2024,Routine Maintenance Exp.,Signage and Signboards for Stores,Signage and Signboards for Stores,,3M Road Studs with shank Red Colour White body,Nirmal Traders,160480.00, 0.00,,0.00,,,, Approved, 
JUHI,Supplier Invoice,1855,1110,03-06-2024,Routine Maintenance Exp.,Signage and Signboards for Stores,Signage and Signboards for Stores,,3M Road Studs with shank Yellow Colour Yellow body,Nirmal Traders,0.00, ,0.00,160480.00,,0,0, Completed, 
JUHI,Purchase Order,1466,1466,10-07-2024,Routine Maintenance Exp.,Signage and Signboards for Stores,Signage and Signboards for Stores,,Rumble Strips Stickers,Nirmal Traders,9440.00, 0.00,,0.00,,0,0, Approved, 
JUHI,Supplier Invoice,2421,1466,16-07-2024,Routine Maintenance Exp.,Signage and Signboards for Stores,Signage and Signboards for Stores,,T Inter Section Stickers,Nirmal Traders,0.00, ,0.00,9440.00,,0,0, Completed, 
JUHI,Purchase Order,1110,1110,11-05-2024,Routine Maintenance Exp.,Signage and Signboards for Stores,Signage and Signboards for Stores,,Tabular Spring Post Flexible 900mm/Delineator,Nirmal Traders,177000.00, 0.00,,0.00,,0,0, Approved, 
JUHI,Supplier Invoice,1855,1110,03-06-2024,Routine Maintenance Exp.,Signage and Signboards for Stores,Signage and Signboards for Stores,,3M Road Studs with shank Red Colour White body,Nirmal Traders,0.00, ,0.00,160480.00,,0,0, Completed, 
JUHI,Purchase Order,1447,1447,06-07-2024,Routine Maintenance Exp.,Signage and Signboards for Stores,Signage and Signboards for Stores,,Glow Sign Board,DESIGNER ADVERTISERS,18880.00, 18880.00,,0.00,,0,0, Approved, 
JUHI,Purchase Order,1466,1466,10-07-2024,Routine Maintenance Exp.,Signage and Signboards for Stores,Signage and Signboards for Stores,,T Inter Section Stickers,Nirmal Traders,9440.00, 0.00,,0.00,,0,0, Approved, 
JUHI,Purchase Order,1110,1110,11-05-2024,Routine Maintenance Exp.,Signage and Signboards for Stores,Signage and Signboards for Stores,,Epoxy Kit For Road Studs,Nirmal Traders,28084.00, 0.00,,0.00,,0,0, Approved, 
JUHI,Supplier Invoice,1855,1110,03-06-2024,Routine Maintenance Exp.,Signage and Signboards for Stores,Signage and Signboards for Stores,,Tabular Spring Post Flexible 900mm/Delineator,Nirmal Traders,0.00, ,0.00,177000.00,,0,0, Completed, 
JUHI,Purchase Order,1447,1447,06-07-2024,Routine Maintenance Exp.,Signage and Signboards for Stores,Signage and Signboards for Stores,,Freight Charges Glow Sign Board,DESIGNER ADVERTISERS,2596.00, 2596.00,,0.00,,0,0, Approved, 
JUHI,Purchase Order,1110,1110,11-05-2024,Routine Maintenance Exp.,Signage and Signboards for Stores,Signage and Signboards for Stores,,MS Delineator,Nirmal Traders,236236.00, 0.00,,0.00,,0,0, Approved, 
JUHI,Supplier Invoice,1855,1110,03-06-2024,Routine Maintenance Exp.,Signage and Signboards for Stores,Signage and Signboards for Stores,,Epoxy Kit For Road Studs,Nirmal Traders,0.00, ,0.00,28084.00,,0,0, Completed, 
JUHI,Purchase Order,1576,1576,31-07-2024,Routine Maintenance Exp.,Signage and Signboards for Stores,Signage and Signboards for Stores,,Reflective Stickers Hazard Marker LHS,M/S FALCON SOLUTIONS,20178.00, 20178.00,,0.00,,0,0, Approved, 
JUHI,Supplier Invoice,2428,1447,16-07-2024,Routine Maintenance Exp.,Signage and Signboards for Stores,Signage and Signboards for Stores,,Glow Sign Board,DESIGNER ADVERTISERS,0.00, ,0.00,18880.00,,0,0, Completed, 
JUHI,Purchase Order,1110,1110,11-05-2024,Routine Maintenance Exp.,Signage and Signboards for Stores,Signage and Signboards for Stores,,3M Road Studs with shank Yellow Colour Yellow body,Nirmal Traders,160480.00, 0.00,,0.00,,0,0, Approved, 
JUHI,Supplier Invoice,1855,1110,03-06-2024,Routine Maintenance Exp.,Signage and Signboards for Stores,Signage and Signboards for Stores,,MS Delineator,Nirmal Traders,0.00, ,0.00,236236.00,,0,0, Completed, 
JUHI,Purchase Order,1576,1576,31-07-2024,Routine Maintenance Exp.,Signage and Signboards for Stores,Signage and Signboards for Stores,,Reflective Stickers Hazard Marker RHS,M/S FALCON SOLUTIONS,20178.00, 20178.00,,0.00,,0,0, Approved, 
JUHI,Supplier Invoice,2428,1447,16-07-2024,Routine Maintenance Exp.,Signage and Signboards for Stores,Signage and Signboards for Stores,,Freight Charges Glow Sign Board,DESIGNER ADVERTISERS,0.00, ,0.00,2596.00,,0,0, Completed, 
JUHI,Supplier Invoice,2421,1466,16-07-2024,Routine Maintenance Exp.,Signage and Signboards for Stores,Signage and Signboards for Stores,,Rumble Strips Stickers,Nirmal Traders,0.00, ,0.00,9440.00,,0,0, Completed, 
JUHI,Budget Balances,  , , 01-04-2024 ,Routine Maintenance Exp.,Retroreflection/NSV-(a) Raod Marking Repairing Cost,Retroreflection/NSV-(a) Raod Marking Repairing Cost,7561642.00,,,,,,,0.00,7561642.00,, , 
JUHI,Purchase Order,1092,1092,09-05-2024,Routine Maintenance Exp.,Retroreflection/NSV-(a) Raod Marking Repairing Cost,Retroreflection/NSV-(a) Raod Marking Repairing Cost,,Thermoplastic Road Marking ,Kataline Infra products Pvt Ltd,3280306.00, 3280306.00,,0.00,,,, Approved, 
JUHI,Purchase Order,1092,1092,09-05-2024,Routine Maintenance Exp.,Retroreflection/NSV-(a) Raod Marking Repairing Cost,Retroreflection/NSV-(a) Raod Marking Repairing Cost,,Thermoplastic Rumble strips of 5mm thickness,Kataline Infra products Pvt Ltd,194049.00, 194049.00,,0.00,,0,0, Approved, 
JUHI,Budget Balances,  , , 01-04-2024 ,Routine Maintenance Exp.,Plantation Cost,Plantation Cost,500000.00,,,,,,,0.00,500000.00,, , 
JUHI,Operating Expense,4332,0,07-05-2024,Routine Maintenance Exp.,Plantation Cost,Plantation Cost,,Petrol for Plantation Dressing- AJUHI,SHIV KUMAR AND SONS,0.00, ,0.00,8447.55,,,, Completed, 
JUHI,Budget Balances,  , , 01-04-2024 ,Routine Maintenance Exp.,Videography Vigilence/ Traffc Surveys, Videography Vigilence/ Traffc Surveys ,59000.00,,,,,,,0.00,59000.00,, , 
JUHI,Operating Expense,4317,0,23-05-2024,Routine Maintenance Exp.,Videography Vigilence/ Traffc Surveys, Videography Vigilence/ Traffc Surveys ,,Videography AJUHi,Dutt Production,0.00, ,0.00,4500.00,,,, Completed, 
JUHI,Budget Balances,  , , 01-04-2024 ,Toll & Route Exp.,Incident Management Manpower (BD)- Agency Cost, Incident Management Manpower (BD)- Agency Cost ,37927363.00,,,,,,,0.00,37927363.00,, , 
JUHI,Supplier Invoice,1812,1053,27-05-2024,Toll & Route Exp.,Incident Management Manpower (BD)- Agency Cost, Incident Management Manpower (BD)- Agency Cost ,,Incident Mgt. Manpower - BD Security-2024,B D SECURITY LIMITED,0.00, ,0.00,3144388.00,,,, Completed, 
JUHI,Supplier Invoice,2756,1346,16-08-2024,Toll & Route Exp.,Incident Management Manpower (BD)- Agency Cost, Incident Management Manpower (BD)- Agency Cost ,,Incident Mgt. Manpower - BD Security-2024,B D SECURITY LIMITED,0.00, ,0.00,3079395.00,,0,0, Submitted, 
JUHI,Purchase Order,1346,1346,21-06-2024,Toll & Route Exp.,Incident Management Manpower (BD)- Agency Cost, Incident Management Manpower (BD)- Agency Cost ,,Incident Mgt. Manpower - BD Security-2024,B D SECURITY LIMITED,31692076.00, 31692076.00,,0.00,,0,0, Approved, 
JUHI,Purchase Order,1053,1053,04-05-2024,Toll & Route Exp.,Incident Management Manpower (BD)- Agency Cost, Incident Management Manpower (BD)- Agency Cost ,,Incident Mgt. Manpower - BD Security-2024,B D SECURITY LIMITED,6378652.00, 3287753.00,,0.00,,0,0, Closed, 
JUHI,Supplier Invoice,2394,1346,15-07-2024,Toll & Route Exp.,Incident Management Manpower (BD)- Agency Cost, Incident Management Manpower (BD)- Agency Cost ,,Incident Mgt. Manpower - BD Security-2024,B D SECURITY LIMITED,0.00, ,0.00,3125539.00,,0,0, Completed, 
JUHI,Supplier Invoice,1974,1053,11-06-2024,Toll & Route Exp.,Incident Management Manpower (BD)- Agency Cost, Incident Management Manpower (BD)- Agency Cost ,,Incident Mgt. Manpower - BD Security-2024,B D SECURITY LIMITED,0.00, ,0.00,3090898.00,,0,0, Completed, 
JUHI,Budget Balances,  , , 01-04-2024 ,Toll & Route Exp.,Incident Management Manpower (BD) - Minimum Wages Revision, Incident Management Manpower (BD) - Minimum Wages Revision ,758901.00,,,,,,,0.00,758901.00,, , 
JUHI,Purchase Order,1346,1346,21-06-2024,Toll & Route Exp.,Incident Management Manpower (BD) - Minimum Wages Revision, Incident Management Manpower (BD) - Minimum Wages Revision ,,Minimum wages - Incidence Mgt. - BD Sec. Ltd,B D SECURITY LIMITED,677491.00, 677491.00,,0.00,,,, Approved, 
JUHI,Purchase Order,1053,1053,04-05-2024,Toll & Route Exp.,Incident Management Manpower (BD) - Minimum Wages Revision, Incident Management Manpower (BD) - Minimum Wages Revision ,,Minimum wages - Incidence Mgt. - BD Sec. Ltd,B D SECURITY LIMITED,255146.00, 255145.00,,0.00,,0,0, Closed, 
JUHI,Supplier Invoice,1974,1053,11-06-2024,Toll & Route Exp.,Incident Management Manpower (BD) - Minimum Wages Revision, Incident Management Manpower (BD) - Minimum Wages Revision ,,Minimum wages - Incidence Mgt. - BD Sec. Ltd,B D SECURITY LIMITED,0.00, ,0.00,81409.00,,0,0, Completed, 
JUHI,Budget Balances,  , , 01-04-2024 ,Toll & Route Exp.,Security Cost - Agency Cost, Security Cost - Agency Cost ,10514232.00,,,,,,,0.00,10514232.00,, , 
JUHI,Purchase Order,1353,1353,22-06-2024,Toll & Route Exp.,Security Cost - Agency Cost, Security Cost - Agency Cost ,,Security  Cost - Agency ,B D SECURITY LIMITED,8908979.00, 8908979.00,,0.00,,,, Approved, 
JUHI,Supplier Invoice,1975,1149,11-06-2024,Toll & Route Exp.,Security Cost - Agency Cost, Security Cost - Agency Cost ,,Security  Cost - Agency ,B D SECURITY LIMITED,0.00, ,0.00,841007.00,,0,0, Completed, 
JUHI,Supplier Invoice,2325,1353,09-07-2024,Toll & Route Exp.,Security Cost - Agency Cost, Security Cost - Agency Cost ,,Security  Cost - Agency ,B D SECURITY LIMITED,0.00, ,0.00,846519.00,,0,0, Completed, 
JUHI,Supplier Invoice,2747,1353,16-08-2024,Toll & Route Exp.,Security Cost - Agency Cost, Security Cost - Agency Cost ,,Security  Cost - Agency ,B D SECURITY LIMITED,0.00, ,0.00,834035.00,,0,0, Submitted, 
JUHI,Supplier Invoice,1811,1149,27-05-2024,Toll & Route Exp.,Security Cost - Agency Cost, Security Cost - Agency Cost ,,Security  Cost - Agency ,B D SECURITY LIMITED,0.00, ,0.00,764245.00,,0,0, Completed, 
JUHI,Purchase Order,1149,1149,18-05-2024,Toll & Route Exp.,Security Cost - Agency Cost, Security Cost - Agency Cost ,,Security  Cost - Agency ,B D SECURITY LIMITED,1732764.00, 0.00,,0.00,,0,0, Closed, 
JUHI,Budget Balances,  , , 01-04-2024 ,Toll & Route Exp.,Security Cost - Minimum Wages Revision, Security Cost - Minimum Wages Revision ,183999.00,,,,,,,0.00,183999.00,, , 
JUHI,Purchase Order,1149,1149,18-05-2024,Toll & Route Exp.,Security Cost - Minimum Wages Revision, Security Cost - Minimum Wages Revision ,,Security - Minimum Wages,B D SECURITY LIMITED,69311.00, 0.00,,0.00,,,, Closed, 
JUHI,Purchase Order,1353,1353,22-06-2024,Toll & Route Exp.,Security Cost - Minimum Wages Revision, Security Cost - Minimum Wages Revision ,,Security - Minimum Wages,B D SECURITY LIMITED,114687.00, 114687.00,,0.00,,0,0, Approved, 
JUHI,Supplier Invoice,1975,1149,11-06-2024,Toll & Route Exp.,Security Cost - Minimum Wages Revision, Security Cost - Minimum Wages Revision ,,Security - Minimum Wages,B D SECURITY LIMITED,0.00, ,0.00,1565.00,,0,0, Completed, 
JUHI,Supplier Invoice,1811,1149,27-05-2024,Toll & Route Exp.,Security Cost - Minimum Wages Revision, Security Cost - Minimum Wages Revision ,,Security - Minimum Wages,B D SECURITY LIMITED,0.00, ,0.00,67746.00,,0,0, Completed, 
JUHI,Budget Balances,  , , 01-04-2024 ,Electrical,Electricity Bill Highway ( Tunnel ), Electricity Bill Highway ( Tunnel ) ,15537704.00,,,,,,,0.00,15537704.00,, , 
JUHI,Purchase Order,1312,1312,11-06-2024,Electrical,Electricity Bill Highway ( Tunnel ), Electricity Bill Highway ( Tunnel ) ,,Electricity Bill Usage charge - AJUHI,JAMMU POWER DISTRIBUTION CORPORATION LIMITED - Juhi,12100000.00, 0.00,,0.00,,,, Approved, 
JUHI,Supplier Invoice,1765,1081,21-05-2024,Electrical,Electricity Bill Highway ( Tunnel ), Electricity Bill Highway ( Tunnel ) ,,Electricity Bill Usage charge - AJUHI,Jammu Power Distribution Corporation Ltd.,0.00, ,0.00,811643.00,,0,0, Completed, 
JUHI,Supplier Invoice,2472,1312,22-07-2024,Electrical,Electricity Bill Highway ( Tunnel ), Electricity Bill Highway ( Tunnel ) ,,Electricity Bill Usage charge - AJUHI,JAMMU POWER DISTRIBUTION CORPORATION LIMITED - Juhi,0.00, ,0.00,808644.00,,0,0, Completed, 
JUHI,Purchase Order,1081,1081,08-05-2024,Electrical,Electricity Bill Highway ( Tunnel ), Electricity Bill Highway ( Tunnel ) ,,Electricity Bill Usage charge - AJUHI,Jammu Power Distribution Corporation Ltd.,2520833.00, 0.00,,0.00,,0,0, Closed, 
JUHI,Supplier Invoice,2078,1312,20-06-2024,Electrical,Electricity Bill Highway ( Tunnel ), Electricity Bill Highway ( Tunnel ) ,,Electricity Bill Usage charge - AJUHI,JAMMU POWER DISTRIBUTION CORPORATION LIMITED - Juhi,0.00, ,0.00,887939.00,,0,0, Completed, 
JUHI,Budget Balances,  , , 01-04-2024 ,Electrical,DG Fuel Cost,DG Fuel Cost,7508516.00,,,,,,,0.00,7508516.00,, , 
JUHI,Purchase Order,1091,1091,09-05-2024,Electrical,DG Fuel Cost,DG Fuel Cost,,Fuel for DG Set,KARAN MOTORS,1031250.00, 1031249.00,,0.00,,,, Closed, 
JUHI,Supplier Invoice,2485,1285,24-07-2024,Electrical,DG Fuel Cost,DG Fuel Cost,,FUEL FOR DG SET - AJUHI,KARAN MOTORS,0.00, ,0.00,879961.00,,0,0, Completed, 
JUHI,Purchase Order,1454,1454,08-07-2024,Electrical,DG Fuel Cost,DG Fuel Cost,,FUEL FOR DG SET - AJUHI,SHIV KUMAR AND SONS,72000.00, 72000.00,,0.00,,0,0, Approved, 
JUHI,Supplier Invoice,2707,1454,12-08-2024,Electrical,DG Fuel Cost,DG Fuel Cost,,FUEL FOR DG SET - AJUHI,SHIV KUMAR AND SONS,0.00, ,0.00,19587.00,,0,0, Completed, 
JUHI,Supplier Invoice,1736,1091,14-05-2024,Electrical,DG Fuel Cost,DG Fuel Cost,,Fuel for DG Set,KARAN MOTORS,0.00, ,0.00,577034.00,,0,0, Completed, 
JUHI,Supplier Invoice,2106,1285,24-06-2024,Electrical,DG Fuel Cost,DG Fuel Cost,,FUEL FOR DG SET - AJUHI,KARAN MOTORS,0.00, ,0.00,836081.00,,0,0, Completed, 
JUHI,Purchase Order,1285,1285,07-06-2024,Electrical,DG Fuel Cost,DG Fuel Cost,,FUEL FOR DG SET - AJUHI,KARAN MOTORS,6731480.00, 6731479.00,,0.00,,0,0, Approved, 
JUHI,Supplier Invoice,2708,1285,12-08-2024,Electrical,DG Fuel Cost,DG Fuel Cost,,FUEL FOR DG SET - AJUHI,KARAN MOTORS,0.00, ,0.00,686124.00,,0,0, Completed, 
JUHI,Budget Balances,  , , 01-04-2024 ,Electrical,DG Spare Cost,DG Spare Cost,295000.00,,,,,,,0.00,295000.00,, , 
JUHI,Purchase Order,1602,1602,07-08-2024,Electrical,DG Spare Cost,DG Spare Cost,,DG Services,SURAJ MOTOR STORE,70800.00, 70800.00,,0.00,,,, Approved, 
JUHI,Supplier Invoice,2053,1276,18-06-2024,Electrical,DG Spare Cost,DG Spare Cost,,DG Services,PAL SVAM POWER SOLUTIONS PRIVATE LTD,0.00, ,0.00,78281.00,,0,0, Completed, 
JUHI,Purchase Order,1276,1276,06-06-2024,Electrical,DG Spare Cost,DG Spare Cost,,DG Services,PAL SVAM POWER SOLUTIONS PRIVATE LTD,94369.00, 0.00,,0.00,,0,0, Closed, 
JUHI,Supplier Invoice,2018,1276,13-06-2024,Electrical,DG Spare Cost,DG Spare Cost,,DG Services,PAL SVAM POWER SOLUTIONS PRIVATE LTD,0.00, ,0.00,16087.00,,0,0, Completed, 
JUHI,Budget Balances,  , , 01-04-2024 ,Personal Exp.,Staff Salary,Staff Salary,16870200.00,,,,,,,0.00,16870200.00,, , 
JUHI,Supplier Invoice,2429,1455,17-07-2024,Personal Exp.,Staff Salary,Staff Salary,,staff salary,Mool Raj,0.00, ,0.00,45000.00,,,, Completed, 
JUHI,Supplier Invoice,1721,1087,14-05-2024,Personal Exp.,Staff Salary,Staff Salary,,staff salary,Mool Raj,0.00, ,0.00,45000.00,,0,0, Completed, 
JUHI,Supplier Invoice,2641,1455,07-08-2024,Personal Exp.,Staff Salary,Staff Salary,,staff salary,Mool Raj,0.00, ,0.00,45000.00,,0,0, Completed, 
JUHI,Purchase Order,1087,1087,09-05-2024,Personal Exp.,Staff Salary,Staff Salary,,staff salary,Mool Raj,90000.00, 0.00,,0.00,,0,0, Approved, 
JUHI,Purchase Order,1455,1455,08-07-2024,Personal Exp.,Staff Salary,Staff Salary,,staff salary,Mool Raj,450000.00, 0.00,,0.00,,0,0, Approved, 
JUHI,Supplier Invoice,1867,1087,04-06-2024,Personal Exp.,Staff Salary,Staff Salary,,staff salary,Mool Raj,0.00, ,0.00,45000.00,,0,0, Completed, 
JUHI,Budget Balances,  , , 01-04-2024 ,Personal Exp.,Staff Welfare,Staff Welfare,460200.00,,,,,,,0.00,460200.00,, , 
JUHI,Regular Expense,4757,0,17-07-2024,Personal Exp.,Staff Welfare,Staff Welfare,,Staff Welfare / Food,Sunil Kumar,0.00, ,0.00,1960.00,,,, Draft, 
JUHI,Regular Expense,4274,0,20-05-2024,Personal Exp.,Staff Welfare,Staff Welfare,,Staff Welfare / Food,Partha Majumdar,0.00, ,0.00,19898.00,,0,0, Completed, 
JUHI,Regular Expense,4387,0,13-06-2024,Personal Exp.,Staff Welfare,Staff Welfare,,Staff Welfare,Davinder Singh,0.00, ,0.00,6100.00,,0,0, Completed, 
JUHI,Regular Expense,4483,0,11-06-2024,Personal Exp.,Staff Welfare,Staff Welfare,,Food & Refreshment Expenses ,Sunil Kumar,0.00, ,0.00,690.00,,0,0, Completed, 
JUHI,Regular Expense,4483,0,11-06-2024,Personal Exp.,Staff Welfare,Staff Welfare,,Food & Refreshment Expenses ,Sunil Kumar,0.00, ,0.00,270.00,,0,0, Completed, 
JUHI,Regular Expense,4757,0,17-07-2024,Personal Exp.,Staff Welfare,Staff Welfare,,Staff Welfare / Food,Sunil Kumar,0.00, ,0.00,600.00,,0,0, Draft, 
JUHI,Regular Expense,4745,0,07-08-2024,Personal Exp.,Staff Welfare,Staff Welfare,,Food & Refreshment Expenses ,Davinder Singh,0.00, ,0.00,1323.00,,0,0, Completed, 
JUHI,Regular Expense,4387,0,13-06-2024,Personal Exp.,Staff Welfare,Staff Welfare,,Staff Welfare,Davinder Singh,0.00, ,0.00,10400.00,,0,0, Completed, 
JUHI,Regular Expense,4483,0,11-06-2024,Personal Exp.,Staff Welfare,Staff Welfare,,Food & Refreshment Expenses ,Sunil Kumar,0.00, ,0.00,619.00,,0,0, Completed, 
JUHI,Regular Expense,4513,0,04-07-2024,Personal Exp.,Staff Welfare,Staff Welfare,,Food & Refreshment Expenses ,Sunil Kumar,0.00, ,0.00,600.00,,0,0, Completed, 
JUHI,Regular Expense,4669,0,31-07-2024,Personal Exp.,Staff Welfare,Staff Welfare,,Food & Refreshment Expenses ,Rushabh Gala,0.00, ,0.00,5703.00,,0,0, Completed, 
JUHI,Regular Expense,4757,0,17-07-2024,Personal Exp.,Staff Welfare,Staff Welfare,,Food & Refreshment Expenses ,Sunil Kumar,0.00, ,0.00,611.00,,0,0, Draft, 
JUHI,Regular Expense,4390,0,08-06-2024,Personal Exp.,Staff Welfare,Staff Welfare,,Staff Welfare,Sunil Kumar,0.00, ,0.00,1897.00,,0,0, Completed, 
JUHI,Regular Expense,4483,0,11-06-2024,Personal Exp.,Staff Welfare,Staff Welfare,,Food & Refreshment Expenses ,Sunil Kumar,0.00, ,0.00,270.00,,0,0, Completed, 
JUHI,Regular Expense,4757,0,17-07-2024,Personal Exp.,Staff Welfare,Staff Welfare,,Staff Welfare,Sunil Kumar,0.00, ,0.00,15866.00,,0,0, Draft, 
JUHI,Regular Expense,4745,0,07-08-2024,Personal Exp.,Staff Welfare,Staff Welfare,,Food & Refreshment Expenses ,Davinder Singh,0.00, ,0.00,830.00,,0,0, Completed, 
JUHI,Regular Expense,4483,0,11-06-2024,Personal Exp.,Staff Welfare,Staff Welfare,,Food & Refreshment Expenses ,Sunil Kumar,0.00, ,0.00,4444.00,,0,0, Completed, 
JUHI,Regular Expense,4757,0,17-07-2024,Personal Exp.,Staff Welfare,Staff Welfare,,Staff Welfare,Sunil Kumar,0.00, ,0.00,725.00,,0,0, Draft, 
JUHI,Regular Expense,4390,0,08-06-2024,Personal Exp.,Staff Welfare,Staff Welfare,,Staff Welfare,Sunil Kumar,0.00, ,0.00,969.00,,0,0, Completed, 
JUHI,Regular Expense,4483,0,11-06-2024,Personal Exp.,Staff Welfare,Staff Welfare,,Food & Refreshment Expenses ,Sunil Kumar,0.00, ,0.00,749.00,,0,0, Completed, 
JUHI,Regular Expense,4483,0,11-06-2024,Personal Exp.,Staff Welfare,Staff Welfare,,Staff Gift,Sunil Kumar,0.00, ,0.00,1995.00,,0,0, Completed, 
JUHI,Travel Expense,4415,0,12-06-2024,Personal Exp.,Staff Welfare,Staff Welfare,,Food & Refreshment Expenses ,Shivaprakash M,0.00, ,0.00,1622.00,,0,0, Completed, 
JUHI,Regular Expense,4742,0,02-08-2024,Personal Exp.,Staff Welfare,Staff Welfare,,Staff Welfare,Ankur Gupta,0.00, ,0.00,17350.00,,0,0, Submitted, 
JUHI,Regular Expense,4757,0,17-07-2024,Personal Exp.,Staff Welfare,Staff Welfare,,Staff Welfare / Food,Sunil Kumar,0.00, ,0.00,1380.00,,0,0, Draft, 
JUHI,Regular Expense,4387,0,13-06-2024,Personal Exp.,Staff Welfare,Staff Welfare,,Staff Welfare,Davinder Singh,0.00, ,0.00,13200.00,,0,0, Completed, 
JUHI,Regular Expense,4390,0,08-06-2024,Personal Exp.,Staff Welfare,Staff Welfare,,Staff Welfare,Sunil Kumar,0.00, ,0.00,839.00,,0,0, Completed, 
JUHI,Regular Expense,4483,0,11-06-2024,Personal Exp.,Staff Welfare,Staff Welfare,,Food & Refreshment Expenses ,Sunil Kumar,0.00, ,0.00,690.00,,0,0, Completed, 
JUHI,Regular Expense,4483,0,11-06-2024,Personal Exp.,Staff Welfare,Staff Welfare,,Staff Gift,Sunil Kumar,0.00, ,0.00,971.00,,0,0, Completed, 
JUHI,Regular Expense,4483,0,11-06-2024,Personal Exp.,Staff Welfare,Staff Welfare,,Food & Refreshment Expenses ,Sunil Kumar,0.00, ,0.00,839.00,,0,0, Completed, 
JUHI,Budget Balances,  , , 01-04-2024 ,Personal Exp.,Mobile Reimbursement,Mobile Reimbursement,43132.00,,,,,,,0.00,43132.00,, , 
JUHI,Regular Expense,4330,0,27-05-2024,Personal Exp.,Mobile Reimbursement,Mobile Reimbursement,,Mobile Bill / Data Card,Kh.Mohammad Saqib Qummar,0.00, ,0.00,441.00,,,, Completed, 
JUHI,Regular Expense,4390,0,08-06-2024,Personal Exp.,Mobile Reimbursement,Mobile Reimbursement,,Mobile Bill / Data Card,Sunil Kumar,0.00, ,0.00,1000.00,,0,0, Completed, 
JUHI,Regular Expense,3987,0,12-06-2024,Personal Exp.,Mobile Reimbursement,Mobile Reimbursement,,Mobile Bill / Data Card,Pawan Kumar,0.00, ,0.00,589.00,,0,0, Completed, 
JUHI,Regular Expense,4513,0,04-07-2024,Personal Exp.,Mobile Reimbursement,Mobile Reimbursement,,Mobile Bill Reimbursement - AJUHi,Sunil Kumar,0.00, ,0.00,1000.00,,0,0, Completed, 
JUHI,Regular Expense,4495,0,03-07-2024,Personal Exp.,Mobile Reimbursement,Mobile Reimbursement,,Mobile Bill / Data Card,Pawan Kumar,0.00, ,0.00,589.00,,0,0, Completed, 
JUHI,Regular Expense,4700,0,27-07-2024,Personal Exp.,Mobile Reimbursement,Mobile Reimbursement,,Mobile Bill / Data Card,Kh.Mohammad Saqib Qummar,0.00, ,0.00,395.00,,0,0, Completed, 
JUHI,Regular Expense,4127,0,27-04-2024,Personal Exp.,Mobile Reimbursement,Mobile Reimbursement,,Mobile Bill Reimbursement,Medisetty Durga Prasad,0.00, ,0.00,609.00,,0,0, Completed, 
JUHI,Regular Expense,4390,0,08-06-2024,Personal Exp.,Mobile Reimbursement,Mobile Reimbursement,,Mobile Bill / Data Card,Sunil Kumar,0.00, ,0.00,1000.00,,0,0, Completed, 
JUHI,Regular Expense,3987,0,12-06-2024,Personal Exp.,Mobile Reimbursement,Mobile Reimbursement,,Mobile Bill / Data Card,Pawan Kumar,0.00, ,0.00,589.00,,0,0, Completed, 
JUHI,Regular Expense,4344,0,27-05-2024,Personal Exp.,Mobile Reimbursement,Mobile Reimbursement,,Mobile Bill Reimbursement,Medisetty Durga Prasad,0.00, ,0.00,607.00,,0,0, Completed, 
JUHI,Regular Expense,4591,0,27-06-2024,Personal Exp.,Mobile Reimbursement,Mobile Reimbursement,,Mobile Bill Reimbursement,Medisetty Durga Prasad,0.00, ,0.00,1000.00,,0,0, Completed, 
JUHI,Regular Expense,4482,0,27-06-2024,Personal Exp.,Mobile Reimbursement,Mobile Reimbursement,,Mobile Bill / Data Card,Kh.Mohammad Saqib Qummar,0.00, ,0.00,396.00,,0,0, Completed, 
JUHI,Regular Expense,4169,0,29-04-2024,Personal Exp.,Mobile Reimbursement,Mobile Reimbursement,,Mobile Bill Reimbursement - AJUHi,Kh.Mohammad Saqib Qummar,0.00, ,0.00,395.00,,0,0, Completed, 
JUHI,Regular Expense,4701,0,06-08-2024,Personal Exp.,Mobile Reimbursement,Mobile Reimbursement,,Mobile Bill / Data Card,Pawan Kumar,0.00, ,0.00,592.00,,0,0, Completed, 
JUHI,Regular Expense,4691,0,27-07-2024,Personal Exp.,Mobile Reimbursement,Mobile Reimbursement,,Mobile Bill Reimbursement,Medisetty Durga Prasad,0.00, ,0.00,1000.00,,0,0, Completed, 
JUHI,Regular Expense,3987,0,12-06-2024,Personal Exp.,Mobile Reimbursement,Mobile Reimbursement,,Mobile Bill / Data Card,Pawan Kumar,0.00, ,0.00,589.00,,0,0, Completed, 
JUHI,Budget Balances,  , , 01-04-2024 ,Vehicle Running & Maintenance Exp.,Vehicle Hire Charges,Vehicle Hire Charges,4219200.00,,,,,,,0.00,4219200.00,, , 
JUHI,Purchase Order,1387,1387,25-06-2024,Vehicle Running & Maintenance Exp.,Vehicle Hire Charges,Vehicle Hire Charges,,Vehicle Extra Running,M/S TARA CHAND,15750.00, 0.00,,0.00,,,, Approved, 
JUHI,Purchase Order,1151,1151,21-05-2024,Vehicle Running & Maintenance Exp.,Vehicle Hire Charges,Vehicle Hire Charges,,Vehicle Extra Running,M/S TARA CHAND,9450.00, 9439.00,,0.00,,0,0, Closed, 
JUHI,Purchase Order,1483,1483,16-07-2024,Vehicle Running & Maintenance Exp.,Vehicle Hire Charges,Vehicle Hire Charges,,Vehicle Hire Charges - Jammu,Karan Singh,515550.00, 515550.00,,0.00,,0,0, Approved, 
JUHI,Purchase Order,1278,1278,06-06-2024,Vehicle Running & Maintenance Exp.,Vehicle Hire Charges,Vehicle Hire Charges,,Vehicle Hire Charges - Jammu,Anil Sharma,110250.00, 73500.00,,0.00,,0,0, Approved, 
JUHI,Supplier Invoice,2734,1483,14-08-2024,Vehicle Running & Maintenance Exp.,Vehicle Hire Charges,Vehicle Hire Charges,,Vehicle Hire Charges - Jammu,Karan Singh,0.00, ,0.00,36750.00,,0,0, Completed, 
JUHI,Purchase Order,1609,1609,08-08-2024,Vehicle Running & Maintenance Exp.,Vehicle Hire Charges,Vehicle Hire Charges,,Vehicle Hire Charges - Jammu,ZORAWAR ENTERPRISES,37906.00, 37906.00,,0.00,,0,0, Approved, 
JUHI,Supplier Invoice,2395,1354,15-07-2024,Vehicle Running & Maintenance Exp.,Vehicle Hire Charges,Vehicle Hire Charges,,Vehicle Hire Charges - Jammu,ZORAWAR ENTERPRISES,0.00, ,0.00,39900.00,,0,0, Completed, 
JUHI,Purchase Order,1326,1326,18-06-2024,Vehicle Running & Maintenance Exp.,Vehicle Hire Charges,Vehicle Hire Charges,,Vehicle Hire Charges - Jammu,Karan Singh,34300.00, 0.00,,0.00,,0,0, Approved, 
JUHI,Supplier Invoice,2353,1278,11-07-2024,Vehicle Running & Maintenance Exp.,Vehicle Hire Charges,Vehicle Hire Charges,,Vehicle Hire Charges - Jammu,Anil Sharma,0.00, ,0.00,36750.00,,0,0, Completed, 
JUHI,Supplier Invoice,2750,1487,16-08-2024,Vehicle Running & Maintenance Exp.,Vehicle Hire Charges,Vehicle Hire Charges,,Vehicle Hire Charges - Jammu,M/S TARA CHAND,0.00, ,0.00,36750.00,,0,0, Submitted, 
JUHI,Supplier Invoice,2736,1473,14-08-2024,Vehicle Running & Maintenance Exp.,Vehicle Hire Charges,Vehicle Hire Charges,,Vehicle Hire Charges - Jammu,Anil Sharma,0.00, ,0.00,36750.00,,0,0, Completed, 
JUHI,Purchase Order,1387,1387,25-06-2024,Vehicle Running & Maintenance Exp.,Vehicle Hire Charges,Vehicle Hire Charges,,Vehicle Hire - Innova,M/S TARA CHAND,49350.00, 0.00,,0.00,,0,0, Approved, 
JUHI,Purchase Order,1484,1484,16-07-2024,Vehicle Running & Maintenance Exp.,Vehicle Hire Charges,Vehicle Hire Charges,,Vehicle Hire Charges - Jammu,ZORAWAR ENTERPRISES,543900.00, 543900.00,,0.00,,0,0, Approved, 
JUHI,Supplier Invoice,2029,1277,13-06-2024,Vehicle Running & Maintenance Exp.,Vehicle Hire Charges,Vehicle Hire Charges,,Vehicle Hire Charges - Jammu,JAMMU CRANE SERVICE,0.00, ,0.00,73500.00,,0,0, Completed, 
JUHI,Supplier Invoice,1947,1151,10-06-2024,Vehicle Running & Maintenance Exp.,Vehicle Hire Charges,Vehicle Hire Charges,,Vehicle Hire Charges - Jammu,M/S TARA CHAND,0.00, ,0.00,98700.00,,0,0, Completed, 
JUHI,Supplier Invoice,2354,1326,11-07-2024,Vehicle Running & Maintenance Exp.,Vehicle Hire Charges,Vehicle Hire Charges,,Vehicle Hire Charges - Jammu,Karan Singh,0.00, ,0.00,34299.00,,0,0, Completed, 
JUHI,Supplier Invoice,1940,1097,10-06-2024,Vehicle Running & Maintenance Exp.,Vehicle Hire Charges,Vehicle Hire Charges,,Vehicle Hire Charges - Jammu,M/S TARA CHAND,0.00, ,0.00,73500.00,,0,0, Completed, 
JUHI,Supplier Invoice,1964,1252,11-06-2024,Vehicle Running & Maintenance Exp.,Vehicle Hire Charges,Vehicle Hire Charges,,Vehicle Hire Charges - Jammu,Duwarka Constructions Co.,0.00, ,0.00,33600.00,,0,0, Completed, 
JUHI,Purchase Order,1473,1473,11-07-2024,Vehicle Running & Maintenance Exp.,Vehicle Hire Charges,Vehicle Hire Charges,,Vehicle Hire Charges - Jammu,Anil Sharma,36750.00, 36750.00,,0.00,,0,0, Approved, 
JUHI,Supplier Invoice,2730,1484,14-08-2024,Vehicle Running & Maintenance Exp.,Vehicle Hire Charges,Vehicle Hire Charges,,Vehicle Hire Charges - Jammu,ZORAWAR ENTERPRISES,0.00, ,0.00,39900.00,,0,0, Completed, 
JUHI,Supplier Invoice,2088,1252,21-06-2024,Vehicle Running & Maintenance Exp.,Vehicle Hire Charges,Vehicle Hire Charges,,Vehicle Hire Charges - Jammu,Duwarka Constructions Co.,0.00, ,0.00,33600.00,,0,0, Completed, 
JUHI,Purchase Order,1387,1387,25-06-2024,Vehicle Running & Maintenance Exp.,Vehicle Hire Charges,Vehicle Hire Charges,,Vehicle Hire Charges Etios,M/S TARA CHAND,36750.00, 0.00,,0.00,,0,0, Approved, 
JUHI,Purchase Order,1354,1354,22-06-2024,Vehicle Running & Maintenance Exp.,Vehicle Hire Charges,Vehicle Hire Charges,,Vehicle Hire Charges - Jammu,ZORAWAR ENTERPRISES,39900.00, 39900.00,,0.00,,0,0, Closed, 
JUHI,Purchase Order,1485,1485,16-07-2024,Vehicle Running & Maintenance Exp.,Vehicle Hire Charges,Vehicle Hire Charges,,Vehicle Hire Charges - Jammu,M/S TARA CHAND,612150.00, 612150.00,,0.00,,0,0, Approved, 
JUHI,Supplier Invoice,2761,1387,16-08-2024,Vehicle Running & Maintenance Exp.,Vehicle Hire Charges,Vehicle Hire Charges,,Vehicle Extra Running,M/S TARA CHAND,0.00, ,0.00,7886.00,,0,0, Submitted, 
JUHI,Supplier Invoice,1947,1151,10-06-2024,Vehicle Running & Maintenance Exp.,Vehicle Hire Charges,Vehicle Hire Charges,,Vehicle Extra Running,M/S TARA CHAND,0.00, ,0.00,9429.00,,0,0, Completed, 
JUHI,Supplier Invoice,2752,1609,16-08-2024,Vehicle Running & Maintenance Exp.,Vehicle Hire Charges,Vehicle Hire Charges,,Vehicle Hire Charges - Jammu,ZORAWAR ENTERPRISES,0.00, ,0.00,38000.00,,0,0, Draft, 
JUHI,Supplier Invoice,2741,1387,14-08-2024,Vehicle Running & Maintenance Exp.,Vehicle Hire Charges,Vehicle Hire Charges,,Vehicle Hire Charges Etios,M/S TARA CHAND,0.00, ,0.00,36750.00,,0,0, Submitted, 
JUHI,Supplier Invoice,1966,1278,11-06-2024,Vehicle Running & Maintenance Exp.,Vehicle Hire Charges,Vehicle Hire Charges,,Vehicle Hire Charges - Jammu,Anil Sharma,0.00, ,0.00,73500.00,,0,0, Completed, 
JUHI,Purchase Order,1113,1113,13-05-2024,Vehicle Running & Maintenance Exp.,Vehicle Hire Charges,Vehicle Hire Charges,,Vehicle Hire Charges - Jammu,ZORAWAR ENTERPRISES,79800.00, 79800.00,,0.00,,0,0, Closed, 
JUHI,Purchase Order,1486,1486,16-07-2024,Vehicle Running & Maintenance Exp.,Vehicle Hire Charges,Vehicle Hire Charges,,Vehicle Hire Charges - Jammu,Duwarka Constructions Co.,487200.00, 0.00,,0.00,,0,0, Approved, 
JUHI,Purchase Order,1252,1252,05-06-2024,Vehicle Running & Maintenance Exp.,Vehicle Hire Charges,Vehicle Hire Charges,,Vehicle Hire Charges - Jammu,Duwarka Constructions Co.,100800.00, 67200.00,,0.00,,0,0, Approved, 
JUHI,Purchase Order,1097,1097,10-05-2024,Vehicle Running & Maintenance Exp.,Vehicle Hire Charges,Vehicle Hire Charges,,Vehicle Hire Charges - Jammu,M/S TARA CHAND,73500.00, 36750.00,,0.00,,0,0, Closed, 
JUHI,Supplier Invoice,2761,1387,16-08-2024,Vehicle Running & Maintenance Exp.,Vehicle Hire Charges,Vehicle Hire Charges,,Vehicle Hire - Innova,M/S TARA CHAND,0.00, ,0.00,49350.00,,0,0, Submitted, 
JUHI,Supplier Invoice,2348,1252,11-07-2024,Vehicle Running & Maintenance Exp.,Vehicle Hire Charges,Vehicle Hire Charges,,Vehicle Hire Charges - Jammu,Duwarka Constructions Co.,0.00, ,0.00,33600.00,,0,0, Completed, 
JUHI,Purchase Order,1151,1151,21-05-2024,Vehicle Running & Maintenance Exp.,Vehicle Hire Charges,Vehicle Hire Charges,,Vehicle Hire Charges - Jammu,M/S TARA CHAND,98700.00, 49350.00,,0.00,,0,0, Closed, 
JUHI,Supplier Invoice,2742,1486,16-08-2024,Vehicle Running & Maintenance Exp.,Vehicle Hire Charges,Vehicle Hire Charges,,Vehicle Hire Charges - Jammu,Duwarka Constructions Co.,0.00, ,0.00,33600.00,,0,0, Completed, 
JUHI,Purchase Order,1277,1277,06-06-2024,Vehicle Running & Maintenance Exp.,Vehicle Hire Charges,Vehicle Hire Charges,,Vehicle Hire Charges - Jammu,JAMMU CRANE SERVICE,73500.00, 36750.00,,0.00,,0,0, Closed, 
JUHI,Purchase Order,1113,1113,13-05-2024,Vehicle Running & Maintenance Exp.,Vehicle Hire Charges,Vehicle Hire Charges,,Vehicle Hire Charges - Contigency,ZORAWAR ENTERPRISES,1.00, 1.00,,0.00,,0,0, Closed, 
JUHI,Purchase Order,1487,1487,16-07-2024,Vehicle Running & Maintenance Exp.,Vehicle Hire Charges,Vehicle Hire Charges,,Vehicle Hire Charges - Jammu,M/S TARA CHAND,515550.00, 515550.00,,0.00,,0,0, Approved, 
JUHI,Purchase Order,1097,1097,10-05-2024,Vehicle Running & Maintenance Exp.,Vehicle Hire Charges,Vehicle Hire Charges,,Vehicle Hire Charges - Contigency,M/S TARA CHAND,1.00, 1.00,,0.00,,0,0, Closed, 
JUHI,Supplier Invoice,1753,1113,16-05-2024,Vehicle Running & Maintenance Exp.,Vehicle Hire Charges,Vehicle Hire Charges,,Vehicle Hire Charges - Jammu,ZORAWAR ENTERPRISES,0.00, ,0.00,41895.00,,0,0, Completed, 
JUHI,Budget Balances,  , , 01-04-2024 ,Vehicle Running & Maintenance Exp.,Operations Vehicle Fuel-Incident Management+Sky lift & Tower Lights, Operations Vehicle Fuel-Incident Management+Sky lift & Tower Lights ,1595004.00,,,,,,,0.00,1595004.00,, , 
JUHI,Supplier Invoice,2452,1446,19-07-2024,Vehicle Running & Maintenance Exp.,Operations Vehicle Fuel-Incident Management+Sky lift & Tower Lights, Operations Vehicle Fuel-Incident Management+Sky lift & Tower Lights ,,FUEL - Highway Operation Vehicles-  AJUHI,KARAN MOTORS,0.00, ,0.00,72211.00,,,, Completed, 
JUHI,Purchase Order,1446,1446,06-07-2024,Vehicle Running & Maintenance Exp.,Operations Vehicle Fuel-Incident Management+Sky lift & Tower Lights, Operations Vehicle Fuel-Incident Management+Sky lift & Tower Lights ,,FUEL - Highway Operation Vehicles-  AJUHI,KARAN MOTORS,288000.00, 192000.00,,0.00,,0,0, Approved, 
JUHI,Purchase Order,1077,1077,08-05-2024,Vehicle Running & Maintenance Exp.,Operations Vehicle Fuel-Incident Management+Sky lift & Tower Lights, Operations Vehicle Fuel-Incident Management+Sky lift & Tower Lights ,,FUEL - Highway Operation Vehicles-  AJUHI,SHIV KUMAR AND SONS,91998.00, 45999.00,,0.00,,0,0, Closed, 
JUHI,Supplier Invoice,2158,1077,27-06-2024,Vehicle Running & Maintenance Exp.,Operations Vehicle Fuel-Incident Management+Sky lift & Tower Lights, Operations Vehicle Fuel-Incident Management+Sky lift & Tower Lights ,,FUEL - Highway Operation Vehicles-  AJUHI,SHIV KUMAR AND SONS,0.00, ,0.00,39099.00,,0,0, Completed, 
JUHI,Supplier Invoice,1832,1076,29-05-2024,Vehicle Running & Maintenance Exp.,Operations Vehicle Fuel-Incident Management+Sky lift & Tower Lights, Operations Vehicle Fuel-Incident Management+Sky lift & Tower Lights ,,FUEL - Highway Operation Vehicles-  AJUHI,KARAN MOTORS,0.00, ,0.00,79837.00,,0,0, Completed, 
JUHI,Supplier Invoice,2731,1446,14-08-2024,Vehicle Running & Maintenance Exp.,Operations Vehicle Fuel-Incident Management+Sky lift & Tower Lights, Operations Vehicle Fuel-Incident Management+Sky lift & Tower Lights ,,FUEL - Highway Operation Vehicles-  AJUHI,KARAN MOTORS,0.00, ,0.00,89714.00,,0,0, Submitted, 
JUHI,Supplier Invoice,2451,1445,19-07-2024,Vehicle Running & Maintenance Exp.,Operations Vehicle Fuel-Incident Management+Sky lift & Tower Lights, Operations Vehicle Fuel-Incident Management+Sky lift & Tower Lights ,,FUEL - Highway Operation Vehicles-  AJUHI,SHIV KUMAR AND SONS,0.00, ,0.00,38325.00,,0,0, Completed, 
JUHI,Purchase Order,1445,1445,06-07-2024,Vehicle Running & Maintenance Exp.,Operations Vehicle Fuel-Incident Management+Sky lift & Tower Lights, Operations Vehicle Fuel-Incident Management+Sky lift & Tower Lights ,,FUEL - Highway Operation Vehicles-  AJUHI,SHIV KUMAR AND SONS,135000.00, 135000.00,,0.00,,0,0, Approved, 
JUHI,Supplier Invoice,1833,1077,29-05-2024,Vehicle Running & Maintenance Exp.,Operations Vehicle Fuel-Incident Management+Sky lift & Tower Lights, Operations Vehicle Fuel-Incident Management+Sky lift & Tower Lights ,,FUEL - Highway Operation Vehicles-  AJUHI,SHIV KUMAR AND SONS,0.00, ,0.00,45825.00,,0,0, Completed, 
JUHI,Supplier Invoice,2732,1445,14-08-2024,Vehicle Running & Maintenance Exp.,Operations Vehicle Fuel-Incident Management+Sky lift & Tower Lights, Operations Vehicle Fuel-Incident Management+Sky lift & Tower Lights ,,FUEL - Highway Operation Vehicles-  AJUHI,SHIV KUMAR AND SONS,0.00, ,0.00,52129.00,,0,0, Completed, 
JUHI,Purchase Order,1076,1076,08-05-2024,Vehicle Running & Maintenance Exp.,Operations Vehicle Fuel-Incident Management+Sky lift & Tower Lights, Operations Vehicle Fuel-Incident Management+Sky lift & Tower Lights ,,FUEL - Highway Operation Vehicles-  AJUHI,KARAN MOTORS,173834.00, 86917.00,,0.00,,0,0, Closed, 
JUHI,Supplier Invoice,2050,1076,18-06-2024,Vehicle Running & Maintenance Exp.,Operations Vehicle Fuel-Incident Management+Sky lift & Tower Lights, Operations Vehicle Fuel-Incident Management+Sky lift & Tower Lights ,,FUEL - Highway Operation Vehicles-  AJUHI,KARAN MOTORS,0.00, ,0.00,92726.00,,0,0, Completed, 
JUHI,Budget Balances,  , , 01-04-2024 ,Vehicle Running & Maintenance Exp.,Vehicle Repair and Maintenance,Vehicle Repair and Maintenance,1939920.00,,,,,,,0.00,1939920.00,, , 
JUHI,Supplier Invoice,2297,1415,08-07-2024,Vehicle Running & Maintenance Exp.,Vehicle Repair and Maintenance,Vehicle Repair and Maintenance,,Crane Repair/Maintenance,JAI VISHVAKARMA ENGG. WORKS,0.00, ,0.00,142603.00,,,, Completed, 
JUHI,Supplier Invoice,1681,1075,10-05-2024,Vehicle Running & Maintenance Exp.,Vehicle Repair and Maintenance,Vehicle Repair and Maintenance,,Vehicle Spares @ GST 28%,JAMMU AUTOMOBILES ,0.00, ,0.00,13669.00,,0,0, Completed, 
JUHI,Supplier Invoice,1979,1273,12-06-2024,Vehicle Running & Maintenance Exp.,Vehicle Repair and Maintenance,Vehicle Repair and Maintenance,,Vehicle Spares @ GST 28%,FAIRDEAL MOTORS & WORKSHOP PVT LTD,0.00, ,0.00,7232.00,,0,0, Completed, 
JUHI,Regular Expense,4500,0,28-06-2024,Vehicle Running & Maintenance Exp.,Vehicle Repair and Maintenance,Vehicle Repair and Maintenance,,Vehicle Repair and Maintenance,Kh.Mohammad Saqib Qummar,0.00, ,0.00,500.00,,0,0, Completed, 
JUHI,Operating Expense,4310,0,06-05-2024,Vehicle Running & Maintenance Exp.,Vehicle Repair and Maintenance,Vehicle Repair and Maintenance,,Washing of Operation Vehicles,JAI MAA KALI SERVICE STATION,0.00, ,0.00,200.00,,0,0, Completed, 
JUHI,Operating Expense,4708,0,28-07-2024,Vehicle Running & Maintenance Exp.,Vehicle Repair and Maintenance,Vehicle Repair and Maintenance,,Vehicle Repair and Maintenance,JAI MAA KALI SERVICE STATION,0.00, ,0.00,750.00,,0,0, Completed, 
JUHI,Purchase Order,1419,1419,02-07-2024,Vehicle Running & Maintenance Exp.,Vehicle Repair and Maintenance,Vehicle Repair and Maintenance,,Service Charges @18%,FAIRDEAL MOTORS & WORKSHOP PVT LTD,1180.00, 1180.00,,0.00,,0,0, Approved, 
JUHI,Regular Expense,4426,0,27-05-2024,Vehicle Running & Maintenance Exp.,Vehicle Repair and Maintenance,Vehicle Repair and Maintenance,,Vehicle Spare - AJUHI,Kh.Mohammad Saqib Qummar,0.00, ,0.00,390.00,,0,0, Completed, 
JUHI,Regular Expense,4614,0,12-07-2024,Vehicle Running & Maintenance Exp.,Vehicle Repair and Maintenance,Vehicle Repair and Maintenance,,Vehicle Repair and Maintenance,Kh.Mohammad Saqib Qummar,0.00, ,0.00,500.00,,0,0, Completed, 
JUHI,Operating Expense,4432,0,15-06-2024,Vehicle Running & Maintenance Exp.,Vehicle Repair and Maintenance,Vehicle Repair and Maintenance,,Washing of Operation Vehicles,JAI MAA KALI SERVICE STATION,0.00, ,0.00,250.00,,0,0, Completed, 
JUHI,Operating Expense,4309,0,06-05-2024,Vehicle Running & Maintenance Exp.,Vehicle Repair and Maintenance,Vehicle Repair and Maintenance,,Vehicle Repair and Maintenance,FAIRDEAL MOTORS & WORKSHOP PVT LTD,0.00, ,0.00,944.00,,0,0, Completed, 
JUHI,Regular Expense,4499,0,29-06-2024,Vehicle Running & Maintenance Exp.,Vehicle Repair and Maintenance,Vehicle Repair and Maintenance,,Vehicle Repair and Maintenance,Kh.Mohammad Saqib Qummar,0.00, ,0.00,645.00,,0,0, Completed, 
JUHI,Supplier Invoice,2393,1419,15-07-2024,Vehicle Running & Maintenance Exp.,Vehicle Repair and Maintenance,Vehicle Repair and Maintenance,,Vehicle Spares @ GST 28%,FAIRDEAL MOTORS & WORKSHOP PVT LTD,0.00, ,0.00,6538.00,,0,0, Completed, 
JUHI,Supplier Invoice,1681,1075,10-05-2024,Vehicle Running & Maintenance Exp.,Vehicle Repair and Maintenance,Vehicle Repair and Maintenance,,Vehicle Spares @ GST 18%,JAMMU AUTOMOBILES ,0.00, ,0.00,9327.00,,0,0, Completed, 
JUHI,Supplier Invoice,1979,1273,12-06-2024,Vehicle Running & Maintenance Exp.,Vehicle Repair and Maintenance,Vehicle Repair and Maintenance,,Vehicle Spares @ GST 18%,FAIRDEAL MOTORS & WORKSHOP PVT LTD,0.00, ,0.00,6369.00,,0,0, Completed, 
JUHI,Regular Expense,4331,0,07-05-2024,Vehicle Running & Maintenance Exp.,Vehicle Repair and Maintenance,Vehicle Repair and Maintenance,,Vehicle Repair and Maintenance,Kh.Mohammad Saqib Qummar,0.00, ,0.00,550.00,,0,0, Completed, 
JUHI,Purchase Order,1075,1075,08-05-2024,Vehicle Running & Maintenance Exp.,Vehicle Repair and Maintenance,Vehicle Repair and Maintenance,,Vehicle Spares @ GST 28%,JAMMU AUTOMOBILES ,13668.00, 0.00,,0.00,,0,0, Approved, 
JUHI,Operating Expense,4532,0,08-07-2024,Vehicle Running & Maintenance Exp.,Vehicle Repair and Maintenance,Vehicle Repair and Maintenance,,Washing of Operation Vehicles,JAI MAA KALI SERVICE STATION,0.00, ,0.00,250.00,,0,0, Completed, 
JUHI,Operating Expense,4432,0,15-06-2024,Vehicle Running & Maintenance Exp.,Vehicle Repair and Maintenance,Vehicle Repair and Maintenance,,Washing of Operation Vehicles,JAI MAA KALI SERVICE STATION,0.00, ,0.00,250.00,,0,0, Completed, 
JUHI,Operating Expense,4310,0,06-05-2024,Vehicle Running & Maintenance Exp.,Vehicle Repair and Maintenance,Vehicle Repair and Maintenance,,Washing of Operation Vehicles,JAI MAA KALI SERVICE STATION,0.00, ,0.00,250.00,,0,0, Completed, 
JUHI,Regular Expense,4499,0,29-06-2024,Vehicle Running & Maintenance Exp.,Vehicle Repair and Maintenance,Vehicle Repair and Maintenance,,Vehicle Repair and Maintenance,Kh.Mohammad Saqib Qummar,0.00, ,0.00,200.00,,0,0, Completed, 
JUHI,Regular Expense,4707,0,21-07-2024,Vehicle Running & Maintenance Exp.,Vehicle Repair and Maintenance,Vehicle Repair and Maintenance,,Vehicle Repair and Maintenance,Kh.Mohammad Saqib Qummar,0.00, ,0.00,100.00,,0,0, Completed, 
JUHI,Operating Expense,4767,0,08-08-2024,Vehicle Running & Maintenance Exp.,Vehicle Repair and Maintenance,Vehicle Repair and Maintenance,,OPERATION VEHICLES WASHING- AJUHI,AMRI PRIME AUTO CARE,0.00, ,0.00,600.00,,0,0, Submitted, 
JUHI,Regular Expense,4426,0,27-05-2024,Vehicle Running & Maintenance Exp.,Vehicle Repair and Maintenance,Vehicle Repair and Maintenance,,Vehicle Spare - AJUHI,Kh.Mohammad Saqib Qummar,0.00, ,0.00,50.00,,0,0, Completed, 
JUHI,Supplier Invoice,2393,1419,15-07-2024,Vehicle Running & Maintenance Exp.,Vehicle Repair and Maintenance,Vehicle Repair and Maintenance,,Vehicle Spares @ GST 18%,FAIRDEAL MOTORS & WORKSHOP PVT LTD,0.00, ,0.00,5636.00,,0,0, Completed, 
JUHI,Purchase Order,1273,1273,05-06-2024,Vehicle Running & Maintenance Exp.,Vehicle Repair and Maintenance,Vehicle Repair and Maintenance,,Vehicle Spares @ GST 28%,FAIRDEAL MOTORS & WORKSHOP PVT LTD,7232.00, 0.00,,0.00,,0,0, Approved, 
JUHI,Supplier Invoice,1979,1273,12-06-2024,Vehicle Running & Maintenance Exp.,Vehicle Repair and Maintenance,Vehicle Repair and Maintenance,,Service Charges @18%,FAIRDEAL MOTORS & WORKSHOP PVT LTD,0.00, ,0.00,1298.00,,0,0, Completed, 
JUHI,Regular Expense,4331,0,07-05-2024,Vehicle Running & Maintenance Exp.,Vehicle Repair and Maintenance,Vehicle Repair and Maintenance,,Vehicle Repair and Maintenance,Kh.Mohammad Saqib Qummar,0.00, ,0.00,200.00,,0,0, Completed, 
JUHI,Purchase Order,1075,1075,08-05-2024,Vehicle Running & Maintenance Exp.,Vehicle Repair and Maintenance,Vehicle Repair and Maintenance,,Vehicle Spares @ GST 18%,JAMMU AUTOMOBILES ,6259.00, 0.00,,0.00,,0,0, Approved, 
JUHI,Operating Expense,4532,0,08-07-2024,Vehicle Running & Maintenance Exp.,Vehicle Repair and Maintenance,Vehicle Repair and Maintenance,,Washing of Operation Vehicles,JAI MAA KALI SERVICE STATION,0.00, ,0.00,250.00,,0,0, Completed, 
JUHI,Operating Expense,4597,0,17-07-2024,Vehicle Running & Maintenance Exp.,Vehicle Repair and Maintenance,Vehicle Repair and Maintenance,,Vehicle Repair and Maintenance,TRIKUTA CRANES AND EARTHMOVERS,0.00, ,0.00,3400.76,,0,0, Completed, 
JUHI,Operating Expense,4310,0,06-05-2024,Vehicle Running & Maintenance Exp.,Vehicle Repair and Maintenance,Vehicle Repair and Maintenance,,Washing of Operation Vehicles,JAI MAA KALI SERVICE STATION,0.00, ,0.00,200.00,,0,0, Completed, 
JUHI,Regular Expense,4499,0,29-06-2024,Vehicle Running & Maintenance Exp.,Vehicle Repair and Maintenance,Vehicle Repair and Maintenance,,Vehicle Repair and Maintenance,Kh.Mohammad Saqib Qummar,0.00, ,0.00,150.00,,0,0, Completed, 
JUHI,Regular Expense,4707,0,21-07-2024,Vehicle Running & Maintenance Exp.,Vehicle Repair and Maintenance,Vehicle Repair and Maintenance,,Vehicle Repair and Maintenance,Kh.Mohammad Saqib Qummar,0.00, ,0.00,100.00,,0,0, Completed, 
JUHI,Purchase Order,1419,1419,02-07-2024,Vehicle Running & Maintenance Exp.,Vehicle Repair and Maintenance,Vehicle Repair and Maintenance,,Vehicle Spares @ GST 28%,FAIRDEAL MOTORS & WORKSHOP PVT LTD,6539.00, 6539.00,,0.00,,0,0, Approved, 
JUHI,Regular Expense,4426,0,27-05-2024,Vehicle Running & Maintenance Exp.,Vehicle Repair and Maintenance,Vehicle Repair and Maintenance,,Vehicle Spare - AJUHI,Kh.Mohammad Saqib Qummar,0.00, ,0.00,100.00,,0,0, Completed, 
JUHI,Supplier Invoice,2393,1419,15-07-2024,Vehicle Running & Maintenance Exp.,Vehicle Repair and Maintenance,Vehicle Repair and Maintenance,,Service Charges @18%,FAIRDEAL MOTORS & WORKSHOP PVT LTD,0.00, ,0.00,1180.00,,0,0, Completed, 
JUHI,Purchase Order,1273,1273,05-06-2024,Vehicle Running & Maintenance Exp.,Vehicle Repair and Maintenance,Vehicle Repair and Maintenance,,Vehicle Spares @ GST 18%,FAIRDEAL MOTORS & WORKSHOP PVT LTD,6370.00, 0.00,,0.00,,0,0, Approved, 
JUHI,Regular Expense,4331,0,07-05-2024,Vehicle Running & Maintenance Exp.,Vehicle Repair and Maintenance,Vehicle Repair and Maintenance,,Vehicle Repair and Maintenance,Kh.Mohammad Saqib Qummar,0.00, ,0.00,600.00,,0,0, Completed, 
JUHI,Purchase Order,1075,1075,08-05-2024,Vehicle Running & Maintenance Exp.,Vehicle Repair and Maintenance,Vehicle Repair and Maintenance,,Service Charges @18%,JAMMU AUTOMOBILES ,3068.00, 0.00,,0.00,,0,0, Approved, 
JUHI,Operating Expense,4432,0,15-06-2024,Vehicle Running & Maintenance Exp.,Vehicle Repair and Maintenance,Vehicle Repair and Maintenance,,Washing of Operation Vehicles,JAI MAA KALI SERVICE STATION,0.00, ,0.00,500.00,,0,0, Completed, 
JUHI,Operating Expense,4532,0,08-07-2024,Vehicle Running & Maintenance Exp.,Vehicle Repair and Maintenance,Vehicle Repair and Maintenance,,Washing of Operation Vehicles,JAI MAA KALI SERVICE STATION,0.00, ,0.00,250.00,,0,0, Completed, 
JUHI,Regular Expense,4614,0,12-07-2024,Vehicle Running & Maintenance Exp.,Vehicle Repair and Maintenance,Vehicle Repair and Maintenance,,Vehicle Repair and Maintenance,Kh.Mohammad Saqib Qummar,0.00, ,0.00,100.00,,0,0, Completed, 
JUHI,Purchase Order,1415,1415,01-07-2024,Vehicle Running & Maintenance Exp.,Vehicle Repair and Maintenance,Vehicle Repair and Maintenance,,Crane Repair/Maintenance,JAI VISHVAKARMA ENGG. WORKS,142603.00, 142603.00,,0.00,,0,0, Approved, 
JUHI,Operating Expense,4599,0,16-07-2024,Vehicle Running & Maintenance Exp.,Vehicle Repair and Maintenance,Vehicle Repair and Maintenance,,Vehicle Repair and Maintenance,JAI MAA KALI SERVICE STATION,0.00, ,0.00,500.00,,0,0, Completed, 
JUHI,Operating Expense,4310,0,06-05-2024,Vehicle Running & Maintenance Exp.,Vehicle Repair and Maintenance,Vehicle Repair and Maintenance,,Washing of Operation Vehicles,JAI MAA KALI SERVICE STATION,0.00, ,0.00,200.00,,0,0, Completed, 
JUHI,Regular Expense,4500,0,28-06-2024,Vehicle Running & Maintenance Exp.,Vehicle Repair and Maintenance,Vehicle Repair and Maintenance,,Vehicle Repair and Maintenance,Kh.Mohammad Saqib Qummar,0.00, ,0.00,1900.00,,0,0, Completed, 
JUHI,Regular Expense,4707,0,21-07-2024,Vehicle Running & Maintenance Exp.,Vehicle Repair and Maintenance,Vehicle Repair and Maintenance,,Vehicle Repair and Maintenance,Kh.Mohammad Saqib Qummar,0.00, ,0.00,150.00,,0,0, Completed, 
JUHI,Purchase Order,1419,1419,02-07-2024,Vehicle Running & Maintenance Exp.,Vehicle Repair and Maintenance,Vehicle Repair and Maintenance,,Vehicle Spares @ GST 18%,FAIRDEAL MOTORS & WORKSHOP PVT LTD,5636.00, 5636.00,,0.00,,0,0, Approved, 
JUHI,Purchase Order,1273,1273,05-06-2024,Vehicle Running & Maintenance Exp.,Vehicle Repair and Maintenance,Vehicle Repair and Maintenance,,Service Charges @18%,FAIRDEAL MOTORS & WORKSHOP PVT LTD,1298.00, 0.00,,0.00,,0,0, Approved, 
JUHI,Regular Expense,4426,0,27-05-2024,Vehicle Running & Maintenance Exp.,Vehicle Repair and Maintenance,Vehicle Repair and Maintenance,,Vehicle Spare - AJUHI,Kh.Mohammad Saqib Qummar,0.00, ,0.00,500.00,,0,0, Completed, 
JUHI,Operating Expense,4432,0,15-06-2024,Vehicle Running & Maintenance Exp.,Vehicle Repair and Maintenance,Vehicle Repair and Maintenance,,Washing of Operation Vehicles,JAI MAA KALI SERVICE STATION,0.00, ,0.00,250.00,,0,0, Completed, 
JUHI,Operating Expense,4308,0,06-05-2024,Vehicle Running & Maintenance Exp.,Vehicle Repair and Maintenance,Vehicle Repair and Maintenance,,Vehicle Repair and Maintenance,FAIRDEAL MOTORS & WORKSHOP PVT LTD,0.00, ,0.00,1998.92,,0,0, Completed, 
JUHI,Regular Expense,4614,0,12-07-2024,Vehicle Running & Maintenance Exp.,Vehicle Repair and Maintenance,Vehicle Repair and Maintenance,,Vehicle Repair and Maintenance,Kh.Mohammad Saqib Qummar,0.00, ,0.00,250.00,,0,0, Completed, 
JUHI,Budget Balances,  , , 01-04-2024 ,Vehicle Running & Maintenance Exp.,Vehicle Fitness/Road Tax/Pollutioin/Permit, Vehicle Fitness/Road Tax/Pollutioin/Permit ,218300.00,,,,,,,0.00,218300.00,, , 
JUHI,Supplier Invoice,2110,1287,25-06-2024,Vehicle Running & Maintenance Exp.,Vehicle Fitness/Road Tax/Pollutioin/Permit, Vehicle Fitness/Road Tax/Pollutioin/Permit ,,Fitness of Operation Vehicles-AJUHI,PURAN SINGH CHIB,0.00, ,0.00,18000.00,,,, Completed, 
JUHI,Regular Expense,4182,0,06-05-2024,Vehicle Running & Maintenance Exp.,Vehicle Fitness/Road Tax/Pollutioin/Permit, Vehicle Fitness/Road Tax/Pollutioin/Permit ,,Vehicle Road Tax ,Kh.Mohammad Saqib Qummar,0.00, ,0.00,5006.99,,0,0, Completed, 
JUHI,Purchase Order,1287,1287,07-06-2024,Vehicle Running & Maintenance Exp.,Vehicle Fitness/Road Tax/Pollutioin/Permit, Vehicle Fitness/Road Tax/Pollutioin/Permit ,,Fitness of Operation Vehicles-AJUHI,PURAN SINGH CHIB,18000.00, 0.00,,0.00,,0,0, Approved, 
JUHI,Purchase Order,1597,1597,06-08-2024,Vehicle Running & Maintenance Exp.,Vehicle Fitness/Road Tax/Pollutioin/Permit, Vehicle Fitness/Road Tax/Pollutioin/Permit ,,Fitness of Operation Vehicles-AJUHI,PURAN SINGH CHIB,15000.00, 15000.00,,0.00,,0,0, Approved, 
JUHI,Regular Expense,4182,0,06-05-2024,Vehicle Running & Maintenance Exp.,Vehicle Fitness/Road Tax/Pollutioin/Permit, Vehicle Fitness/Road Tax/Pollutioin/Permit ,,Vehicle Road Tax ,Kh.Mohammad Saqib Qummar,0.00, ,0.00,5006.99,,0,0, Completed, 
JUHI,Purchase Order,1597,1597,06-08-2024,Vehicle Running & Maintenance Exp.,Vehicle Fitness/Road Tax/Pollutioin/Permit, Vehicle Fitness/Road Tax/Pollutioin/Permit ,,Agent Fees for fitness,PURAN SINGH CHIB,3000.00, 3000.00,,0.00,,0,0, Approved, 
JUHI,Regular Expense,4182,0,06-05-2024,Vehicle Running & Maintenance Exp.,Vehicle Fitness/Road Tax/Pollutioin/Permit, Vehicle Fitness/Road Tax/Pollutioin/Permit ,,Vehicle Road Tax ,Kh.Mohammad Saqib Qummar,0.00, ,0.00,5006.99,,0,0, Completed, 
JUHI,Budget Balances,  , , 01-04-2024 ,Vehicle Running & Maintenance Exp.,Vehicle Insurance,Vehicle Insurance,210040.00,,,,,,,0.00,210040.00,, , 
JUHI,Supplier Invoice,1617,994,03-05-2024,Vehicle Running & Maintenance Exp.,Vehicle Insurance,Vehicle Insurance,,RPV INSURANCE- AJUHI,UNITED INDIA INSURANCE COMPANY LIMITED,0.00, ,0.00,22990.00,,,, Completed, 
JUHI,Supplier Invoice,1618,994,03-05-2024,Vehicle Running & Maintenance Exp.,Vehicle Insurance,Vehicle Insurance,,RPV INSURANCE- AJUHI,UNITED INDIA INSURANCE COMPANY LIMITED,0.00, ,0.00,22990.00,,0,0, Completed, 
JUHI,Purchase Order,994,994,25-04-2024,Vehicle Running & Maintenance Exp.,Vehicle Insurance,Vehicle Insurance,,RPV INSURANCE- AJUHI,UNITED INDIA INSURANCE COMPANY LIMITED,68970.00, 0.00,,0.00,,0,0, Closed, 
JUHI,Supplier Invoice,1619,994,03-05-2024,Vehicle Running & Maintenance Exp.,Vehicle Insurance,Vehicle Insurance,,RPV INSURANCE- AJUHI,UNITED INDIA INSURANCE COMPANY LIMITED,0.00, ,0.00,22990.00,,0,0, Completed, 
JUHI,Purchase Order,994,994,25-04-2024,Vehicle Running & Maintenance Exp.,Vehicle Insurance,Vehicle Insurance,,Sky Lift Insuarance- AJUHI,UNITED INDIA INSURANCE COMPANY LIMITED,16842.00, 0.00,,0.00,,0,0, Closed, 
JUHI,Supplier Invoice,1632,994,06-05-2024,Vehicle Running & Maintenance Exp.,Vehicle Insurance,Vehicle Insurance,,Sky Lift Insuarance- AJUHI,UNITED INDIA INSURANCE COMPANY LIMITED,0.00, ,0.00,16842.00,,0,0, Completed, 
JUHI,Budget Balances,  , , 01-04-2024 ,Vehicle Running & Maintenance Exp.,Crane Hire 30 Ton, Crane Hire 30 Ton ,3540000.00,,,,,,,0.00,3540000.00,, , 
JUHI,Supplier Invoice,1633,1001,06-05-2024,Vehicle Running & Maintenance Exp.,Crane Hire 30 Ton, Crane Hire 30 Ton ,,Hiring of 30Mt (Metric Tonnes) Crane - AJUHI Proje,JAMMU CRANE SERVICE,0.00, ,0.00,295000.00,,,, Completed, 
JUHI,Supplier Invoice,1910,1001,06-06-2024,Vehicle Running & Maintenance Exp.,Crane Hire 30 Ton, Crane Hire 30 Ton ,,Hiring of 30Mt (Metric Tonnes) Crane - AJUHI Proje,JAMMU CRANE SERVICE,0.00, ,0.00,295000.00,,0,0, Completed, 
JUHI,Supplier Invoice,2300,1284,08-07-2024,Vehicle Running & Maintenance Exp.,Crane Hire 30 Ton, Crane Hire 30 Ton ,,Hiring of 30Mt (Metric Tonnes) Crane - AJUHI Proje,JAMMU CRANE SERVICE,0.00, ,0.00,295000.00,,0,0, Completed, 
JUHI,Supplier Invoice,2664,1284,08-08-2024,Vehicle Running & Maintenance Exp.,Crane Hire 30 Ton, Crane Hire 30 Ton ,,Hiring of 30Mt (Metric Tonnes) Crane - AJUHI Proje,JAMMU CRANE SERVICE,0.00, ,0.00,295000.00,,0,0, Completed, 
JUHI,Purchase Order,1001,1001,25-04-2024,Vehicle Running & Maintenance Exp.,Crane Hire 30 Ton, Crane Hire 30 Ton ,,Hiring of 30Mt (Metric Tonnes) Crane - AJUHI Proje,JAMMU CRANE SERVICE,590000.00, 73749705000.00,,0.00,,0,0, Closed, 
JUHI,Purchase Order,1284,1284,07-06-2024,Vehicle Running & Maintenance Exp.,Crane Hire 30 Ton, Crane Hire 30 Ton ,,Hiring of 30Mt (Metric Tonnes) Crane - AJUHI Proje,JAMMU CRANE SERVICE,2950000.00, 2655000.00,,0.00,,0,0, Approved, 
JUHI,Budget Balances,  , , 01-04-2024 ,Safety & ESG Exp.,Safety Items,Safety Items,1416000.00,,,,,,,0.00,1416000.00,, , 
JUHI,Purchase Order,1020,1020,30-04-2024,Safety & ESG Exp.,Safety Items,Safety Items,,Portable Solar blinker- AJUHI,Nirmal Traders,11505.00, 11505.00,,0.00,,,, Approved, 
JUHI,Supplier Invoice,2420,1020,16-07-2024,Safety & ESG Exp.,Safety Items,Safety Items,,SSB GO SLOW STICKER Size: 600 mm 3M Type IV Circle,Nirmal Traders,0.00, ,0.00,23600.00,,0,0, Completed, 
JUHI,Purchase Order,1020,1020,30-04-2024,Safety & ESG Exp.,Safety Items,Safety Items,,SSB GO SLOW STICKER Size: 600 mm 3M Type IV Circle,Nirmal Traders,23600.00, 23600.00,,0.00,,0,0, Approved, 
JUHI,Supplier Invoice,2420,1020,16-07-2024,Safety & ESG Exp.,Safety Items,Safety Items,,Safety Helmet-White,Nirmal Traders,0.00, ,0.00,4484.00,,0,0, Completed, 
JUHI,Purchase Order,1576,1576,31-07-2024,Safety & ESG Exp.,Safety Items,Safety Items,,Wire Rope Sling - Size 3tonx 3mtr,M/S FALCON SOLUTIONS,5753.00, 5753.00,,0.00,,0,0, Approved, 
JUHI,Purchase Order,1020,1020,30-04-2024,Safety & ESG Exp.,Safety Items,Safety Items,,Safety Helmet-White,Nirmal Traders,4484.00, 4484.00,,0.00,,0,0, Approved, 
JUHI,Supplier Invoice,2420,1020,16-07-2024,Safety & ESG Exp.,Safety Items,Safety Items,,SSB MEN AT WORK STICKER Size: 600 mm Triangle,Nirmal Traders,0.00, ,0.00,23600.00,,0,0, Completed, 
JUHI,Purchase Order,1020,1020,30-04-2024,Safety & ESG Exp.,Safety Items,Safety Items,,SSB MEN AT WORK STICKER Size: 600 mm Triangle,Nirmal Traders,23600.00, 23600.00,,0.00,,0,0, Approved, 
JUHI,Supplier Invoice,2420,1020,16-07-2024,Safety & ESG Exp.,Safety Items,Safety Items,,Safety Jackets-Green,Nirmal Traders,0.00, ,0.00,28350.00,,0,0, Completed, 
JUHI,Purchase Order,1576,1576,31-07-2024,Safety & ESG Exp.,Safety Items,Safety Items,,Wire Rope Sling - Size 5ton x 5mtr,M/S FALCON SOLUTIONS,9853.00, 9853.00,,0.00,,0,0, Approved, 
JUHI,Purchase Order,1020,1020,30-04-2024,Safety & ESG Exp.,Safety Items,Safety Items,,Safety Jackets-Green,Nirmal Traders,28350.00, 28350.00,,0.00,,0,0, Approved, 
JUHI,Supplier Invoice,2420,1020,16-07-2024,Safety & ESG Exp.,Safety Items,Safety Items,,Safety Water Filled Barrie 1000X500X800 MM APPROX,Nirmal Traders,0.00, ,0.00,141600.00,,0,0, Completed, 
JUHI,Purchase Order,1020,1020,30-04-2024,Safety & ESG Exp.,Safety Items,Safety Items,,Safety Water Filled Barrie 1000X500X800 MM APPROX,Nirmal Traders,141600.00, 141600.00,,0.00,,0,0, Approved, 
JUHI,Supplier Invoice,2420,1020,16-07-2024,Safety & ESG Exp.,Safety Items,Safety Items,,Caution Tape -AJUHI,Nirmal Traders,0.00, ,0.00,29500.00,,0,0, Completed, 
JUHI,Purchase Order,1020,1020,30-04-2024,Safety & ESG Exp.,Safety Items,Safety Items,,Caution Tape -AJUHI,Nirmal Traders,29500.00, 29500.00,,0.00,,0,0, Approved, 
JUHI,Supplier Invoice,2420,1020,16-07-2024,Safety & ESG Exp.,Safety Items,Safety Items,,Chevron - Red and White Combination 4ft x 2ft,Nirmal Traders,0.00, ,0.00,9204.00,,0,0, Completed, 
JUHI,Supplier Invoice,2420,1020,16-07-2024,Safety & ESG Exp.,Safety Items,Safety Items,,Safety Shoes,Nirmal Traders,0.00, ,0.00,72216.00,,0,0, Completed, 
JUHI,Purchase Order,1020,1020,30-04-2024,Safety & ESG Exp.,Safety Items,Safety Items,,Chevron - Red and White Combination 4ft x 2ft,Nirmal Traders,9204.00, 9204.00,,0.00,,0,0, Approved, 
JUHI,Purchase Order,1020,1020,30-04-2024,Safety & ESG Exp.,Safety Items,Safety Items,,Safety Shoes,Nirmal Traders,72216.00, 72216.00,,0.00,,0,0, Approved, 
JUHI,Supplier Invoice,2420,1020,16-07-2024,Safety & ESG Exp.,Safety Items,Safety Items,,SSB SPEED LIMIT 30KMPH STICKER Size: 600 mm Circle,Nirmal Traders,0.00, ,0.00,23600.00,,0,0, Completed, 
JUHI,Purchase Order,1020,1020,30-04-2024,Safety & ESG Exp.,Safety Items,Safety Items,,SSB SPEED LIMIT 30KMPH STICKER Size: 600 mm Circle,Nirmal Traders,23600.00, 23600.00,,0.00,,0,0, Approved, 
JUHI,Supplier Invoice,2420,1020,16-07-2024,Safety & ESG Exp.,Safety Items,Safety Items,,Portable Solar blinker- AJUHI,Nirmal Traders,0.00, ,0.00,11505.00,,0,0, Completed, 
JUHI,Purchase Order,1576,1576,31-07-2024,Safety & ESG Exp.,Safety Items,Safety Items,,FREIGHT CHARGES SAFETY MATERIALS ,M/S FALCON SOLUTIONS,2238.00, 2238.00,,0.00,,0,0, Approved, 
JUHI,Budget Balances,  , , 01-04-2024 ,Safety & ESG Exp.,ESG Related Exp.,ESG Related Exp.,708000.00,,,,,,,0.00,708000.00,, , 
JUHI,Supplier Invoice,2654,1279,07-08-2024,Safety & ESG Exp.,ESG Related Exp.,ESG Related Exp.,,SAMPLE COLLECTION CHARGES- AJUHI,IDMA LABORATORIES LIMITED,0.00, ,0.00,5900.00,,,, Completed, 
JUHI,Purchase Order,1279,1279,06-06-2024,Safety & ESG Exp.,ESG Related Exp.,ESG Related Exp.,,SOAK PIT OUTLET - AJUHI,IDMA LABORATORIES LIMITED,5900.00, 5900.00,,0.00,,0,0, Approved, 
JUHI,Supplier Invoice,2654,1279,07-08-2024,Safety & ESG Exp.,ESG Related Exp.,ESG Related Exp.,,Ambient Noise Level Monitoring (24 Hrs) AJUHI,IDMA LABORATORIES LIMITED,0.00, ,0.00,5900.00,,0,0, Completed, 
JUHI,Supplier Invoice,2654,1279,07-08-2024,Safety & ESG Exp.,ESG Related Exp.,ESG Related Exp.,,DG set insertion loss- AJUHI,IDMA LABORATORIES LIMITED,0.00, ,0.00,6608.00,,0,0, Completed, 
JUHI,Purchase Order,1279,1279,06-06-2024,Safety & ESG Exp.,ESG Related Exp.,ESG Related Exp.,,Ambient Air Quality Monitoring (24 hrs)  AJUHI,IDMA LABORATORIES LIMITED,29500.00, 29500.00,,0.00,,0,0, Approved, 
JUHI,Purchase Order,1279,1279,06-06-2024,Safety & ESG Exp.,ESG Related Exp.,ESG Related Exp.,,SAMPLE COLLECTION CHARGES- AJUHI,IDMA LABORATORIES LIMITED,5900.00, 5900.00,,0.00,,0,0, Approved, 
JUHI,Supplier Invoice,2654,1279,07-08-2024,Safety & ESG Exp.,ESG Related Exp.,ESG Related Exp.,,DG Set Noise Level Monitoring-  AJUHI,IDMA LABORATORIES LIMITED,0.00, ,0.00,8260.00,,0,0, Completed, 
JUHI,Supplier Invoice,2654,1279,07-08-2024,Safety & ESG Exp.,ESG Related Exp.,ESG Related Exp.,,Drinking Water Test- AJUHI,IDMA LABORATORIES LIMITED,0.00, ,0.00,11800.00,,0,0, Completed, 
JUHI,Purchase Order,1279,1279,06-06-2024,Safety & ESG Exp.,ESG Related Exp.,ESG Related Exp.,,Ambient Noise Level Monitoring (24 Hrs) AJUHI,IDMA LABORATORIES LIMITED,5900.00, 5900.00,,0.00,,0,0, Approved, 
JUHI,Purchase Order,1279,1279,06-06-2024,Safety & ESG Exp.,ESG Related Exp.,ESG Related Exp.,,DG set insertion loss- AJUHI,IDMA LABORATORIES LIMITED,7080.00, 7080.00,,0.00,,0,0, Approved, 
JUHI,Supplier Invoice,2654,1279,07-08-2024,Safety & ESG Exp.,ESG Related Exp.,ESG Related Exp.,,DG Stack level Monitoring  ,IDMA LABORATORIES LIMITED,0.00, ,0.00,33040.00,,0,0, Completed, 
JUHI,Purchase Order,1279,1279,06-06-2024,Safety & ESG Exp.,ESG Related Exp.,ESG Related Exp.,,DG Set Noise Level Monitoring-  AJUHI,IDMA LABORATORIES LIMITED,8850.00, 8850.00,,0.00,,0,0, Approved, 
JUHI,Purchase Order,1279,1279,06-06-2024,Safety & ESG Exp.,ESG Related Exp.,ESG Related Exp.,,Drinking Water Test- AJUHI,IDMA LABORATORIES LIMITED,11800.00, 11800.00,,0.00,,0,0, Approved, 
JUHI,Supplier Invoice,2654,1279,07-08-2024,Safety & ESG Exp.,ESG Related Exp.,ESG Related Exp.,,SOAK PIT OUTLET - AJUHI,IDMA LABORATORIES LIMITED,0.00, ,0.00,5900.00,,0,0, Completed, 
JUHI,Purchase Order,1279,1279,06-06-2024,Safety & ESG Exp.,ESG Related Exp.,ESG Related Exp.,,DG Stack level Monitoring  ,IDMA LABORATORIES LIMITED,35400.00, 35400.00,,0.00,,0,0, Approved, 
JUHI,Supplier Invoice,2654,1279,07-08-2024,Safety & ESG Exp.,ESG Related Exp.,ESG Related Exp.,,Ambient Air Quality Monitoring (24 hrs)  AJUHI,IDMA LABORATORIES LIMITED,0.00, ,0.00,29500.00,,0,0, Completed, 
JUHI,Budget Balances,  , , 01-04-2024 ,Other Expenses,Internet Charges, Internet Charges ,236000.00,,,,,,,0.00,236000.00,, , 
JUHI,Regular Expense,4513,0,04-07-2024,Other Expenses,Internet Charges, Internet Charges ,,Jio Internet Reimbursement 2024-25,Sunil Kumar,0.00, ,0.00,5244.00,,,, Completed, 
JUHI,Supplier Invoice,1809,1169,27-05-2024,Other Expenses,Internet Charges, Internet Charges ,,Internet Charges 2024-25 AJUHi,BHARTI AIRTEL LIMITED (Jhui) Lease Line,0.00, ,0.00,45725.00,,0,0, Completed, 
JUHI,Supplier Invoice,1810,1169,27-05-2024,Other Expenses,Internet Charges, Internet Charges ,,Internet Charges 2024-25 AJUHi,BHARTI AIRTEL LIMITED (Jhui) Lease Line,0.00, ,0.00,12390.00,,0,0, Completed, 
JUHI,Regular Expense,4513,0,04-07-2024,Other Expenses,Internet Charges, Internet Charges ,,Jio Internet Reimbursement 2024-25,Sunil Kumar,0.00, ,0.00,8853.00,,0,0, Completed, 
JUHI,Purchase Order,1169,1169,22-05-2024,Other Expenses,Internet Charges, Internet Charges ,,Internet Charges 2024-25 AJUHi,BHARTI AIRTEL LIMITED (Jhui) Lease Line,58115.00, 0.00,,0.00,,0,0, Approved, 
JUHI,Budget Balances,  , , 01-04-2024 ,Other Expenses,Office Consumables,Office Consumables,279232.00,,,,,,,0.00,279232.00,, , 
JUHI,Operating Expense,4523,0,08-07-2024,Other Expenses,Office Consumables,Office Consumables,,Office Consumables,Yaqoob Mohd,0.00, ,0.00,3050.00,,,, Completed, 
JUHI,Operating Expense,4524,0,06-07-2024,Other Expenses,Office Consumables,Office Consumables,,Office Consumables,Mangat Ali,0.00, ,0.00,2850.00,,0,0, Completed, 
JUHI,Operating Expense,4323,0,07-05-2024,Other Expenses,Office Consumables,Office Consumables,,Office Consumables,Mangat Ali,0.00, ,0.00,3600.00,,0,0, Completed, 
JUHI,Purchase Order,1064,1064,07-05-2024,Other Expenses,Office Consumables,Office Consumables,,Office Consumables,Balvir Singh,44000.00, 43999.00,,0.00,,0,0, Approved, 
JUHI,Supplier Invoice,2595,1307,06-08-2024,Other Expenses,Office Consumables,Office Consumables,,Office Consumables,Balvir Singh,0.00, ,0.00,13566.00,,0,0, Completed, 
JUHI,Supplier Invoice,2161,1307,28-06-2024,Other Expenses,Office Consumables,Office Consumables,,Office Consumables,Balvir Singh,0.00, ,0.00,30174.00,,0,0, Completed, 
JUHI,Supplier Invoice,1657,1064,08-05-2024,Other Expenses,Office Consumables,Office Consumables,,Office Consumables,Balvir Singh,0.00, ,0.00,15802.00,,0,0, Completed, 
JUHI,Purchase Order,1307,1307,10-06-2024,Other Expenses,Office Consumables,Office Consumables,,Office Consumables,Balvir Singh,199000.00, 0.00,,0.00,,0,0, Approved, 
JUHI,Supplier Invoice,1856,1064,03-06-2024,Other Expenses,Office Consumables,Office Consumables,,Office Consumables,Balvir Singh,0.00, ,0.00,28163.00,,0,0, Completed, 
JUHI,Operating Expense,4324,0,07-05-2024,Other Expenses,Office Consumables,Office Consumables,,Office Consumables,Yaqoob Mohd,0.00, ,0.00,1550.00,,0,0, Completed, 
JUHI,Operating Expense,4455,0,24-06-2024,Other Expenses,Office Consumables,Office Consumables,,Office Consumables,Mangat Ali,0.00, ,0.00,3000.00,,0,0, Completed, 
JUHI,Budget Balances,  , , 01-04-2024 ,Other Expenses,Food & Beverages,Food & Beverages,0.00,,,,,,,0.00,27568.00,, , 
JUHI,Regular Expense,4109,0,23-04-2024,Other Expenses,Food & Beverages,Food & Beverages,,Food & Beverages,Subbiah M,0.00, ,0.00,180.00,,,, Completed, 
JUHI,Regular Expense,4157,0,17-04-2024,Other Expenses,Food & Beverages,Food & Beverages,,Food & Beverages,Bhupesh Gupta,0.00, ,0.00,840.00,,0,0, Completed, 
JUHI,Regular Expense,4333,0,30-05-2024,Other Expenses,Food & Beverages,Food & Beverages,,Food and Beverages,Davinder Singh,0.00, ,0.00,8670.00,,0,0, Completed, 
JUHI,Regular Expense,3990,0,08-04-2024,Other Expenses,Food & Beverages,Food & Beverages,,Food & Beverages,Bhupesh Gupta,0.00, ,0.00,1665.00,,0,0, Completed, 
JUHI,Travel Expense,4132,0,29-04-2024,Other Expenses,Food & Beverages,Food & Beverages,,Food & Beverages,Kuldeep Singh,0.00, ,0.00,380.00,,0,0, Completed, 
JUHI,Regular Expense,4109,0,23-04-2024,Other Expenses,Food & Beverages,Food & Beverages,,Food & Beverages,Subbiah M,0.00, ,0.00,549.00,,0,0, Completed, 
JUHI,Regular Expense,4157,0,17-04-2024,Other Expenses,Food & Beverages,Food & Beverages,,Food & Beverages,Bhupesh Gupta,0.00, ,0.00,734.00,,0,0, Completed, 
JUHI,Regular Expense,4109,0,23-04-2024,Other Expenses,Food & Beverages,Food & Beverages,,Food & Beverages,Subbiah M,0.00, ,0.00,837.00,,0,0, Completed, 
JUHI,Operating Expense,4158,0,22-04-2024,Other Expenses,Food & Beverages,Food & Beverages,,Food & Beverages,Mangat Ali,0.00, ,0.00,3600.00,,0,0, Completed, 
JUHI,Travel Expense,4132,0,29-04-2024,Other Expenses,Food & Beverages,Food & Beverages,,Food & Beverages,Kuldeep Singh,0.00, ,0.00,3357.92,,0,0, Completed, 
JUHI,Regular Expense,4157,0,17-04-2024,Other Expenses,Food & Beverages,Food & Beverages,,Food & Beverages,Bhupesh Gupta,0.00, ,0.00,303.00,,0,0, Completed, 
JUHI,Regular Expense,4109,0,23-04-2024,Other Expenses,Food & Beverages,Food & Beverages,,Food & Beverages,Subbiah M,0.00, ,0.00,558.00,,0,0, Completed, 
JUHI,Regular Expense,4157,0,17-04-2024,Other Expenses,Food & Beverages,Food & Beverages,,Food & Beverages,Bhupesh Gupta,0.00, ,0.00,1712.00,,0,0, Completed, 
JUHI,Regular Expense,4109,0,23-04-2024,Other Expenses,Food & Beverages,Food & Beverages,,Food & Beverages,Subbiah M,0.00, ,0.00,1392.00,,0,0, Completed, 
JUHI,Regular Expense,4353,0,31-05-2024,Other Expenses,Food & Beverages,Food & Beverages,,Food & Beverages,Davinder Singh,0.00, ,0.00,700.00,,0,0, Completed, 
JUHI,Regular Expense,4157,0,17-04-2024,Other Expenses,Food & Beverages,Food & Beverages,,Food & Beverages,Bhupesh Gupta,0.00, ,0.00,435.00,,0,0, Completed, 
JUHI,Regular Expense,4109,0,23-04-2024,Other Expenses,Food & Beverages,Food & Beverages,,Food & Beverages,Subbiah M,0.00, ,0.00,130.00,,0,0, Completed, 
JUHI,Regular Expense,4109,0,23-04-2024,Other Expenses,Food & Beverages,Food & Beverages,,Food & Beverages,Subbiah M,0.00, ,0.00,165.00,,0,0, Completed, 
JUHI,Regular Expense,4157,0,17-04-2024,Other Expenses,Food & Beverages,Food & Beverages,,Food & Beverages,Bhupesh Gupta,0.00, ,0.00,1220.00,,0,0, Completed, 
JUHI,Regular Expense,3989,0,25-04-2024,Other Expenses,Food & Beverages,Food & Beverages,,Food & Beverages,Medisetty Durga Prasad,0.00, ,0.00,840.00,,0,0, Completed, 
JUHI,Budget Balances,  , , 01-04-2024 ,Other Expenses,Postage and Courier Charges,Postage and Courier Charges,118000.00,,,,,,,0.00,118000.00,, , 
JUHI,Regular Expense,4157,0,17-04-2024,Other Expenses,Postage and Courier Charges,Postage and Courier Charges,,Post and courier Expense ,Bhupesh Gupta,0.00, ,0.00,125.00,,,, Completed, 
JUHI,Budget Balances,  , , 01-04-2024 ,Other Expenses,Office / HO GH Rent, Office / HO GH Rent ,1321128.00,,,,,,,0.00,1321128.00,, , 
JUHI,Operating Expense,4766,0,09-07-2024,Other Expenses,Office / HO GH Rent, Office / HO GH Rent ,,Room for Incident Management Team,VIVEK SINGH,0.00, ,0.00,3000.00,,,, Submitted, 
JUHI,Operating Expense,4430,0,15-06-2024,Other Expenses,Office / HO GH Rent, Office / HO GH Rent ,,Room for Incident Management Team,VIVEK SINGH,0.00, ,0.00,6000.00,,0,0, Completed, 
JUHI,Supplier Invoice,2133,1251,25-06-2024,Other Expenses,Office / HO GH Rent, Office / HO GH Rent ,,Office Rent - Udhampur Office,VIJAY KUMAR,0.00, ,0.00,16874.00,,0,0, Completed, 
JUHI,Supplier Invoice,1893,1214,05-06-2024,Other Expenses,Office / HO GH Rent, Office / HO GH Rent ,,House Rent Jammu Office,SHAMIM NAIK,0.00, ,0.00,89208.00,,0,0, Completed, 
JUHI,Supplier Invoice,2293,1251,08-07-2024,Other Expenses,Office / HO GH Rent, Office / HO GH Rent ,,Office Rent - Udhampur Office,VIJAY KUMAR,0.00, ,0.00,16874.00,,0,0, Completed, 
JUHI,Purchase Order,1251,1251,05-06-2024,Other Expenses,Office / HO GH Rent, Office / HO GH Rent ,,Office Rent - Udhampur Office,VIJAY KUMAR,202488.00, 185614.00,,0.00,,0,0, Approved, 
JUHI,Purchase Order,1214,1214,29-05-2024,Other Expenses,Office / HO GH Rent, Office / HO GH Rent ,,House Rent Jammu Office,SHAMIM NAIK,178416.00, 89208.00,,0.00,,0,0, Approved, 
JUHI,Supplier Invoice,2134,1251,25-06-2024,Other Expenses,Office / HO GH Rent, Office / HO GH Rent ,,Office Rent - Udhampur Office,VIJAY KUMAR,0.00, ,0.00,16874.00,,0,0, Completed, 
JUHI,Supplier Invoice,1894,1214,05-06-2024,Other Expenses,Office / HO GH Rent, Office / HO GH Rent ,,House Rent Jammu Office,SHAMIM NAIK,0.00, ,0.00,89208.00,,0,0, Completed, 
JUHI,Operating Expense,4608,0,18-07-2024,Other Expenses,Office / HO GH Rent, Office / HO GH Rent ,,Room for Incident Management Team,VIVEK SINGH,0.00, ,0.00,3000.00,,0,0, Completed, 
JUHI,Purchase Order,1214,1214,29-05-2024,Other Expenses,Office / HO GH Rent, Office / HO GH Rent ,,Office Rent - Udhampur Office,SHAMIM NAIK,0.00, 1.00,,0.00,,0,0, Approved, 
JUHI,Supplier Invoice,2322,1386,09-07-2024,Other Expenses,Office / HO GH Rent, Office / HO GH Rent ,,House Rent Jammu Office,SHAMIM NAIK,0.00, ,0.00,89208.00,,0,0, Completed, 
JUHI,Purchase Order,1386,1386,25-06-2024,Other Expenses,Office / HO GH Rent, Office / HO GH Rent ,,House Rent Jammu Office,SHAMIM NAIK,892080.00, 802872.00,,0.00,,0,0, Approved, 
JUHI,Budget Balances,  , , 01-04-2024 ,Other Expenses,Hotel and Travelling Expenses, Hotel and Travelling Expenses ,1416000.00,,,,,,,0.00,1416000.00,, , 
JUHI,Regular Expense,4157,0,17-04-2024,Other Expenses,Hotel and Travelling Expenses, Hotel and Travelling Expenses ,,Hotel and Travel Expense,Bhupesh Gupta,0.00, ,0.00,484.00,,,, Completed, 
JUHI,Operating Expense,4410,0,11-06-2024,Other Expenses,Hotel and Travelling Expenses, Hotel and Travelling Expenses ,,Hotel & Travelling Expenses,AUTORIDERS INTERNATIONAL LTD,0.00, ,0.00,1615.00,,0,0, Completed, 
JUHI,Regular Expense,4343,0,23-05-2024,Other Expenses,Hotel and Travelling Expenses, Hotel and Travelling Expenses ,,Hotel and Travel Expense,Bhupesh Gupta,0.00, ,0.00,327.00,,0,0, Completed, 
JUHI,Regular Expense,4422,0,11-06-2024,Other Expenses,Hotel and Travelling Expenses, Hotel and Travelling Expenses ,,Travel Expenses,Manjeet Malhotra,0.00, ,0.00,1140.00,,0,0, Completed, 
JUHI,Travel Expense,4402,0,10-06-2024,Other Expenses,Hotel and Travelling Expenses, Hotel and Travelling Expenses ,,Hotel & Travelling Expenses,Kuldeep Singh,0.00, ,0.00,150.00,,0,0, Completed, 
JUHI,Regular Expense,4343,0,23-05-2024,Other Expenses,Hotel and Travelling Expenses, Hotel and Travelling Expenses ,,Hotel and Travel Expense,Bhupesh Gupta,0.00, ,0.00,214.00,,0,0, Completed, 
JUHI,Supplier Invoice,2119,1263,25-06-2024,Other Expenses,Hotel and Travelling Expenses, Hotel and Travelling Expenses ,,Travel Expenses,Uniglobe Mod Travel ,0.00, ,0.00,85715.00,,0,0, Completed, 
JUHI,Operating Expense,4601,0,17-07-2024,Other Expenses,Hotel and Travelling Expenses, Hotel and Travelling Expenses ,,Hotel & Travelling Expenses,ARISTA SERVICE APARTMENTS,0.00, ,0.00,1155.00,,0,0, Completed, 
JUHI,Supplier Invoice,2592,1511,05-08-2024,Other Expenses,Hotel and Travelling Expenses, Hotel and Travelling Expenses ,,Hotel and Travel Expense,ARISTA SERVICE APARTMENTS,0.00, ,0.00,61950.00,,0,0, Completed, 
JUHI,Regular Expense,4343,0,23-05-2024,Other Expenses,Hotel and Travelling Expenses, Hotel and Travelling Expenses ,,Hotel and Travel Expense,Bhupesh Gupta,0.00, ,0.00,333.00,,0,0, Completed, 
JUHI,Travel Expense,4402,0,10-06-2024,Other Expenses,Hotel and Travelling Expenses, Hotel and Travelling Expenses ,,Hotel & Travelling Expenses,Kuldeep Singh,0.00, ,0.00,343.36,,0,0, Completed, 
JUHI,Regular Expense,4390,0,08-06-2024,Other Expenses,Hotel and Travelling Expenses, Hotel and Travelling Expenses ,,Travel Expenses,Sunil Kumar,0.00, ,0.00,4666.00,,0,0, Completed, 
JUHI,Regular Expense,4157,0,17-04-2024,Other Expenses,Hotel and Travelling Expenses, Hotel and Travelling Expenses ,,Hotel and Travel Expense,Bhupesh Gupta,0.00, ,0.00,800.00,,0,0, Completed, 
JUHI,Regular Expense,4343,0,23-05-2024,Other Expenses,Hotel and Travelling Expenses, Hotel and Travelling Expenses ,,Hotel and Travel Expense,Bhupesh Gupta,0.00, ,0.00,347.00,,0,0, Completed, 
JUHI,Regular Expense,4343,0,23-05-2024,Other Expenses,Hotel and Travelling Expenses, Hotel and Travelling Expenses ,,Hotel and Travel Expense,Bhupesh Gupta,0.00, ,0.00,8877.31,,0,0, Completed, 
JUHI,Purchase Order,1104,1104,10-05-2024,Other Expenses,Hotel and Travelling Expenses, Hotel and Travelling Expenses ,,Hotel and Travel Expense,AUTORIDERS INTERNATIONAL LTD,60000.00, 60000.00,,0.00,,0,0, Closed, 
JUHI,Travel Expense,4402,0,10-06-2024,Other Expenses,Hotel and Travelling Expenses, Hotel and Travelling Expenses ,,Hotel & Travelling Expenses,Kuldeep Singh,0.00, ,0.00,1958.00,,0,0, Completed, 
JUHI,Travel Expense,4132,0,29-04-2024,Other Expenses,Hotel and Travelling Expenses, Hotel and Travelling Expenses ,,Hotel & Travelling Expenses,Kuldeep Singh,0.00, ,0.00,369.00,,0,0, Completed, 
JUHI,Operating Expense,4602,0,17-07-2024,Other Expenses,Hotel and Travelling Expenses, Hotel and Travelling Expenses ,,Hotel & Travelling Expenses,ARISTA SERVICE APARTMENTS,0.00, ,0.00,7886.00,,0,0, Completed, 
JUHI,Regular Expense,4343,0,23-05-2024,Other Expenses,Hotel and Travelling Expenses, Hotel and Travelling Expenses ,,Hotel & Travelling Expenses,Bhupesh Gupta,0.00, ,0.00,213.00,,0,0, Completed, 
JUHI,Regular Expense,4422,0,11-06-2024,Other Expenses,Hotel and Travelling Expenses, Hotel and Travelling Expenses ,,Travel Expenses,Manjeet Malhotra,0.00, ,0.00,679.00,,0,0, Completed, 
JUHI,Travel Expense,4402,0,10-06-2024,Other Expenses,Hotel and Travelling Expenses, Hotel and Travelling Expenses ,,Hotel & Travelling Expenses,Kuldeep Singh,0.00, ,0.00,10642.00,,0,0, Completed, 
JUHI,Regular Expense,4343,0,23-05-2024,Other Expenses,Hotel and Travelling Expenses, Hotel and Travelling Expenses ,,Hotel & Travelling Expenses,Bhupesh Gupta,0.00, ,0.00,819.00,,0,0, Completed, 
JUHI,Purchase Order,1059,1059,06-05-2024,Other Expenses,Hotel and Travelling Expenses, Hotel and Travelling Expenses ,,Hotel and Travel Expense,Uniglobe Mod Travel ,100000.00, 100000.00,,0.00,,0,0, Closed, 
JUHI,Regular Expense,4343,0,23-05-2024,Other Expenses,Hotel and Travelling Expenses, Hotel and Travelling Expenses ,,Hotel and Travel Expense,Bhupesh Gupta,0.00, ,0.00,332.00,,0,0, Completed, 
JUHI,Purchase Order,1263,1263,05-06-2024,Other Expenses,Hotel and Travelling Expenses, Hotel and Travelling Expenses ,,Travel Expenses,Uniglobe Mod Travel ,500000.00, 0.00,,0.00,,0,0, Closed, 
JUHI,Purchase Order,1203,1203,27-05-2024,Other Expenses,Hotel and Travelling Expenses, Hotel and Travelling Expenses ,,Hotel and Travel Expense,ZAREBA,143360.00, 0.00,,0.00,,0,0, Approved, 
JUHI,Supplier Invoice,2288,1416,08-07-2024,Other Expenses,Hotel and Travelling Expenses, Hotel and Travelling Expenses ,,Travel Expenses,Uniglobe Mod Travel ,0.00, ,0.00,243816.00,,0,0, Completed, 
JUHI,Travel Expense,4402,0,10-06-2024,Other Expenses,Hotel and Travelling Expenses, Hotel and Travelling Expenses ,,Hotel & Travelling Expenses,Kuldeep Singh,0.00, ,0.00,150.00,,0,0, Completed, 
JUHI,Operating Expense,4559,0,10-07-2024,Other Expenses,Hotel and Travelling Expenses, Hotel and Travelling Expenses ,,Hotel & Travelling Expenses,SPEEDWAYS HOSPITALITY AND TRAVEL SOLUTIONS PRIVATE LIMITED,0.00, ,0.00,4252.50,,0,0, Completed, 
JUHI,Travel Expense,4402,0,10-06-2024,Other Expenses,Hotel and Travelling Expenses, Hotel and Travelling Expenses ,,Hotel & Travelling Expenses,Kuldeep Singh,0.00, ,0.00,292.00,,0,0, Completed, 
JUHI,Travel Expense,4415,0,12-06-2024,Other Expenses,Hotel and Travelling Expenses, Hotel and Travelling Expenses ,,Travel Expenses,Shivaprakash M,0.00, ,0.00,464.00,,0,0, Completed, 
JUHI,Operating Expense,4400,0,10-06-2024,Other Expenses,Hotel and Travelling Expenses, Hotel and Travelling Expenses ,,Incidental Vehicle Hire Charges,Sham Lal Sharma,0.00, ,0.00,9000.00,,0,0, Completed, 
JUHI,Regular Expense,4343,0,23-05-2024,Other Expenses,Hotel and Travelling Expenses, Hotel and Travelling Expenses ,,Hotel & Travelling Expenses,Bhupesh Gupta,0.00, ,0.00,297.00,,0,0, Completed, 
JUHI,Supplier Invoice,2558,1511,31-07-2024,Other Expenses,Hotel and Travelling Expenses, Hotel and Travelling Expenses ,,Hotel and Travel Expense,ARISTA SERVICE APARTMENTS,0.00, ,0.00,10620.00,,0,0, Completed, 
JUHI,Purchase Order,1511,1511,22-07-2024,Other Expenses,Hotel and Travelling Expenses, Hotel and Travelling Expenses ,,Hotel and Travel Expense,ARISTA SERVICE APARTMENTS,118000.00, 0.00,,0.00,,0,0, Approved, 
JUHI,Regular Expense,4422,0,11-06-2024,Other Expenses,Hotel and Travelling Expenses, Hotel and Travelling Expenses ,,Travel Expenses,Manjeet Malhotra,0.00, ,0.00,688.00,,0,0, Completed, 
JUHI,Travel Expense,4402,0,10-06-2024,Other Expenses,Hotel and Travelling Expenses, Hotel and Travelling Expenses ,,Hotel & Travelling Expenses,Kuldeep Singh,0.00, ,0.00,8100.00,,0,0, Completed, 
JUHI,Supplier Invoice,2130,1263,25-06-2024,Other Expenses,Hotel and Travelling Expenses, Hotel and Travelling Expenses ,,Travel Expenses,Uniglobe Mod Travel ,0.00, ,0.00,183304.00,,0,0, Completed, 
JUHI,Regular Expense,4343,0,23-05-2024,Other Expenses,Hotel and Travelling Expenses, Hotel and Travelling Expenses ,,Hotel & Travelling Expenses,Bhupesh Gupta,0.00, ,0.00,397.00,,0,0, Completed, 
JUHI,Regular Expense,4648,0,27-07-2024,Other Expenses,Hotel and Travelling Expenses, Hotel and Travelling Expenses ,,Hotel & Travelling Expenses,Partha Majumdar,0.00, ,0.00,16364.00,,0,0, Completed, 
JUHI,Regular Expense,4343,0,23-05-2024,Other Expenses,Hotel and Travelling Expenses, Hotel and Travelling Expenses ,,Hotel and Travel Expense,Bhupesh Gupta,0.00, ,0.00,366.00,,0,0, Completed, 
JUHI,Travel Expense,4402,0,10-06-2024,Other Expenses,Hotel and Travelling Expenses, Hotel and Travelling Expenses ,,Hotel & Travelling Expenses,Kuldeep Singh,0.00, ,0.00,375.00,,0,0, Completed, 
JUHI,Travel Expense,4402,0,10-06-2024,Other Expenses,Hotel and Travelling Expenses, Hotel and Travelling Expenses ,,Hotel & Travelling Expenses,Kuldeep Singh,0.00, ,0.00,800.00,,0,0, Completed, 
JUHI,Regular Expense,4554,0,11-07-2024,Other Expenses,Hotel and Travelling Expenses, Hotel and Travelling Expenses ,,Hotel & Travelling Expenses,Partha Majumdar,0.00, ,0.00,15905.00,,0,0, Completed, 
JUHI,Regular Expense,4343,0,23-05-2024,Other Expenses,Hotel and Travelling Expenses, Hotel and Travelling Expenses ,,Hotel & Travelling Expenses,Bhupesh Gupta,0.00, ,0.00,180.00,,0,0, Completed, 
JUHI,Supplier Invoice,1817,1203,28-05-2024,Other Expenses,Hotel and Travelling Expenses, Hotel and Travelling Expenses ,,Hotel and Travel Expense,ZAREBA,0.00, ,0.00,143360.00,,0,0, Completed, 
JUHI,Regular Expense,4422,0,11-06-2024,Other Expenses,Hotel and Travelling Expenses, Hotel and Travelling Expenses ,,Travel Expenses,Manjeet Malhotra,0.00, ,0.00,150.00,,0,0, Completed, 
JUHI,Travel Expense,4402,0,10-06-2024,Other Expenses,Hotel and Travelling Expenses, Hotel and Travelling Expenses ,,Hotel & Travelling Expenses,Kuldeep Singh,0.00, ,0.00,1427.11,,0,0, Completed, 
JUHI,Supplier Invoice,2116,1263,25-06-2024,Other Expenses,Hotel and Travelling Expenses, Hotel and Travelling Expenses ,,Travel Expenses,Uniglobe Mod Travel ,0.00, ,0.00,136061.00,,0,0, Completed, 
JUHI,Regular Expense,4343,0,23-05-2024,Other Expenses,Hotel and Travelling Expenses, Hotel and Travelling Expenses ,,Hotel and Travel Expense,Bhupesh Gupta,0.00, ,0.00,186.00,,0,0, Completed, 
JUHI,Travel Expense,4402,0,10-06-2024,Other Expenses,Hotel and Travelling Expenses, Hotel and Travelling Expenses ,,Hotel & Travelling Expenses,Kuldeep Singh,0.00, ,0.00,170.00,,0,0, Completed, 
JUHI,Purchase Order,1416,1416,02-07-2024,Other Expenses,Hotel and Travelling Expenses, Hotel and Travelling Expenses ,,Travel Expenses,Uniglobe Mod Travel ,340008.00, 0.00,,0.00,,0,0, Closed, 
JUHI,Budget Balances,  , , 01-04-2024 ,Other Expenses,Other Misc. Expenses,Other Misc. Expenses,590000.00,,,,,,,0.00,590000.00,, , 
JUHI,Operating Expense,4322,0,27-05-2024,Other Expenses,Other Misc. Expenses,Other Misc. Expenses,,Other Misc. Expenses,Shiv Kumar,0.00, ,0.00,2000.00,,,, Completed, 
JUHI,Regular Expense,4353,0,31-05-2024,Other Expenses,Other Misc. Expenses,Other Misc. Expenses,,Food and Beverages,Davinder Singh,0.00, ,0.00,560.00,,0,0, Completed, 
JUHI,Regular Expense,4343,0,23-05-2024,Other Expenses,Other Misc. Expenses,Other Misc. Expenses,,Food and Beverages,Bhupesh Gupta,0.00, ,0.00,243.00,,0,0, Completed, 
JUHI,Regular Expense,4757,0,17-07-2024,Other Expenses,Other Misc. Expenses,Other Misc. Expenses,,Food and Beverages,Sunil Kumar,0.00, ,0.00,719.00,,0,0, Draft, 
JUHI,Regular Expense,4757,0,17-07-2024,Other Expenses,Other Misc. Expenses,Other Misc. Expenses,,Food and Beverages,Sunil Kumar,0.00, ,0.00,907.00,,0,0, Draft, 
JUHI,Operating Expense,4373,0,04-06-2024,Other Expenses,Other Misc. Expenses,Other Misc. Expenses,,Other Misc. Expenses,Shiv Kumar,0.00, ,0.00,2000.00,,0,0, Completed, 
JUHI,Regular Expense,4757,0,17-07-2024,Other Expenses,Other Misc. Expenses,Other Misc. Expenses,,Food and Beverages,Sunil Kumar,0.00, ,0.00,378.00,,0,0, Draft, 
JUHI,Operating Expense,4525,0,08-07-2024,Other Expenses,Other Misc. Expenses,Other Misc. Expenses,,Other Misc. Expenses,Shiv Kumar,0.00, ,0.00,2000.00,,0,0, Completed, 
JUHI,Regular Expense,4757,0,17-07-2024,Other Expenses,Other Misc. Expenses,Other Misc. Expenses,,Staff Welfare,Sunil Kumar,0.00, ,0.00,560.00,,0,0, Draft, 
JUHI,Regular Expense,4757,0,17-07-2024,Other Expenses,Other Misc. Expenses,Other Misc. Expenses,,Printing & Stationery,Sunil Kumar,0.00, ,0.00,1100.00,,0,0, Draft, 
JUHI,Regular Expense,4353,0,31-05-2024,Other Expenses,Other Misc. Expenses,Other Misc. Expenses,,Food and Beverages,Davinder Singh,0.00, ,0.00,769.00,,0,0, Completed, 
JUHI,Regular Expense,4343,0,23-05-2024,Other Expenses,Other Misc. Expenses,Other Misc. Expenses,,Food and Beverages,Bhupesh Gupta,0.00, ,0.00,499.00,,0,0, Completed, 
JUHI,Regular Expense,4757,0,17-07-2024,Other Expenses,Other Misc. Expenses,Other Misc. Expenses,,Food and Beverages,Sunil Kumar,0.00, ,0.00,378.00,,0,0, Draft, 
JUHI,Regular Expense,4757,0,17-07-2024,Other Expenses,Other Misc. Expenses,Other Misc. Expenses,,Other Misc. Expenses,Sunil Kumar,0.00, ,0.00,5800.00,,0,0, Draft, 
JUHI,Budget Balances,  , , 01-04-2024 ,Other Expenses,Professional/Legal/Audit Fees, Professional/Legal/Audit Fees ,5115182.00,,,,,,,0.00,5115182.00,, , 
JUHI,Supplier Invoice,2560,1462,31-07-2024,Other Expenses,Professional/Legal/Audit Fees, Professional/Legal/Audit Fees ,,Professional fees for Additional support-Protivity,Protiviti India Member Private Limited,0.00, ,0.00,39333.00,,,, Completed, 
JUHI,Supplier Invoice,1993,1296,12-06-2024,Other Expenses,Professional/Legal/Audit Fees, Professional/Legal/Audit Fees ,,Actuarial Valuation Fees,KP Actuaries and Consultants LLP,0.00, ,0.00,20650.00,,0,0, Completed, 
JUHI,Supplier Invoice,2240,1369,03-07-2024,Other Expenses,Professional/Legal/Audit Fees, Professional/Legal/Audit Fees ,,Audit Support-23-24,Protiviti India Member Private Limited,0.00, ,0.00,73329.00,,0,0, Completed, 
JUHI,Supplier Invoice,1982,1290,12-06-2024,Other Expenses,Professional/Legal/Audit Fees, Professional/Legal/Audit Fees ,,Professional Certification Charges ,Raj Har Gopal and Co,0.00, ,0.00,17700.00,,0,0, Completed, 
JUHI,Purchase Order,1175,1175,23-05-2024,Other Expenses,Professional/Legal/Audit Fees, Professional/Legal/Audit Fees ,,Legal & Profession Fees  ,Protiviti India Member Private Limited,222510.00, 0.00,,0.00,,0,0, Approved, 
JUHI,Purchase Order,1344,1344,21-06-2024,Other Expenses,Professional/Legal/Audit Fees, Professional/Legal/Audit Fees ,,Professional fees-compliance certificate -SD,Sandip Shah & co,11800.00, 0.00,,0.00,,0,0, Approved, 
JUHI,Purchase Order,1462,1462,10-07-2024,Other Expenses,Professional/Legal/Audit Fees, Professional/Legal/Audit Fees ,,Professional fees for Additional support-Protivity,Protiviti India Member Private Limited,39333.00, 0.00,,0.00,,0,0, Approved, 
JUHI,Operating Expense,4527,0,08-07-2024,Other Expenses,Professional/Legal/Audit Fees, Professional/Legal/Audit Fees ,,Professional fees-Anubhuti,Anubhuti Tripathi & Associates,0.00, ,0.00,1180.00,,0,0, Completed, 
JUHI,Purchase Order,1379,1379,24-06-2024,Other Expenses,Professional/Legal/Audit Fees, Professional/Legal/Audit Fees ,,Professional Fees-FY 24-25. ,LINK INTIME INDIA PRIVATE LIMITED,29500.00, 29500.00,,0.00,,0,0, Approved, 
JUHI,Purchase Order,1369,1369,24-06-2024,Other Expenses,Professional/Legal/Audit Fees, Professional/Legal/Audit Fees ,,Audit Support-23-24,Protiviti India Member Private Limited,73329.00, 0.00,,0.00,,0,0, Approved, 
JUHI,Supplier Invoice,1820,1157,28-05-2024,Other Expenses,Professional/Legal/Audit Fees, Professional/Legal/Audit Fees ,,Legal and Professional Fees,Protiviti India Member Private Limited,0.00, ,0.00,25285.00,,0,0, Completed, 
JUHI,Supplier Invoice,2142,1375,26-06-2024,Other Expenses,Professional/Legal/Audit Fees, Professional/Legal/Audit Fees ,,Professional Fees-overall  GST implications, Dhruva Advisors LLP-  JUHI,0.00, ,0.00,295000.00,,0,0, Completed, 
JUHI,Supplier Invoice,2287,1175,08-07-2024,Other Expenses,Professional/Legal/Audit Fees, Professional/Legal/Audit Fees ,,Legal & Profession Fees  ,Protiviti India Member Private Limited,0.00, ,0.00,1117.00,,0,0, Completed, 
JUHI,Purchase Order,1557,1557,26-07-2024,Other Expenses,Professional/Legal/Audit Fees, Professional/Legal/Audit Fees ,,XBRL FILING,Anubhuti Tripathi & Associates,20886.00, 0.00,,0.00,,0,0, Approved, 
JUHI,Purchase Order,1163,1163,22-05-2024,Other Expenses,Professional/Legal/Audit Fees, Professional/Legal/Audit Fees ,,Professional Fee,FOX MANDAL & ASSOCIATES LLP,177000.00, 0.00,,0.00,,0,0, Approved, 
JUHI,Supplier Invoice,1825,1175,28-05-2024,Other Expenses,Professional/Legal/Audit Fees, Professional/Legal/Audit Fees ,,Legal & Profession Fees  ,Protiviti India Member Private Limited,0.00, ,0.00,18543.00,,0,0, Completed, 
JUHI,Operating Expense,4625,0,22-07-2024,Other Expenses,Professional/Legal/Audit Fees, Professional/Legal/Audit Fees ,,MCA Form Filing Charges ,Anubhuti Tripathi & Associates,0.00, ,0.00,600.00,,0,0, Completed, 
JUHI,Purchase Order,1344,1344,21-06-2024,Other Expenses,Professional/Legal/Audit Fees, Professional/Legal/Audit Fees ,,Professional fees-DSCR certificate-SD,Sandip Shah & co,11800.00, 0.00,,0.00,,0,0, Approved, 
JUHI,Supplier Invoice,2207,1188,02-07-2024,Other Expenses,Professional/Legal/Audit Fees, Professional/Legal/Audit Fees ,,Professional Fees-SD,Sandip Shah & co,0.00, ,0.00,23600.00,,0,0, Completed, 
JUHI,Supplier Invoice,1795,1163,24-05-2024,Other Expenses,Professional/Legal/Audit Fees, Professional/Legal/Audit Fees ,,Professional Fee,FOX MANDAL & ASSOCIATES LLP,0.00, ,0.00,177000.00,,0,0, Completed, 
JUHI,Purchase Order,1188,1188,23-05-2024,Other Expenses,Professional/Legal/Audit Fees, Professional/Legal/Audit Fees ,,Professional Fees-SD,Sandip Shah & co,47200.00, 0.00,,0.00,,0,0, Approved, 
JUHI,Operating Expense,4183,0,06-05-2024,Other Expenses,Professional/Legal/Audit Fees, Professional/Legal/Audit Fees ,,Professional fees-Anubhuti,Anubhuti Tripathi & Associates,0.00, ,0.00,2950.00,,0,0, Completed, 
JUHI,Supplier Invoice,2191,1344,02-07-2024,Other Expenses,Professional/Legal/Audit Fees, Professional/Legal/Audit Fees ,,Professional fees-compliance certificate -SD,Sandip Shah & co,0.00, ,0.00,11800.00,,0,0, Completed, 
JUHI,Purchase Order,1375,1375,24-06-2024,Other Expenses,Professional/Legal/Audit Fees, Professional/Legal/Audit Fees ,,Professional Fees-overall  GST implications, Dhruva Advisors LLP-  JUHI,295000.00, 0.00,,0.00,,0,0, Approved, 
JUHI,Supplier Invoice,1907,1229,06-06-2024,Other Expenses,Professional/Legal/Audit Fees, Professional/Legal/Audit Fees ,,Reimbursement of Consultant Charges,ZORAWAR ENTERPRISES,0.00, ,0.00,25000.00,,0,0, Completed, 
JUHI,Supplier Invoice,2208,1188,02-07-2024,Other Expenses,Professional/Legal/Audit Fees, Professional/Legal/Audit Fees ,,Professional Fees-SD,Sandip Shah & co,0.00, ,0.00,23600.00,,0,0, Completed, 
JUHI,Supplier Invoice,2044,1157,14-06-2024,Other Expenses,Professional/Legal/Audit Fees, Professional/Legal/Audit Fees ,,Legal and Professional Fees,Protiviti India Member Private Limited,0.00, ,0.00,25285.00,,0,0, Completed, 
JUHI,Supplier Invoice,2527,1557,29-07-2024,Other Expenses,Professional/Legal/Audit Fees, Professional/Legal/Audit Fees ,,XBRL FILING,Anubhuti Tripathi & Associates,0.00, ,0.00,17700.00,,0,0, Completed, 
JUHI,Purchase Order,1157,1157,21-05-2024,Other Expenses,Professional/Legal/Audit Fees, Professional/Legal/Audit Fees ,,Legal and Professional Fees,Protiviti India Member Private Limited,50570.00, 0.00,,0.00,,0,0, Approved, 
JUHI,Supplier Invoice,2267,1175,05-07-2024,Other Expenses,Professional/Legal/Audit Fees, Professional/Legal/Audit Fees ,,Legal & Profession Fees  ,Protiviti India Member Private Limited,0.00, ,0.00,18543.00,,0,0, Completed, 
JUHI,Supplier Invoice,2191,1344,02-07-2024,Other Expenses,Professional/Legal/Audit Fees, Professional/Legal/Audit Fees ,,Professional fees-DSCR certificate-SD,Sandip Shah & co,0.00, ,0.00,11800.00,,0,0, Completed, 
JUHI,Operating Expense,4564,0,08-07-2024,Other Expenses,Professional/Legal/Audit Fees, Professional/Legal/Audit Fees ,,Advance Tax working Q4 23-24,Sandip Shah & co,0.00, ,0.00,5900.00,,0,0, Submitted, 
JUHI,Supplier Invoice,2045,1175,14-06-2024,Other Expenses,Professional/Legal/Audit Fees, Professional/Legal/Audit Fees ,,Legal & Profession Fees  ,Protiviti India Member Private Limited,0.00, ,0.00,18543.00,,0,0, Completed, 
JUHI,Purchase Order,1290,1290,07-06-2024,Other Expenses,Professional/Legal/Audit Fees, Professional/Legal/Audit Fees ,,Professional Certification Charges ,Raj Har Gopal and Co,35400.00, 0.00,,0.00,,0,0, Approved, 
JUHI,Purchase Order,1229,1229,31-05-2024,Other Expenses,Professional/Legal/Audit Fees, Professional/Legal/Audit Fees ,,Reimbursement of Consultant Charges,ZORAWAR ENTERPRISES,25000.00, 0.00,,0.00,,0,0, Closed, 
JUHI,Supplier Invoice,1981,1290,12-06-2024,Other Expenses,Professional/Legal/Audit Fees, Professional/Legal/Audit Fees ,,Professional Certification Charges ,Raj Har Gopal and Co,0.00, ,0.00,17700.00,,0,0, Completed, 
JUHI,Regular Expense,4490,0,29-06-2024,Other Expenses,Professional/Legal/Audit Fees, Professional/Legal/Audit Fees ,,MCA Form Filing Charges ,Vibhav R,0.00, ,0.00,600.00,,0,0, Completed, 
JUHI,Purchase Order,1174,1174,23-05-2024,Other Expenses,Professional/Legal/Audit Fees, Professional/Legal/Audit Fees ,,Legal & Profession Fees  ,Protiviti India Member Private Limited,212400.00, 0.00,,0.00,,0,0, Approved, 
JUHI,Purchase Order,1296,1296,07-06-2024,Other Expenses,Professional/Legal/Audit Fees, Professional/Legal/Audit Fees ,,Actuarial Valuation Fees,KP Actuaries and Consultants LLP,20650.00, 0.00,,0.00,,0,0, Approved, 
JUHI,Supplier Invoice,2621,1175,06-08-2024,Other Expenses,Professional/Legal/Audit Fees, Professional/Legal/Audit Fees ,,Legal & Profession Fees  ,Protiviti India Member Private Limited,0.00, ,0.00,7796.00,,0,0, Completed, 
JUHI,Supplier Invoice,1840,1174,01-06-2024,Other Expenses,Professional/Legal/Audit Fees, Professional/Legal/Audit Fees ,,Legal & Profession Fees  ,Protiviti India Member Private Limited,0.00, ,0.00,17700.00,,0,0, Completed, 
JUHI,Budget Balances,  , , 01-04-2024 ,Other Expenses,IE Fee,IE Fee,12532000.00,,,,,,,0.00,12532000.00,, , 
JUHI,Supplier Invoice,1671,1066,09-05-2024,Other Expenses,IE Fee,IE Fee,,IE Fees,NHAI PIU Udhampur,0.00, ,0.00,907409.00,,,, Completed, 
JUHI,Supplier Invoice,2757,1385,16-08-2024,Other Expenses,IE Fee,IE Fee,,IE Fees,NHAI PIU Udhampur,0.00, ,0.00,939376.00,,0,0, Submitted, 
JUHI,Purchase Order,1385,1385,25-06-2024,Other Expenses,IE Fee,IE Fee,,IE Fees,NHAI PIU Udhampur,10722777.00, 10722777.00,,0.00,,0,0, Approved, 
JUHI,Supplier Invoice,2412,1385,15-07-2024,Other Expenses,IE Fee,IE Fee,,IE Fees,NHAI PIU Udhampur,0.00, ,0.00,915396.00,,0,0, Completed, 
JUHI,Supplier Invoice,1977,1066,11-06-2024,Other Expenses,IE Fee,IE Fee,,IE Fees,NHAI PIU Udhampur,0.00, ,0.00,901814.00,,0,0, Completed, 
JUHI,Purchase Order,1066,1066,07-05-2024,Other Expenses,IE Fee,IE Fee,,IE Fees,NHAI PIU Udhampur,2088667.00, 2088666.00,,0.00,,0,0, Closed, 
QB,Budget Balances,  , , 01-04-2024 ,CSR,CSR FY23-24,CSR FY23-24,0.00,,,,,,,0.00,20025000.00,, , 
QB,Purchase Order,1412,1412,01-07-2024,CSR,CSR FY23-24,CSR FY23-24,,fixing of window of size 1.2m*1.2m,SHAHNAWAZ AHMED SHIEKH,106200.00, 106200.00,,0.00,,,, Approved, 
QB,Supplier Invoice,2509,1236,26-07-2024,CSR,CSR FY23-24,CSR FY23-24,,SUPPLY INTALLATION OF LED STREET LIGHTS  18  NOS,SIRTAJ AHMED WANI ,0.00, ,0.00,72000.00,,0,0, Completed, 
QB,Purchase Order,1244,1244,05-06-2024,CSR,CSR FY23-24,CSR FY23-24,,CP PLUS 16 Channel NVR ,Kashmir Kart,28674.00, 28674.00,,0.00,,0,0, Approved, 
QB,Supplier Invoice,2505,1244,25-07-2024,CSR,CSR FY23-24,CSR FY23-24,,PVC Conduit,Kashmir Kart,0.00, ,0.00,59000.00,,0,0, Completed, 
QB,Purchase Order,1236,1236,03-06-2024,CSR,CSR FY23-24,CSR FY23-24,,INSTALLATION OF LIGHT HIGH MAST -03 Nos under CSR,SIRTAJ AHMED WANI ,91500.00, 91500.00,,0.00,,0,0, Approved, 
QB,Purchase Order,1637,1637,19-08-2024,CSR,CSR FY23-24,CSR FY23-24,,Ambulance Force Motors for DC ,REALTYSHIELD SERVICES PVT LTD ,2465612.00, 2465612.00,,0.00,,0,0, , 
QB,Supplier Invoice,2505,1244,25-07-2024,CSR,CSR FY23-24,CSR FY23-24,,cp plus  2 MP Bullet IR Camera,Kashmir Kart,0.00, ,0.00,150167.00,,0,0, Completed, 
QB,Purchase Order,1412,1412,01-07-2024,CSR,CSR FY23-24,CSR FY23-24,,Electrical Work complete job,SHAHNAWAZ AHMED SHIEKH,5900.00, 5900.00,,0.00,,0,0, Approved, 
QB,Supplier Invoice,2509,1236,26-07-2024,CSR,CSR FY23-24,CSR FY23-24,,Earthing of ST Pole Complete by GI Rod 20mm 2.5 mt,SIRTAJ AHMED WANI ,0.00, ,0.00,750.00,,0,0, Completed, 
QB,Purchase Order,1244,1244,05-06-2024,CSR,CSR FY23-24,CSR FY23-24,,43 inch LED TV,Kashmir Kart,77880.00, 77880.00,,0.00,,0,0, Approved, 
QB,Purchase Order,1412,1412,01-07-2024,CSR,CSR FY23-24,CSR FY23-24,,supplying -Cutting bending & fixing of steel,SHAHNAWAZ AHMED SHIEKH,111404.00, 111404.00,,0.00,,0,0, Approved, 
QB,Purchase Order,1244,1244,05-06-2024,CSR,CSR FY23-24,CSR FY23-24,,CAT 6 cable,Kashmir Kart,198240.00, 198240.00,,0.00,,0,0, Approved, 
QB,Supplier Invoice,2505,1244,25-07-2024,CSR,CSR FY23-24,CSR FY23-24,,8 port POE Switch,Kashmir Kart,0.00, ,0.00,31152.00,,0,0, Completed, 
QB,Purchase Order,1236,1236,03-06-2024,CSR,CSR FY23-24,CSR FY23-24,,Supply and Installation of Pole Junction Box incl ,SIRTAJ AHMED WANI ,10500.00, 10500.00,,0.00,,0,0, Approved, 
QB,Purchase Order,1244,1244,05-06-2024,CSR,CSR FY23-24,CSR FY23-24,,sanitary pad vending machine,Kashmir Kart,23600.00, 23600.00,,0.00,,0,0, Approved, 
QB,Purchase Order,1412,1412,01-07-2024,CSR,CSR FY23-24,CSR FY23-24,,fixing of door of size 2.1m*.9m,SHAHNAWAZ AHMED SHIEKH,28320.00, 28320.00,,0.00,,0,0, Approved, 
QB,Supplier Invoice,2509,1236,26-07-2024,CSR,CSR FY23-24,CSR FY23-24,,1Supply and laying of 3 x 2.5 sq. mm. 1.1 KV Grade,SIRTAJ AHMED WANI ,0.00, ,0.00,15600.00,,0,0, Completed, 
QB,Purchase Order,1244,1244,05-06-2024,CSR,CSR FY23-24,CSR FY23-24,,2U RACKS,Kashmir Kart,14405.00, 14405.00,,0.00,,0,0, Approved, 
QB,Purchase Order,1412,1412,01-07-2024,CSR,CSR FY23-24,CSR FY23-24,,Excavation by Manual Means ,SHAHNAWAZ AHMED SHIEKH,3363.00, 3363.00,,0.00,,0,0, Approved, 
QB,Supplier Invoice,2505,1244,25-07-2024,CSR,CSR FY23-24,CSR FY23-24,,Projectors,Kashmir Kart,0.00, ,0.00,363440.00,,0,0, Completed, 
QB,Supplier Invoice,1846,1164,01-06-2024,CSR,CSR FY23-24,CSR FY23-24,,PATIENT MONITOR WITH FIVE PARAMETERS,GOOD WILL TRADERS,0.00, ,0.00,24640.00,,0,0, Completed, 
QB,Purchase Order,1236,1236,03-06-2024,CSR,CSR FY23-24,CSR FY23-24,,SUPPLY INTALLATION OF LED STREET LIGHTS  18  NOS,SIRTAJ AHMED WANI ,72000.00, 72000.00,,0.00,,0,0, Approved, 
QB,Purchase Order,1637,1637,19-08-2024,CSR,CSR FY23-24,CSR FY23-24,,Registration Charges for Ambulance Force ,REALTYSHIELD SERVICES PVT LTD ,16693.00, 16693.00,,0.00,,0,0, , 
QB,Supplier Invoice,2505,1244,25-07-2024,CSR,CSR FY23-24,CSR FY23-24,,Installation Charges of CCTV,Kashmir Kart,0.00, ,0.00,77880.00,,0,0, Completed, 
QB,Supplier Invoice,2509,1236,26-07-2024,CSR,CSR FY23-24,CSR FY23-24,,Supply & laying of 10 mm Sq 2 Core 1.1KV Grade ,SIRTAJ AHMED WANI ,0.00, ,0.00,6299.00,,0,0, Completed, 
QB,Purchase Order,1244,1244,05-06-2024,CSR,CSR FY23-24,CSR FY23-24,,Harddisk,Kashmir Kart,25488.00, 25488.00,,0.00,,0,0, Approved, 
QB,Purchase Order,1412,1412,01-07-2024,CSR,CSR FY23-24,CSR FY23-24,,PCC for flooring M10,SHAHNAWAZ AHMED SHIEKH,5900.00, 5900.00,,0.00,,0,0, Approved, 
QB,Purchase Order,1244,1244,05-06-2024,CSR,CSR FY23-24,CSR FY23-24,,Wireless Mouse,Kashmir Kart,1593.00, 1593.00,,0.00,,0,0, Approved, 
QB,Supplier Invoice,2505,1244,25-07-2024,CSR,CSR FY23-24,CSR FY23-24,,4 port POE Switch,Kashmir Kart,0.00, ,0.00,19378.00,,0,0, Completed, 
QB,Purchase Order,1236,1236,03-06-2024,CSR,CSR FY23-24,CSR FY23-24,,Earthing of ST Pole Complete by GI Rod 20mm 2.5 mt,SIRTAJ AHMED WANI ,750.00, 750.00,,0.00,,0,0, Approved, 
QB,Supplier Invoice,2505,1244,25-07-2024,CSR,CSR FY23-24,CSR FY23-24,,HDMI 5 Meters Cable,Kashmir Kart,0.00, ,0.00,1345.00,,0,0, Completed, 
QB,Purchase Order,1244,1244,05-06-2024,CSR,CSR FY23-24,CSR FY23-24,,sanitary pad  incinerator,Kashmir Kart,28049.00, 28049.00,,0.00,,0,0, Approved, 
QB,Purchase Order,1412,1412,01-07-2024,CSR,CSR FY23-24,CSR FY23-24,,Construction of iron stair incl Verinda Railing,SHAHNAWAZ AHMED SHIEKH,50740.00, 50740.00,,0.00,,0,0, Approved, 
QB,Supplier Invoice,2509,1236,26-07-2024,CSR,CSR FY23-24,CSR FY23-24,,B -CEMENT BOTTOMING OF ST POLES 3 ,SIRTAJ AHMED WANI ,0.00, ,0.00,9450.00,,0,0, Completed, 
QB,Purchase Order,1244,1244,05-06-2024,CSR,CSR FY23-24,CSR FY23-24,,4U Racks,Kashmir Kart,15104.00, 15104.00,,0.00,,0,0, Approved, 
QB,Purchase Order,1412,1412,01-07-2024,CSR,CSR FY23-24,CSR FY23-24,,Laying of PCC M 10,SHAHNAWAZ AHMED SHIEKH,14750.00, 14750.00,,0.00,,0,0, Approved, 
QB,Supplier Invoice,2505,1244,25-07-2024,CSR,CSR FY23-24,CSR FY23-24,,Water Cooler,Kashmir Kart,0.00, ,0.00,53100.00,,0,0, Completed, 
QB,Supplier Invoice,1847,1161,01-06-2024,CSR,CSR FY23-24,CSR FY23-24,,RO KENT 100 LTR CAPACITY ELITE -II-PLUS ,GOOD WILL TRADERS,0.00, ,0.00,87320.00,,0,0, Completed, 
QB,Purchase Order,1236,1236,03-06-2024,CSR,CSR FY23-24,CSR FY23-24,,1Supply and laying of 3 x 2.5 sq. mm. 1.1 KV Grade,SIRTAJ AHMED WANI ,15600.00, 15600.00,,0.00,,0,0, Approved, 
QB,Purchase Order,1164,1164,22-05-2024,CSR,CSR FY23-24,CSR FY23-24,,PATIENT MONITOR WITH FIVE PARAMETERS,GOOD WILL TRADERS,24640.00, 0.00,,0.00,,0,0, Approved, 
QB,Purchase Order,1637,1637,19-08-2024,CSR,CSR FY23-24,CSR FY23-24,,insurance of Ambulance under CSR,REALTYSHIELD SERVICES PVT LTD ,48000.00, 48000.00,,0.00,,0,0, , 
QB,Supplier Invoice,2505,1244,25-07-2024,CSR,CSR FY23-24,CSR FY23-24,,CP PLUS 16 Channel NVR ,Kashmir Kart,0.00, ,0.00,28674.00,,0,0, Completed, 
QB,Purchase Order,1244,1244,05-06-2024,CSR,CSR FY23-24,CSR FY23-24,,PVC Conduit,Kashmir Kart,59000.00, 59000.00,,0.00,,0,0, Approved, 
QB,Purchase Order,1412,1412,01-07-2024,CSR,CSR FY23-24,CSR FY23-24,,Plastering for walls & ceiling 1:3 Ratio,SHAHNAWAZ AHMED SHIEKH,86730.00, 86730.00,,0.00,,0,0, Approved, 
QB,Purchase Order,1244,1244,05-06-2024,CSR,CSR FY23-24,CSR FY23-24,,cp plus  2 MP Bullet IR Camera,Kashmir Kart,150167.00, 150167.00,,0.00,,0,0, Approved, 
QB,Supplier Invoice,2505,1244,25-07-2024,CSR,CSR FY23-24,CSR FY23-24,,43 inch LED TV,Kashmir Kart,0.00, ,0.00,77880.00,,0,0, Completed, 
QB,Purchase Order,1236,1236,03-06-2024,CSR,CSR FY23-24,CSR FY23-24,,Supply & laying of 10 mm Sq 2 Core 1.1KV Grade ,SIRTAJ AHMED WANI ,6299.00, 6299.00,,0.00,,0,0, Approved, 
QB,Supplier Invoice,2505,1244,25-07-2024,CSR,CSR FY23-24,CSR FY23-24,,CAT 6 cable,Kashmir Kart,0.00, ,0.00,198240.00,,0,0, Completed, 
QB,Purchase Order,1412,1412,01-07-2024,CSR,CSR FY23-24,CSR FY23-24,,RR Masonary for Footing,SHAHNAWAZ AHMED SHIEKH,53100.00, 53100.00,,0.00,,0,0, Approved, 
QB,Supplier Invoice,2509,1236,26-07-2024,CSR,CSR FY23-24,CSR FY23-24,,C -Painting of ST Poles,SIRTAJ AHMED WANI ,0.00, ,0.00,1050.00,,0,0, Completed, 
QB,Purchase Order,1244,1244,05-06-2024,CSR,CSR FY23-24,CSR FY23-24,,8 port POE Switch,Kashmir Kart,31152.00, 31152.00,,0.00,,0,0, Approved, 
QB,Purchase Order,1412,1412,01-07-2024,CSR,CSR FY23-24,CSR FY23-24,,RCC work from plinth to slab,SHAHNAWAZ AHMED SHIEKH,107380.00, 107380.00,,0.00,,0,0, Approved, 
QB,Supplier Invoice,2505,1244,25-07-2024,CSR,CSR FY23-24,CSR FY23-24,,sanitary pad vending machine,Kashmir Kart,0.00, ,0.00,23600.00,,0,0, Completed, 
QB,Supplier Invoice,2505,1244,25-07-2024,CSR,CSR FY23-24,CSR FY23-24,,2U RACKS,Kashmir Kart,0.00, ,0.00,14405.00,,0,0, Completed, 
QB,Purchase Order,1236,1236,03-06-2024,CSR,CSR FY23-24,CSR FY23-24,,B -CEMENT BOTTOMING OF ST POLES 3 ,SIRTAJ AHMED WANI ,9450.00, 9450.00,,0.00,,0,0, Approved, 
QB,Purchase Order,1637,1637,19-08-2024,CSR,CSR FY23-24,CSR FY23-24,,TCS Charges ,REALTYSHIELD SERVICES PVT LTD ,24656.00, 24656.00,,0.00,,0,0, , 
QB,Purchase Order,1244,1244,05-06-2024,CSR,CSR FY23-24,CSR FY23-24,,Projectors,Kashmir Kart,363440.00, 363440.00,,0.00,,0,0, Approved, 
QB,Purchase Order,1412,1412,01-07-2024,CSR,CSR FY23-24,CSR FY23-24,,Floor Tiles ,SHAHNAWAZ AHMED SHIEKH,37760.00, 37760.00,,0.00,,0,0, Approved, 
QB,Supplier Invoice,2509,1236,26-07-2024,CSR,CSR FY23-24,CSR FY23-24,,INSTALLATION OF LIGHT HIGH MAST -03 Nos under CSR,SIRTAJ AHMED WANI ,0.00, ,0.00,91500.00,,0,0, Completed, 
QB,Purchase Order,1244,1244,05-06-2024,CSR,CSR FY23-24,CSR FY23-24,,Installation Charges of CCTV,Kashmir Kart,77880.00, 77880.00,,0.00,,0,0, Approved, 
QB,Supplier Invoice,2505,1244,25-07-2024,CSR,CSR FY23-24,CSR FY23-24,,Harddisk,Kashmir Kart,0.00, ,0.00,25488.00,,0,0, Completed, 
QB,Purchase Order,1161,1161,22-05-2024,CSR,CSR FY23-24,CSR FY23-24,,RO KENT 100 LTR CAPACITY ELITE -II-PLUS ,GOOD WILL TRADERS,87320.00, 0.00,,0.00,,0,0, Approved, 
QB,Supplier Invoice,2505,1244,25-07-2024,CSR,CSR FY23-24,CSR FY23-24,,Wireless Mouse,Kashmir Kart,0.00, ,0.00,1593.00,,0,0, Completed, 
QB,Purchase Order,1412,1412,01-07-2024,CSR,CSR FY23-24,CSR FY23-24,,wall Painting Work with 4 coats ,SHAHNAWAZ AHMED SHIEKH,19824.00, 19824.00,,0.00,,0,0, Approved, 
QB,Supplier Invoice,2509,1236,26-07-2024,CSR,CSR FY23-24,CSR FY23-24,,Supply and Installation of Pole Junction Box incl ,SIRTAJ AHMED WANI ,0.00, ,0.00,10500.00,,0,0, Completed, 
QB,Purchase Order,1244,1244,05-06-2024,CSR,CSR FY23-24,CSR FY23-24,,4 port POE Switch,Kashmir Kart,19378.00, 19378.00,,0.00,,0,0, Approved, 
QB,Purchase Order,1412,1412,01-07-2024,CSR,CSR FY23-24,CSR FY23-24,,Brick Work ,SHAHNAWAZ AHMED SHIEKH,240720.00, 240720.00,,0.00,,0,0, Approved, 
QB,Supplier Invoice,2505,1244,25-07-2024,CSR,CSR FY23-24,CSR FY23-24,,sanitary pad  incinerator,Kashmir Kart,0.00, ,0.00,28049.00,,0,0, Completed, 
QB,Purchase Order,1244,1244,05-06-2024,CSR,CSR FY23-24,CSR FY23-24,,HDMI 5 Meters Cable,Kashmir Kart,1345.00, 1345.00,,0.00,,0,0, Approved, 
QB,Supplier Invoice,2505,1244,25-07-2024,CSR,CSR FY23-24,CSR FY23-24,,4U Racks,Kashmir Kart,0.00, ,0.00,15104.00,,0,0, Completed, 
QB,Purchase Order,1236,1236,03-06-2024,CSR,CSR FY23-24,CSR FY23-24,,C -Painting of ST Poles,SIRTAJ AHMED WANI ,1050.00, 1050.00,,0.00,,0,0, Approved, 
QB,Purchase Order,1244,1244,05-06-2024,CSR,CSR FY23-24,CSR FY23-24,,Water Cooler,Kashmir Kart,53100.00, 53100.00,,0.00,,0,0, Approved, 
QB,Budget Balances,  , , 01-04-2024 ,Routine Maintenance Exp.,Agency Cost - Contract ,Agency Cost - Contract ,79919893.53,,,,,,,0.00,79919893.53,, , 
QB,Purchase Order,1477,1477,11-07-2024,Routine Maintenance Exp.,Agency Cost - Contract ,Agency Cost - Contract ,,RRM Manpower New,ELSAMEX MAINTENANCE SERVICES LIMITED,24257849.00, 24257849.00,,0.00,,,, Approved, 
QB,Purchase Order,1450,1450,08-07-2024,Routine Maintenance Exp.,Agency Cost - Contract ,Agency Cost - Contract ,,Fuel Expenses - Agency,Showket Ahmad Sheikh,165550.00, 165550.00,,0.00,,0,0, Closed, 
QB,Purchase Order,1423,1423,03-07-2024,Routine Maintenance Exp.,Agency Cost - Contract ,Agency Cost - Contract ,,Fuel Expenses - Agency,Modh Farooq Khatana,86000.00, 86000.00,,0.00,,0,0, Closed, 
QB,Purchase Order,1250,1250,05-06-2024,Routine Maintenance Exp.,Agency Cost - Contract ,Agency Cost - Contract ,,Route Patrolling & E&M Manpower,INNOVSOURCE SERVICES PRIVATE LIMITED,43366800.00, 0.00,,0.00,,0,0, Approved, 
QB,Supplier Invoice,1923,1122,07-06-2024,Routine Maintenance Exp.,Agency Cost - Contract ,Agency Cost - Contract ,,EGIS BILL FOR THE MONTH OF APRIL & MAY,Egis Road Operation India Pvt. Ltd.,0.00, ,0.00,1969683.00,,0,0, Completed, 
QB,Supplier Invoice,2070,1122,20-06-2024,Routine Maintenance Exp.,Agency Cost - Contract ,Agency Cost - Contract ,,EGIS BILL FOR THE MONTH OF APRIL & MAY,Egis Road Operation India Pvt. Ltd.,0.00, ,0.00,4082261.00,,0,0, Completed, 
QB,Purchase Order,1407,1407,01-07-2024,Routine Maintenance Exp.,Agency Cost - Contract ,Agency Cost - Contract ,,Fuel Expenses - Agency,Eilyas Nazir Seh,86000.00, 0.00,,0.00,,0,0, Approved, 
QB,Purchase Order,1122,1122,14-05-2024,Routine Maintenance Exp.,Agency Cost - Contract ,Agency Cost - Contract ,,EGIS BILL FOR THE MONTH OF APRIL & MAY,Egis Road Operation India Pvt. Ltd.,12134902.00, 0.00,,0.00,,0,0, Approved, 
QB,Supplier Invoice,2389,1407,15-07-2024,Routine Maintenance Exp.,Agency Cost - Contract ,Agency Cost - Contract ,,Fuel Expenses - Agency,Eilyas Nazir Seh,0.00, ,0.00,32250.00,,0,0, Completed, 
QB,Supplier Invoice,2605,1477,06-08-2024,Routine Maintenance Exp.,Agency Cost - Contract ,Agency Cost - Contract ,,RRM Manpower New,ELSAMEX MAINTENANCE SERVICES LIMITED,0.00, ,0.00,2055750.00,,0,0, Completed, 
QB,Purchase Order,1421,1421,03-07-2024,Routine Maintenance Exp.,Agency Cost - Contract ,Agency Cost - Contract ,,Fuel Expenses - Agency,Modh Farooq Khatana,26875.00, 26875.00,,0.00,,0,0, Closed, 
QB,Supplier Invoice,2696,1250,10-08-2024,Routine Maintenance Exp.,Agency Cost - Contract ,Agency Cost - Contract ,,Route Patrolling & E&M Manpower,INNOVSOURCE SERVICES PRIVATE LIMITED,0.00, ,0.00,4125706.00,,0,0, Completed, 
QB,Supplier Invoice,2390,1407,15-07-2024,Routine Maintenance Exp.,Agency Cost - Contract ,Agency Cost - Contract ,,Fuel Expenses - Agency,Eilyas Nazir Seh,0.00, ,0.00,43000.00,,0,0, Completed, 
QB,Supplier Invoice,2662,1250,08-08-2024,Routine Maintenance Exp.,Agency Cost - Contract ,Agency Cost - Contract ,,Route Patrolling & E&M Manpower,INNOVSOURCE SERVICES PRIVATE LIMITED,0.00, ,0.00,4077180.00,,0,0, Completed, 
QB,Budget Balances,  , , 01-04-2024 ,Routine Maintenance Exp.,Repair Works (Civil),Repair Works (Civil),5302497.17,,,,,,,0.00,5302497.17,, , 
QB,Purchase Order,1438,1438,05-07-2024,Routine Maintenance Exp.,Repair Works (Civil),Repair Works (Civil),,ROAD STUD,GOOD WILL TRADERS,836325.00, 836325.00,,0.00,,,, Approved, 
QB,Supplier Invoice,2443,1438,18-07-2024,Routine Maintenance Exp.,Repair Works (Civil),Repair Works (Civil),,ROAD STUD,GOOD WILL TRADERS,0.00, ,0.00,836325.00,,0,0, Completed, 
QB,Operating Expense,4544,0,10-07-2024,Routine Maintenance Exp.,Repair Works (Civil),Repair Works (Civil),,acrylic sheet 3mm,Shreshth Techinfra Solution,0.00, ,0.00,5084.92,,0,0, Completed, 
QB,Budget Balances,  , , 01-04-2024 ,Routine Maintenance Exp.,BBD and BI Test,BBD and BI Test,531000.00,,,,,,,0.00,531000.00,, , 
QB,Purchase Order,1339,1339,21-06-2024,Routine Maintenance Exp.,BBD and BI Test,BBD and BI Test,,BI TEST FY-24-25,Shree Balaji Test House Private limited ,179124.00, 179124.00,,0.00,,,, , 
QB,Purchase Order,1508,1508,22-07-2024,Routine Maintenance Exp.,BBD and BI Test,BBD and BI Test,,BBD /BI Test at QEPL,Shree Balaji Test House Private limited ,179124.00, 179124.00,,0.00,,0,0, Approved, 
QB,Budget Balances,  , , 01-04-2024 ,Routine Maintenance Exp.,Crane Hiring Charges,Crane Hiring Charges,2548800.00,,,,,,,0.00,2548800.00,, , 
QB,Purchase Order,1590,1590,04-08-2024,Routine Maintenance Exp.,Crane Hiring Charges,Crane Hiring Charges,,Crane Hydra Charges,Ashiq Hassan Dar,1911600.00, 1911600.00,,0.00,,,, Approved, 
QB,Supplier Invoice,1734,1045,14-05-2024,Routine Maintenance Exp.,Crane Hiring Charges,Crane Hiring Charges,,Crane Hydra Charges,Ashiq Hassan Dar,0.00, ,0.00,212400.00,,0,0, Completed, 
QB,Supplier Invoice,2369,1356,12-07-2024,Routine Maintenance Exp.,Crane Hiring Charges,Crane Hiring Charges,,Crane Hydra Charges,Ashiq Hassan Dar,0.00, ,0.00,212400.00,,0,0, Completed, 
QB,Supplier Invoice,2023,1045,13-06-2024,Routine Maintenance Exp.,Crane Hiring Charges,Crane Hiring Charges,,Crane Hydra Charges,Ashiq Hassan Dar,0.00, ,0.00,212400.00,,0,0, Completed, 
QB,Purchase Order,1045,1045,03-05-2024,Routine Maintenance Exp.,Crane Hiring Charges,Crane Hiring Charges,,Crane Hydra Charges,Ashiq Hassan Dar,424800.00, 0.00,,0.00,,0,0, Approved, 
QB,Purchase Order,1356,1356,24-06-2024,Routine Maintenance Exp.,Crane Hiring Charges,Crane Hiring Charges,,Crane Hydra Charges,Ashiq Hassan Dar,212400.00, 0.00,,0.00,,0,0, Approved, 
QB,Budget Balances,  , , 01-04-2024 ,Routine Maintenance Exp.,Drainage improvement and leakage arrest at Tunnel Top,Drainage improvement and leakage arrest at Tunnel Top,1667764.80,,,,,,,0.00,1667764.80,, , 
QB,Regular Expense,4314,0,28-05-2024,Routine Maintenance Exp.,Drainage improvement and leakage arrest at Tunnel Top,Drainage improvement and leakage arrest at Tunnel Top,,Micro Biological Test,Shashi Sharma,0.00, ,0.00,1100.00,,,, Completed, 
QB,Budget Balances,  , , 01-04-2024 ,Electrical,Electricity Bills Toll ( Street Lights ),Electricity Bills Toll ( Street Lights ),2400000.00,,,,,,,0.00,2400000.00,, , 
QB,Supplier Invoice,2316,1253,09-07-2024,Electrical,Electricity Bills Toll ( Street Lights ),Electricity Bills Toll ( Street Lights ),,Electracity Bills Toll(Street Lights),Jammu Power Distribution Corporation Ltd.,0.00, ,0.00,83871.00,,,, Completed, 
QB,Supplier Invoice,1780,1055,22-05-2024,Electrical,Electricity Bills Toll ( Street Lights ),Electricity Bills Toll ( Street Lights ),,Electricity bill  Expenditure -Highway Streetlight,Kashmir Power Distribution Corporation Limited,0.00, ,0.00,1901430.00,,0,0, Completed, 
QB,Purchase Order,1055,1055,06-05-2024,Electrical,Electricity Bills Toll ( Street Lights ),Electricity Bills Toll ( Street Lights ),,Electricity bill  Expenditure -Highway Streetlight,Kashmir Power Distribution Corporation Limited,2250000.00, 0.00,,0.00,,0,0, Closed, 
QB,Supplier Invoice,2067,1253,19-06-2024,Electrical,Electricity Bills Toll ( Street Lights ),Electricity Bills Toll ( Street Lights ),,Electracity Bills Toll(Street Lights),Jammu Power Distribution Corporation Ltd.,0.00, ,0.00,46822.00,,0,0, Completed, 
QB,Supplier Invoice,2315,1253,09-07-2024,Electrical,Electricity Bills Toll ( Street Lights ),Electricity Bills Toll ( Street Lights ),,Electracity Bills Toll(Street Lights),Jammu Power Distribution Corporation Ltd.,0.00, ,0.00,45627.00,,0,0, Completed, 
QB,Supplier Invoice,2068,1253,19-06-2024,Electrical,Electricity Bills Toll ( Street Lights ),Electricity Bills Toll ( Street Lights ),,Electracity Bills Toll(Street Lights),Jammu Power Distribution Corporation Ltd.,0.00, ,0.00,76026.00,,0,0, Completed, 
QB,Supplier Invoice,2703,1253,12-08-2024,Electrical,Electricity Bills Toll ( Street Lights ),Electricity Bills Toll ( Street Lights ),,Electracity Bills Toll(Street Lights),Jammu Power Distribution Corporation Ltd.,0.00, ,0.00,108833.00,,0,0, Completed, 
QB,Purchase Order,1253,1253,05-06-2024,Electrical,Electricity Bills Toll ( Street Lights ),Electricity Bills Toll ( Street Lights ),,Electracity Bills Toll(Street Lights),Jammu Power Distribution Corporation Ltd.,498570.00, 0.00,,0.00,,0,0, Approved, 
QB,Budget Balances,  , , 01-04-2024 ,Electrical,Electricity Bill Highway ( Tunnel ),Electricity Bill Highway ( Tunnel ),68010554.12,,,,,,,0.00,68010554.12,, , 
QB,Purchase Order,1280,1280,07-06-2024,Electrical,Electricity Bill Highway ( Tunnel ),Electricity Bill Highway ( Tunnel ),,Electricity Bill Highway Tunnel,Jammu Power Distribution Corporation Ltd.,44000000.00, 0.00,,0.00,,,, Approved, 
QB,Supplier Invoice,1791,1065,24-05-2024,Electrical,Electricity Bill Highway ( Tunnel ),Electricity Bill Highway ( Tunnel ),,Electricity Bill Tunnel (Highways),Jammu Power Distribution Corporation Ltd.,0.00, ,0.00,49063.00,,0,0, Completed, 
QB,Supplier Invoice,2506,1282,25-07-2024,Electrical,Electricity Bill Highway ( Tunnel ),Electricity Bill Highway ( Tunnel ),,Electricity Bill Highway Tunnel,Kashmir Power Distribution Corporation Limited,0.00, ,0.00,1646910.00,,0,0, Completed, 
QB,Supplier Invoice,1792,1065,24-05-2024,Electrical,Electricity Bill Highway ( Tunnel ),Electricity Bill Highway ( Tunnel ),,Electricity Bill Tunnel (Highways),Jammu Power Distribution Corporation Ltd.,0.00, ,0.00,5329359.00,,0,0, Completed, 
QB,Supplier Invoice,2317,1280,09-07-2024,Electrical,Electricity Bill Highway ( Tunnel ),Electricity Bill Highway ( Tunnel ),,Electricity Bill Highway Tunnel,Jammu Power Distribution Corporation Ltd.,0.00, ,0.00,5904441.00,,0,0, Completed, 
QB,Supplier Invoice,2105,1280,24-06-2024,Electrical,Electricity Bill Highway ( Tunnel ),Electricity Bill Highway ( Tunnel ),,Electricity Bill Highway Tunnel,Jammu Power Distribution Corporation Ltd.,0.00, ,0.00,5883300.00,,0,0, Completed, 
QB,Supplier Invoice,2066,1282,19-06-2024,Electrical,Electricity Bill Highway ( Tunnel ),Electricity Bill Highway ( Tunnel ),,Electricity Bill Highway Tunnel,Kashmir Power Distribution Corporation Limited,0.00, ,0.00,2581158.00,,0,0, Completed, 
QB,Purchase Order,1282,1282,07-06-2024,Electrical,Electricity Bill Highway ( Tunnel ),Electricity Bill Highway ( Tunnel ),,Electricity Bill Highway Tunnel,Kashmir Power Distribution Corporation Limited,16000000.00, 0.00,,0.00,,0,0, Approved, 
QB,Supplier Invoice,2702,1280,12-08-2024,Electrical,Electricity Bill Highway ( Tunnel ),Electricity Bill Highway ( Tunnel ),,Electricity Bill Highway Tunnel,Jammu Power Distribution Corporation Ltd.,0.00, ,0.00,7215300.00,,0,0, Completed, 
QB,Purchase Order,1065,1065,07-05-2024,Electrical,Electricity Bill Highway ( Tunnel ),Electricity Bill Highway ( Tunnel ),,Electricity Bill Tunnel (Highways),Jammu Power Distribution Corporation Ltd.,11335092.00, 0.00,,0.00,,0,0, Closed, 
QB,Supplier Invoice,1790,1065,24-05-2024,Electrical,Electricity Bill Highway ( Tunnel ),Electricity Bill Highway ( Tunnel ),,Electricity Bill Tunnel (Highways),Jammu Power Distribution Corporation Ltd.,0.00, ,0.00,93261.00,,0,0, Completed, 
QB,Budget Balances,  , , 01-04-2024 ,Electrical,DG Spare Cost,DG Spare Cost,472000.00,,,,,,,0.00,472000.00,, , 
QB,Supplier Invoice,2492,1337,24-07-2024,Electrical,DG Spare Cost,DG Spare Cost,,AIR FILTER CAT-2515886,OBEROI MOTORS,0.00, ,0.00,5310.00,,,, Completed, 
QB,Supplier Invoice,2447,1340,18-07-2024,Electrical,DG Spare Cost,DG Spare Cost,,SECONDARY FUEL FILTER 3H.132.02.0.01,OBEROI MOTORS,0.00, ,0.00,826.00,,0,0, Completed, 
QB,Purchase Order,1340,1340,21-06-2024,Electrical,DG Spare Cost,DG Spare Cost,,OIL FILTER 0010824488R92-PB,OBEROI MOTORS,1475.00, 1475.00,,0.00,,0,0, Approved, 
QB,Supplier Invoice,2447,1340,18-07-2024,Electrical,DG Spare Cost,DG Spare Cost,,FILTER ELEMENT 001081778R 93-PB,OBEROI MOTORS,0.00, ,0.00,1475.00,,0,0, Completed, 
QB,Supplier Invoice,2492,1337,24-07-2024,Electrical,DG Spare Cost,DG Spare Cost,,OIL FILTER CAT-1R1808,OBEROI MOTORS,0.00, ,0.00,10856.00,,0,0, Completed, 
QB,Purchase Order,1340,1340,21-06-2024,Electrical,DG Spare Cost,DG Spare Cost,,SECONDARY FUEL FILTER 3H.132.02.0.01,OBEROI MOTORS,826.00, 826.00,,0.00,,0,0, Approved, 
QB,Purchase Order,1322,1322,12-06-2024,Electrical,DG Spare Cost,DG Spare Cost,,ENGINRE OIL 15 W 40 MAKE VOLVOLINE,OBEROI MOTORS,39066.00, 39066.00,,0.00,,0,0, Approved, 
QB,Purchase Order,1337,1337,21-06-2024,Electrical,DG Spare Cost,DG Spare Cost,,AIR FILTER CAT-2465009,OBEROI MOTORS,8850.00, 8850.00,,0.00,,0,0, Approved, 
QB,Supplier Invoice,2492,1337,24-07-2024,Electrical,DG Spare Cost,DG Spare Cost,,AIR FILTER INNER CAT-1W3636,OBEROI MOTORS,0.00, ,0.00,5310.00,,0,0, Completed, 
QB,Supplier Invoice,2447,1340,18-07-2024,Electrical,DG Spare Cost,DG Spare Cost,,FUEL FILTER CARTRIDGE 4H.2206.01.0.00,OBEROI MOTORS,0.00, ,0.00,2832.00,,0,0, Completed, 
QB,Purchase Order,1340,1340,21-06-2024,Electrical,DG Spare Cost,DG Spare Cost,,FILTER ELEMENT 001081778R 93-PB,OBEROI MOTORS,1475.00, 1475.00,,0.00,,0,0, Approved, 
QB,Purchase Order,1337,1337,21-06-2024,Electrical,DG Spare Cost,DG Spare Cost,,FILTER KIT 1000H PMK-C18JZBPM3FKT3,OBEROI MOTORS,20159.00, 20159.00,,0.00,,0,0, Approved, 
QB,Supplier Invoice,2447,1340,18-07-2024,Electrical,DG Spare Cost,DG Spare Cost,,FILTER OPENER ,OBEROI MOTORS,0.00, ,0.00,2006.00,,0,0, Completed, 
QB,Supplier Invoice,2492,1337,24-07-2024,Electrical,DG Spare Cost,DG Spare Cost,,DIESEL FILTER CAT-1R0749,OBEROI MOTORS,0.00, ,0.00,7316.00,,0,0, Completed, 
QB,Supplier Invoice,2447,1340,18-07-2024,Electrical,DG Spare Cost,DG Spare Cost,,LUBE OIL FILTER 06.436.01.0.00,OBEROI MOTORS,0.00, ,0.00,1180.00,,0,0, Completed, 
QB,Purchase Order,1340,1340,21-06-2024,Electrical,DG Spare Cost,DG Spare Cost,,FUEL FILTER CARTRIDGE 4H.2206.01.0.00,OBEROI MOTORS,2832.00, 2832.00,,0.00,,0,0, Approved, 
QB,Purchase Order,1322,1322,12-06-2024,Electrical,DG Spare Cost,DG Spare Cost,,COOLANT MAKE BOSCH,OBEROI MOTORS,21500.00, 21500.00,,0.00,,0,0, Approved, 
QB,Purchase Order,1337,1337,21-06-2024,Electrical,DG Spare Cost,DG Spare Cost,,AIR FILTER CAT-2515886,OBEROI MOTORS,5310.00, 5310.00,,0.00,,0,0, Approved, 
QB,Supplier Invoice,2477,1322,23-07-2024,Electrical,DG Spare Cost,DG Spare Cost,,ENGINRE OIL 15 W 40 MAKE VOLVOLINE,OBEROI MOTORS,0.00, ,0.00,39066.00,,0,0, Completed, 
QB,Purchase Order,1340,1340,21-06-2024,Electrical,DG Spare Cost,DG Spare Cost,,FILTER OPENER ,OBEROI MOTORS,2006.00, 2006.00,,0.00,,0,0, Approved, 
QB,Supplier Invoice,2447,1340,18-07-2024,Electrical,DG Spare Cost,DG Spare Cost,,AIR FILTER PRIMARY 6H.413.32.0.PR,OBEROI MOTORS,0.00, ,0.00,7080.00,,0,0, Completed, 
QB,Purchase Order,1340,1340,21-06-2024,Electrical,DG Spare Cost,DG Spare Cost,,LUBE OIL FILTER 06.436.01.0.00,OBEROI MOTORS,1180.00, 1180.00,,0.00,,0,0, Approved, 
QB,Purchase Order,1337,1337,21-06-2024,Electrical,DG Spare Cost,DG Spare Cost,,OIL FILTER CAT-1R1808,OBEROI MOTORS,10856.00, 10856.00,,0.00,,0,0, Approved, 
QB,Supplier Invoice,2448,1322,18-07-2024,Electrical,DG Spare Cost,DG Spare Cost,,COOLANT MAKE BOSCH,OBEROI MOTORS,0.00, ,0.00,21500.00,,0,0, Completed, 
QB,Supplier Invoice,2492,1337,24-07-2024,Electrical,DG Spare Cost,DG Spare Cost,,WATER SPERATOR CAT-4238521,OBEROI MOTORS,0.00, ,0.00,7788.00,,0,0, Completed, 
QB,Supplier Invoice,2447,1340,18-07-2024,Electrical,DG Spare Cost,DG Spare Cost,,BYPASS FILTER 6H.1193.02.0.PR,OBEROI MOTORS,0.00, ,0.00,1770.00,,0,0, Completed, 
QB,Purchase Order,1340,1340,21-06-2024,Electrical,DG Spare Cost,DG Spare Cost,,AIR FILTER PRIMARY 6H.413.32.0.PR,OBEROI MOTORS,7080.00, 7080.00,,0.00,,0,0, Approved, 
QB,Purchase Order,1337,1337,21-06-2024,Electrical,DG Spare Cost,DG Spare Cost,,AIR FILTER INNER CAT-1W3636,OBEROI MOTORS,5310.00, 5310.00,,0.00,,0,0, Approved, 
QB,Supplier Invoice,2447,1340,18-07-2024,Electrical,DG Spare Cost,DG Spare Cost,,DIESEL FILTER 006002508F1-PB,OBEROI MOTORS,0.00, ,0.00,1475.00,,0,0, Completed, 
QB,Purchase Order,1340,1340,21-06-2024,Electrical,DG Spare Cost,DG Spare Cost,,BYPASS FILTER 6H.1193.02.0.PR,OBEROI MOTORS,1770.00, 1770.00,,0.00,,0,0, Approved, 
QB,Purchase Order,1337,1337,21-06-2024,Electrical,DG Spare Cost,DG Spare Cost,,DIESEL FILTER CAT-1R0749,OBEROI MOTORS,7316.00, 7316.00,,0.00,,0,0, Approved, 
QB,Supplier Invoice,2492,1337,24-07-2024,Electrical,DG Spare Cost,DG Spare Cost,,AIR FILTER CAT-2465009,OBEROI MOTORS,0.00, ,0.00,8850.00,,0,0, Completed, 
QB,Supplier Invoice,2447,1340,18-07-2024,Electrical,DG Spare Cost,DG Spare Cost,,PRIMARY FUEL FILTER 3H.132.01.0.00,OBEROI MOTORS,0.00, ,0.00,826.00,,0,0, Completed, 
QB,Purchase Order,1340,1340,21-06-2024,Electrical,DG Spare Cost,DG Spare Cost,,DIESEL FILTER 006002508F1-PB,OBEROI MOTORS,1475.00, 1475.00,,0.00,,0,0, Approved, 
QB,Supplier Invoice,2492,1337,24-07-2024,Electrical,DG Spare Cost,DG Spare Cost,,FILTER KIT 1000H PMK-C18JZBPM3FKT3,OBEROI MOTORS,0.00, ,0.00,20159.00,,0,0, Completed, 
QB,Supplier Invoice,2447,1340,18-07-2024,Electrical,DG Spare Cost,DG Spare Cost,,OIL FILTER 0010824488R92-PB,OBEROI MOTORS,0.00, ,0.00,1475.00,,0,0, Completed, 
QB,Purchase Order,1340,1340,21-06-2024,Electrical,DG Spare Cost,DG Spare Cost,,PRIMARY FUEL FILTER 3H.132.01.0.00,OBEROI MOTORS,826.00, 826.00,,0.00,,0,0, Approved, 
QB,Purchase Order,1337,1337,21-06-2024,Electrical,DG Spare Cost,DG Spare Cost,,WATER SPERATOR CAT-4238521,OBEROI MOTORS,7788.00, 7788.00,,0.00,,0,0, Approved, 
QB,Budget Balances,  , , 01-04-2024 ,Electrical,Electrical Repair,Electrical Repair,413000.00,,,,,,,0.00,413000.00,, , 
QB,Supplier Invoice,1682,1072,10-05-2024,Electrical,Electrical Repair,Electrical Repair,,BATTERY 12VOLT-200AH TABULAR TYPE MAKE EXIDE,GLOBAL ELECTRICALS,0.00, ,0.00,15600.00,,,, Completed, 
QB,Supplier Invoice,2406,1471,15-07-2024,Electrical,Electrical Repair,Electrical Repair,,LED DRIVER 60 WATTS,SSB Engineering & Electricals ,0.00, ,0.00,17346.00,,0,0, Completed, 
QB,Purchase Order,1072,1072,08-05-2024,Electrical,Electrical Repair,Electrical Repair,,BATTERY 12VOLT-200AH TABULAR TYPE MAKE EXIDE,GLOBAL ELECTRICALS,15600.00, 0.00,,0.00,,0,0, Approved, 
QB,Supplier Invoice,2407,1471,15-07-2024,Electrical,Electrical Repair,Electrical Repair,,LED DRIVER 60 WATTS,SSB Engineering & Electricals ,0.00, ,0.00,98294.00,,0,0, Completed, 
QB,Purchase Order,1471,1471,11-07-2024,Electrical,Electrical Repair,Electrical Repair,,LED DRIVER 60 WATTS,SSB Engineering & Electricals ,115640.00, 97138.00,,0.00,,0,0, Approved, 
QB,Budget Balances,  , , 01-04-2024 ,Electrical,AC Service,AC Service,295000.00,,,,,,,0.00,295000.00,, , 
QB,Regular Expense,4313,0,28-05-2024,Electrical,AC Service,AC Service,,AC Service ,Roshan Lal Sharma,0.00, ,0.00,8800.00,,,, Completed, 
QB,Budget Balances,  , , 01-04-2024 ,TMS & HTMS Exp.,TMS AMC,TMS AMC,1498595.28,,,,,,,0.00,1498599.00,, , 
QB,Supplier Invoice,2101,1289,24-06-2024,TMS & HTMS Exp.,TMS AMC,TMS AMC,,TMS AMC,TECHSTURE TECHNOLOGIES INDIA PRIVATE LIMITED,0.00, ,0.00,124883.00,,,, Completed, 
QB,Supplier Invoice,2695,1289,09-08-2024,TMS & HTMS Exp.,TMS AMC,TMS AMC,,TMS AMC,TECHSTURE TECHNOLOGIES INDIA PRIVATE LIMITED,0.00, ,0.00,124883.00,,0,0, Completed, 
QB,Purchase Order,1289,1289,07-06-2024,TMS & HTMS Exp.,TMS AMC,TMS AMC,,TMS AMC,TECHSTURE TECHNOLOGIES INDIA PRIVATE LIMITED,1498599.00, 0.00,,0.00,,0,0, Approved, 
QB,Supplier Invoice,2102,1289,24-06-2024,TMS & HTMS Exp.,TMS AMC,TMS AMC,,TMS AMC,TECHSTURE TECHNOLOGIES INDIA PRIVATE LIMITED,0.00, ,0.00,124883.00,,0,0, Completed, 
QB,Supplier Invoice,2310,1289,09-07-2024,TMS & HTMS Exp.,TMS AMC,TMS AMC,,TMS AMC,TECHSTURE TECHNOLOGIES INDIA PRIVATE LIMITED,0.00, ,0.00,124883.00,,0,0, Completed, 
QB,Budget Balances,  , , 01-04-2024 ,TMS & HTMS Exp.,TMS Spares,TMS Spares,944000.00,,,,,,,0.00,944000.00,, , 
QB,Supplier Invoice,1888,1197,05-06-2024,TMS & HTMS Exp.,TMS Spares,TMS Spares,,Static Bridge Repair,TECHSTURE TECHNOLOGIES INDIA PRIVATE LIMITED,0.00, ,0.00,46079.00,,,, Completed, 
QB,Purchase Order,1467,1467,10-07-2024,TMS & HTMS Exp.,TMS Spares,TMS Spares,,SSL Domain fees,TECHSTURE TECHNOLOGIES INDIA PRIVATE LIMITED,14718.00, 14718.00,,0.00,,0,0, Approved, 
QB,Supplier Invoice,2501,1467,25-07-2024,TMS & HTMS Exp.,TMS Spares,TMS Spares,,SSL Domain fees,TECHSTURE TECHNOLOGIES INDIA PRIVATE LIMITED,0.00, ,0.00,14718.00,,0,0, Completed, 
QB,Purchase Order,1435,1435,05-07-2024,TMS & HTMS Exp.,TMS Spares,TMS Spares,,Boom Barrier Controller Card,TECHSTURE TECHNOLOGIES INDIA PRIVATE LIMITED,48380.00, 0.00,,0.00,,0,0, Approved, 
QB,Purchase Order,1197,1197,24-05-2024,TMS & HTMS Exp.,TMS Spares,TMS Spares,,Static Bridge Repair,TECHSTURE TECHNOLOGIES INDIA PRIVATE LIMITED,46079.00, 0.00,,0.00,,0,0, Approved, 
QB,Supplier Invoice,2475,1435,22-07-2024,TMS & HTMS Exp.,TMS Spares,TMS Spares,,Boom Barrier Controller Card,TECHSTURE TECHNOLOGIES INDIA PRIVATE LIMITED,0.00, ,0.00,48380.00,,0,0, Completed, 
QB,Budget Balances,  , , 01-04-2024 ,E & M Exp.,ITMS AMC,ITMS AMC,14761800.00,,,,,,,0.00,14761800.00,, , 
QB,Supplier Invoice,2311,1299,09-07-2024,E & M Exp.,ITMS AMC,ITMS AMC,,ITMS AMC,HONEYWELL AUTOMATION INDIA LIMITED,0.00, ,0.00,3690450.00,,,, Completed, 
QB,Purchase Order,1299,1299,08-06-2024,E & M Exp.,ITMS AMC,ITMS AMC,,ITMS AMC,HONEYWELL AUTOMATION INDIA LIMITED,14761800.00, 14761800.00,,0.00,,0,0, Approved, 
QB,Budget Balances,  , , 01-04-2024 ,E & M Exp.,Electrical Spares ( incld Pumps and welding Machine ),Electrical Spares ( incld Pumps and welding Machine ),2208960.00,,,,,,,0.00,2208960.00,, , 
QB,Purchase Order,1470,1470,11-07-2024,E & M Exp.,Electrical Spares ( incld Pumps and welding Machine ),Electrical Spares ( incld Pumps and welding Machine ),,SWITCHS (6AMP),PURANDRE & PURANDRES COMPANY,191.00, 191.00,,0.00,,,, Approved, 
QB,Purchase Order,1095,1095,09-05-2024,E & M Exp.,Electrical Spares ( incld Pumps and welding Machine ),Electrical Spares ( incld Pumps and welding Machine ),,LED DRIVERS 150W,SJK TRADING CO,134520.00, 0.00,,0.00,,0,0, Approved, 
QB,Supplier Invoice,1699,1095,13-05-2024,E & M Exp.,Electrical Spares ( incld Pumps and welding Machine ),Electrical Spares ( incld Pumps and welding Machine ),,SURGE ARRESTOR 150 WT,SJK TRADING CO,0.00, ,0.00,134520.00,,0,0, Completed, 
QB,Purchase Order,1470,1470,11-07-2024,E & M Exp.,Electrical Spares ( incld Pumps and welding Machine ),Electrical Spares ( incld Pumps and welding Machine ),,PVC CONDUIT 3/4,PURANDRE & PURANDRES COMPANY,3766.00, 3766.00,,0.00,,0,0, Approved, 
QB,Purchase Order,1472,1472,11-07-2024,E & M Exp.,Electrical Spares ( incld Pumps and welding Machine ),Electrical Spares ( incld Pumps and welding Machine ),,Led Batton Light 40wt,Technical Solutions,23600.00, 23600.00,,0.00,,0,0, Approved, 
QB,Purchase Order,1470,1470,11-07-2024,E & M Exp.,Electrical Spares ( incld Pumps and welding Machine ),Electrical Spares ( incld Pumps and welding Machine ),,SS Combine With box(16 amp),PURANDRE & PURANDRES COMPANY,1752.00, 1752.00,,0.00,,0,0, Approved, 
QB,Purchase Order,1095,1095,09-05-2024,E & M Exp.,Electrical Spares ( incld Pumps and welding Machine ),Electrical Spares ( incld Pumps and welding Machine ),,SURGE ARRESTOR 150 WT,SJK TRADING CO,26904.00, 0.00,,0.00,,0,0, Approved, 
QB,Purchase Order,1470,1470,11-07-2024,E & M Exp.,Electrical Spares ( incld Pumps and welding Machine ),Electrical Spares ( incld Pumps and welding Machine ),,CABLE CU 3C 16SQMM,PURANDRE & PURANDRES COMPANY,13010.00, 13010.00,,0.00,,0,0, Approved, 
QB,Purchase Order,1470,1470,11-07-2024,E & M Exp.,Electrical Spares ( incld Pumps and welding Machine ),Electrical Spares ( incld Pumps and welding Machine ),,G-Way box (5 way),PURANDRE & PURANDRES COMPANY,527.00, 527.00,,0.00,,0,0, Approved, 
QB,Purchase Order,1470,1470,11-07-2024,E & M Exp.,Electrical Spares ( incld Pumps and welding Machine ),Electrical Spares ( incld Pumps and welding Machine ),,Geyser Elements (2000 w),PURANDRE & PURANDRES COMPANY,1416.00, 1416.00,,0.00,,0,0, Approved, 
QB,Purchase Order,1470,1470,11-07-2024,E & M Exp.,Electrical Spares ( incld Pumps and welding Machine ),Electrical Spares ( incld Pumps and welding Machine ),,6Amp 5 Pin Socket 2Module,PURANDRE & PURANDRES COMPANY,578.00, 578.00,,0.00,,0,0, Approved, 
QB,Operating Expense,4217,0,06-05-2024,E & M Exp.,Electrical Spares ( incld Pumps and welding Machine ),Electrical Spares ( incld Pumps and welding Machine ),,WELDING LEAD ALUMINIUM,GOOD WILL TRADERS,0.00, ,0.00,8991.60,,0,0, Completed, 
QB,Supplier Invoice,2479,1480,23-07-2024,E & M Exp.,Electrical Spares ( incld Pumps and welding Machine ),Electrical Spares ( incld Pumps and welding Machine ),,LED LIGHT 250WT,Shreshth Techinfra Solution,0.00, ,0.00,46256.00,,0,0, Completed, 
QB,Purchase Order,1470,1470,11-07-2024,E & M Exp.,Electrical Spares ( incld Pumps and welding Machine ),Electrical Spares ( incld Pumps and welding Machine ),,MCB BOX (6WAY),PURANDRE & PURANDRES COMPANY,1328.00, 1328.00,,0.00,,0,0, Approved, 
QB,Purchase Order,1480,1480,15-07-2024,E & M Exp.,Electrical Spares ( incld Pumps and welding Machine ),Electrical Spares ( incld Pumps and welding Machine ),,LED LIGHT 250WT,Shreshth Techinfra Solution,46256.00, 0.00,,0.00,,0,0, Approved, 
QB,Purchase Order,1470,1470,11-07-2024,E & M Exp.,Electrical Spares ( incld Pumps and welding Machine ),Electrical Spares ( incld Pumps and welding Machine ),,Tripple pole L&T DNO- 100C MCCB Thermal Magnetic,PURANDRE & PURANDRES COMPANY,22391.00, 22391.00,,0.00,,0,0, Approved, 
QB,Purchase Order,1470,1470,11-07-2024,E & M Exp.,Electrical Spares ( incld Pumps and welding Machine ),Electrical Spares ( incld Pumps and welding Machine ),,15 A 3 pin Top plug ,PURANDRE & PURANDRES COMPANY,485.00, 485.00,,0.00,,0,0, Approved, 
QB,Operating Expense,4225,0,08-05-2024,E & M Exp.,Electrical Spares ( incld Pumps and welding Machine ),Electrical Spares ( incld Pumps and welding Machine ),,WELDING LEAD ALUMINIUM,GOOD WILL TRADERS,0.00, ,0.00,5994.40,,0,0, Completed, 
QB,Supplier Invoice,2572,1518,01-08-2024,E & M Exp.,Electrical Spares ( incld Pumps and welding Machine ),Electrical Spares ( incld Pumps and welding Machine ),,WALL FAN 300MM,Shreshth Techinfra Solution,0.00, ,0.00,22054.00,,0,0, Completed, 
QB,Supplier Invoice,1699,1095,13-05-2024,E & M Exp.,Electrical Spares ( incld Pumps and welding Machine ),Electrical Spares ( incld Pumps and welding Machine ),,LED DRIVERS 150W,SJK TRADING CO,0.00, ,0.00,26904.00,,0,0, Completed, 
QB,Purchase Order,1470,1470,11-07-2024,E & M Exp.,Electrical Spares ( incld Pumps and welding Machine ),Electrical Spares ( incld Pumps and welding Machine ),,MCB BOX (2WAY),PURANDRE & PURANDRES COMPANY,1033.00, 1033.00,,0.00,,0,0, Approved, 
QB,Purchase Order,1518,1518,22-07-2024,E & M Exp.,Electrical Spares ( incld Pumps and welding Machine ),Electrical Spares ( incld Pumps and welding Machine ),,WALL FAN 300MM,Shreshth Techinfra Solution,22054.00, 0.00,,0.00,,0,0, Approved, 
QB,Budget Balances,  , , 01-04-2024 ,E & M Exp.,Electrical AMC,Electrical AMC,4148880.00,,,,,,,0.00,4148880.00,, , 
QB,Purchase Order,1430,1430,04-07-2024,E & M Exp.,Electrical AMC,Electrical AMC,,JKPDCL,Jammu Power Distribution Corporation Ltd.,2271028.00, 2271028.00,,0.00,,,, Approved, 
QB,Budget Balances,  , , 01-04-2024 ,Vehicle Running & Maintenance Exp.,Vehicle/DG/ Snow clearance Fuel,Vehicle/DG/ Snow clearance Fuel,4082248.00,,,,,,,0.00,4082248.00,, , 
QB,Supplier Invoice,1644,1016,06-05-2024,Vehicle Running & Maintenance Exp.,Vehicle/DG/ Snow clearance Fuel,Vehicle/DG/ Snow clearance Fuel,,Vehicle Fuel,GOUSIA FILLING STATION,0.00, ,0.00,171428.00,,,, Completed, 
QB,Supplier Invoice,2442,1321,18-07-2024,Vehicle Running & Maintenance Exp.,Vehicle/DG/ Snow clearance Fuel,Vehicle/DG/ Snow clearance Fuel,,Vehicle Fuel,GOUSIA FILLING STATION,0.00, ,0.00,76850.00,,0,0, Completed, 
QB,Supplier Invoice,1889,1016,05-06-2024,Vehicle Running & Maintenance Exp.,Vehicle/DG/ Snow clearance Fuel,Vehicle/DG/ Snow clearance Fuel,,Vehicle Fuel,GOUSIA FILLING STATION,0.00, ,0.00,161983.00,,0,0, Completed, 
QB,Supplier Invoice,1613,1016,03-05-2024,Vehicle Running & Maintenance Exp.,Vehicle/DG/ Snow clearance Fuel,Vehicle/DG/ Snow clearance Fuel,,Vehicle Fuel,GOUSIA FILLING STATION,0.00, ,0.00,159817.00,,0,0, Completed, 
QB,Supplier Invoice,2262,1321,05-07-2024,Vehicle Running & Maintenance Exp.,Vehicle/DG/ Snow clearance Fuel,Vehicle/DG/ Snow clearance Fuel,,Vehicle Fuel,GOUSIA FILLING STATION,0.00, ,0.00,59833.00,,0,0, Completed, 
QB,Supplier Invoice,2632,1321,06-08-2024,Vehicle Running & Maintenance Exp.,Vehicle/DG/ Snow clearance Fuel,Vehicle/DG/ Snow clearance Fuel,,Vehicle Fuel,GOUSIA FILLING STATION,0.00, ,0.00,35386.00,,0,0, Completed, 
QB,Supplier Invoice,2094,1321,21-06-2024,Vehicle Running & Maintenance Exp.,Vehicle/DG/ Snow clearance Fuel,Vehicle/DG/ Snow clearance Fuel,,Vehicle Fuel,GOUSIA FILLING STATION,0.00, ,0.00,148108.00,,0,0, Completed, 
QB,Supplier Invoice,1766,1016,21-05-2024,Vehicle Running & Maintenance Exp.,Vehicle/DG/ Snow clearance Fuel,Vehicle/DG/ Snow clearance Fuel,,Vehicle Fuel,GOUSIA FILLING STATION,0.00, ,0.00,192849.00,,0,0, Completed, 
QB,Purchase Order,1321,1321,12-06-2024,Vehicle Running & Maintenance Exp.,Vehicle/DG/ Snow clearance Fuel,Vehicle/DG/ Snow clearance Fuel,,Vehicle Fuel,GOUSIA FILLING STATION,3382248.00, 0.00,,0.00,,0,0, Approved, 
QB,Purchase Order,1016,1016,30-04-2024,Vehicle Running & Maintenance Exp.,Vehicle/DG/ Snow clearance Fuel,Vehicle/DG/ Snow clearance Fuel,,Vehicle Fuel,GOUSIA FILLING STATION,700000.00, 0.00,,0.00,,0,0, Approved, 
QB,Budget Balances,  , , 01-04-2024 ,Vehicle Running & Maintenance Exp.,Vehicle Repair and Maintenance,Vehicle Repair and Maintenance,590000.00,,,,,,,0.00,590000.00,, , 
QB,Operating Expense,4224,0,07-05-2024,Vehicle Running & Maintenance Exp.,Vehicle Repair and Maintenance,Vehicle Repair and Maintenance,,Vehicle Repair and Maintenance,Wani Auto Parts & General Order Supplier,0.00, ,0.00,3469.20,,,, Completed, 
QB,Regular Expense,4276,0,21-05-2024,Vehicle Running & Maintenance Exp.,Vehicle Repair and Maintenance,Vehicle Repair and Maintenance,,Repair of Vehicle,Ankur Gupta,0.00, ,0.00,5000.00,,0,0, Completed, 
QB,Budget Balances,  , , 01-04-2024 ,Vehicle Running & Maintenance Exp.,Vehicle Hire Charges,Vehicle Hire Charges,2234400.00,,,,,,,0.00,2234400.00,, , 
QB,Supplier Invoice,2022,1275,13-06-2024,Vehicle Running & Maintenance Exp.,Vehicle Hire Charges,Vehicle Hire Charges,,Vehicle Hire Charges Contractor-QB,NASEER AHMED,0.00, ,0.00,25370.00,,,, Completed, 
QB,Purchase Order,1622,1622,12-08-2024,Vehicle Running & Maintenance Exp.,Vehicle Hire Charges,Vehicle Hire Charges,,Vehicle Hire Charges Contractor-QB,NASEER AHMED,47200.00, 47200.00,,0.00,,0,0, Submitted, 
QB,Supplier Invoice,1735,1030,14-05-2024,Vehicle Running & Maintenance Exp.,Vehicle Hire Charges,Vehicle Hire Charges,,Vehicle Hire Charges Contractor-QB,Atta Mohd Khan,0.00, ,0.00,86607.00,,0,0, Completed, 
QB,Purchase Order,1275,1275,06-06-2024,Vehicle Running & Maintenance Exp.,Vehicle Hire Charges,Vehicle Hire Charges,,Vehicle Hire Charges Contractor-QB,NASEER AHMED,145000.00, 0.00,,0.00,,0,0, Closed, 
QB,Supplier Invoice,2649,1405,07-08-2024,Vehicle Running & Maintenance Exp.,Vehicle Hire Charges,Vehicle Hire Charges,,Vehicle Hire Charges Contractor-QB,NAZIA BEGUM,0.00, ,0.00,79409.00,,0,0, Completed, 
QB,Supplier Invoice,1984,1030,12-06-2024,Vehicle Running & Maintenance Exp.,Vehicle Hire Charges,Vehicle Hire Charges,,Vehicle Hire Charges Contractor-QB,Atta Mohd Khan,0.00, ,0.00,96803.00,,0,0, Completed, 
QB,Supplier Invoice,2666,1390,08-08-2024,Vehicle Running & Maintenance Exp.,Vehicle Hire Charges,Vehicle Hire Charges,,Vehicle Hire Charges Contractor-QB,Atta Mohd Khan,0.00, ,0.00,89147.00,,0,0, Completed, 
QB,Purchase Order,1030,1030,02-05-2024,Vehicle Running & Maintenance Exp.,Vehicle Hire Charges,Vehicle Hire Charges,,Vehicle Hire Charges Contractor-QB,Atta Mohd Khan,190000.00, 0.00,,0.00,,0,0, Approved, 
QB,Purchase Order,1390,1390,26-06-2024,Vehicle Running & Maintenance Exp.,Vehicle Hire Charges,Vehicle Hire Charges,,Vehicle Hire Charges Contractor-QB,Atta Mohd Khan,997500.00, 0.00,,0.00,,0,0, Approved, 
QB,Supplier Invoice,2464,1405,19-07-2024,Vehicle Running & Maintenance Exp.,Vehicle Hire Charges,Vehicle Hire Charges,,Vehicle Hire Charges Contractor-QB,NAZIA BEGUM,0.00, ,0.00,68945.00,,0,0, Completed, 
QB,Supplier Invoice,2291,1390,08-07-2024,Vehicle Running & Maintenance Exp.,Vehicle Hire Charges,Vehicle Hire Charges,,Vehicle Hire Charges Contractor-QB,Atta Mohd Khan,0.00, ,0.00,85178.00,,0,0, Completed, 
QB,Purchase Order,1405,1405,01-07-2024,Vehicle Running & Maintenance Exp.,Vehicle Hire Charges,Vehicle Hire Charges,,Vehicle Hire Charges Contractor-QB,NAZIA BEGUM,840000.00, 0.00,,0.00,,0,0, Approved, 
QB,Supplier Invoice,2032,1275,14-06-2024,Vehicle Running & Maintenance Exp.,Vehicle Hire Charges,Vehicle Hire Charges,,Vehicle Hire Charges Contractor-QB,NASEER AHMED,0.00, ,0.00,47200.00,,0,0, Completed, 
QB,Supplier Invoice,2021,1275,13-06-2024,Vehicle Running & Maintenance Exp.,Vehicle Hire Charges,Vehicle Hire Charges,,Vehicle Hire Charges Contractor-QB,NASEER AHMED,0.00, ,0.00,29598.00,,0,0, Completed, 
QB,Supplier Invoice,2534,1275,29-07-2024,Vehicle Running & Maintenance Exp.,Vehicle Hire Charges,Vehicle Hire Charges,,Vehicle Hire Charges Contractor-QB,NASEER AHMED,0.00, ,0.00,47200.00,,0,0, Draft, 
QB,Budget Balances,  , , 01-04-2024 ,Vehicle Running & Maintenance Exp.,RPV Vehicle hire charges,RPV Vehicle hire charges,1296036.00,,,,,,,0.00,1296036.00,, , 
QB,Supplier Invoice,2704,1451,12-08-2024,Vehicle Running & Maintenance Exp.,RPV Vehicle hire charges,RPV Vehicle hire charges,,02 NO OF ROUTE PATROLLING VEHICLES ON MONTHLY HIRE,JAMMU CRANE SERVICE,0.00, ,0.00,56640.00,,,, Completed, 
QB,Supplier Invoice,2706,1451,12-08-2024,Vehicle Running & Maintenance Exp.,RPV Vehicle hire charges,RPV Vehicle hire charges,,02 NO OF ROUTE PATROLLING VEHICLES ON MONTHLY HIRE,JAMMU CRANE SERVICE,0.00, ,0.00,56640.00,,0,0, Completed, 
QB,Supplier Invoice,1700,1052,13-05-2024,Vehicle Running & Maintenance Exp.,RPV Vehicle hire charges,RPV Vehicle hire charges,,02 NO OF ROUTE PATROLLING VEHICLES ON MONTHLY HIRE,JAMMU CRANE SERVICE,0.00, ,0.00,56640.00,,0,0, Completed, 
QB,Purchase Order,1451,1451,08-07-2024,Vehicle Running & Maintenance Exp.,RPV Vehicle hire charges,RPV Vehicle hire charges,,02 NO OF ROUTE PATROLLING VEHICLES ON MONTHLY HIRE,JAMMU CRANE SERVICE,1019520.00, 0.00,,0.00,,0,0, Approved, 
QB,Supplier Invoice,2422,1451,16-07-2024,Vehicle Running & Maintenance Exp.,RPV Vehicle hire charges,RPV Vehicle hire charges,,02 NO OF ROUTE PATROLLING VEHICLES ON MONTHLY HIRE,JAMMU CRANE SERVICE,0.00, ,0.00,56640.00,,0,0, Completed, 
QB,Supplier Invoice,2374,1451,12-07-2024,Vehicle Running & Maintenance Exp.,RPV Vehicle hire charges,RPV Vehicle hire charges,,02 NO OF ROUTE PATROLLING VEHICLES ON MONTHLY HIRE,JAMMU CRANE SERVICE,0.00, ,0.00,56640.00,,0,0, Completed, 
QB,Supplier Invoice,2024,1052,13-06-2024,Vehicle Running & Maintenance Exp.,RPV Vehicle hire charges,RPV Vehicle hire charges,,02 NO OF ROUTE PATROLLING VEHICLES ON MONTHLY HIRE,JAMMU CRANE SERVICE,0.00, ,0.00,56640.00,,0,0, Completed, 
QB,Supplier Invoice,1707,1052,13-05-2024,Vehicle Running & Maintenance Exp.,RPV Vehicle hire charges,RPV Vehicle hire charges,,02 NO OF ROUTE PATROLLING VEHICLES ON MONTHLY HIRE,JAMMU CRANE SERVICE,0.00, ,0.00,56640.00,,0,0, Completed, 
QB,Supplier Invoice,2025,1052,13-06-2024,Vehicle Running & Maintenance Exp.,RPV Vehicle hire charges,RPV Vehicle hire charges,,02 NO OF ROUTE PATROLLING VEHICLES ON MONTHLY HIRE,JAMMU CRANE SERVICE,0.00, ,0.00,56640.00,,0,0, Completed, 
QB,Purchase Order,1052,1052,04-05-2024,Vehicle Running & Maintenance Exp.,RPV Vehicle hire charges,RPV Vehicle hire charges,,02 NO OF ROUTE PATROLLING VEHICLES ON MONTHLY HIRE,JAMMU CRANE SERVICE,226560.00, 0.00,,0.00,,0,0, Approved, 
QB,Budget Balances,  , , 01-04-2024 ,Vehicle Running & Maintenance Exp.,Vehicle Insurance,Vehicle Insurance,236000.00,,,,,,,0.00,236000.00,, , 
QB,Purchase Order,1222,1222,30-05-2024,Vehicle Running & Maintenance Exp.,Vehicle Insurance,Vehicle Insurance,,REGESTERATION CHARGES OF SWEEPING MACHINE,MUDASIR HAMID DAR,88401.00, 88401.00,,0.00,,,, Approved, 
QB,Purchase Order,1439,1439,05-07-2024,Vehicle Running & Maintenance Exp.,Vehicle Insurance,Vehicle Insurance,,INSURANCE OF WATER TANKER ,CHOUHAN CONSTRUCTION COMPANY,8797.00, 8797.00,,0.00,,0,0, Approved, 
QB,Purchase Order,1222,1222,30-05-2024,Vehicle Running & Maintenance Exp.,Vehicle Insurance,Vehicle Insurance,,CONSULTANCY CHARGES FOR REGISTRATION OF SWEEPING M,MUDASIR HAMID DAR,50000.00, 50000.00,,0.00,,0,0, Approved, 
QB,Purchase Order,1439,1439,05-07-2024,Vehicle Running & Maintenance Exp.,Vehicle Insurance,Vehicle Insurance,,INSURANCE OF AMBULANCE JK18-2639,CHOUHAN CONSTRUCTION COMPANY,37558.00, 37558.00,,0.00,,0,0, Approved, 
QB,Supplier Invoice,2445,1439,18-07-2024,Vehicle Running & Maintenance Exp.,Vehicle Insurance,Vehicle Insurance,,INSURANCE OF WATER TANKER ,CHOUHAN CONSTRUCTION COMPANY,0.00, ,0.00,8797.00,,0,0, Completed, 
QB,Supplier Invoice,2445,1439,18-07-2024,Vehicle Running & Maintenance Exp.,Vehicle Insurance,Vehicle Insurance,,INSURANCE OF AMBULANCE JK18-2639,CHOUHAN CONSTRUCTION COMPANY,0.00, ,0.00,37558.00,,0,0, Completed, 
QB,Budget Balances,  , , 01-04-2024 ,Vehicle Running & Maintenance Exp.,E&M Vehicle Hire,E&M Vehicle Hire,756000.00,,,,,,,0.00,756000.00,, , 
QB,Purchase Order,1408,1408,01-07-2024,Vehicle Running & Maintenance Exp.,E&M Vehicle Hire,E&M Vehicle Hire,,E&M Vehicle Hire,Anisa Begum,628686.00, 0.00,,0.00,,,, Approved, 
QB,Supplier Invoice,1986,1260,12-06-2024,Vehicle Running & Maintenance Exp.,E&M Vehicle Hire,E&M Vehicle Hire,,E&M Vehicle Hire,Anisa Begum,0.00, ,0.00,64911.00,,0,0, Completed, 
QB,Supplier Invoice,2377,1408,12-07-2024,Vehicle Running & Maintenance Exp.,E&M Vehicle Hire,E&M Vehicle Hire,,E&M Vehicle Hire,Anisa Begum,0.00, ,0.00,56187.00,,0,0, Completed, 
QB,Purchase Order,1260,1260,05-06-2024,Vehicle Running & Maintenance Exp.,E&M Vehicle Hire,E&M Vehicle Hire,,E&M Vehicle Hire,Anisa Begum,65000.00, 0.00,,0.00,,0,0, Approved, 
QB,Purchase Order,1073,1073,08-05-2024,Vehicle Running & Maintenance Exp.,E&M Vehicle Hire,E&M Vehicle Hire,,E&M Vehicle Hire,Anisa Begum,100000.00, 0.00,,0.00,,0,0, Closed, 
QB,Supplier Invoice,1745,1073,15-05-2024,Vehicle Running & Maintenance Exp.,E&M Vehicle Hire,E&M Vehicle Hire,,E&M Vehicle Hire,Anisa Begum,0.00, ,0.00,62313.00,,0,0, Completed, 
QB,Supplier Invoice,2667,1408,08-08-2024,Vehicle Running & Maintenance Exp.,E&M Vehicle Hire,E&M Vehicle Hire,,E&M Vehicle Hire,Anisa Begum,0.00, ,0.00,61631.00,,0,0, Completed, 
QB,Budget Balances,  , , 01-04-2024 ,Personal Exp.,Staff Salary,Staff Salary,20283980.00,,,,,,,0.00,20283980.00,, , 
QB,Purchase Order,1127,1127,14-05-2024,Personal Exp.,Staff Salary,Staff Salary,,Professional Fees-Aftab,Aftab Ahmad Darvesh,324500.00, 0.00,,0.00,,,, Approved, 
QB,Purchase Order,1639,1639,16-08-2024,Personal Exp.,Staff Salary,Staff Salary,,Professional Fees-Aftab,Aftab Ahmad Darvesh,778800.00, 0.00,,0.00,,0,0, Approved, 
QB,Supplier Invoice,2764,1639,19-08-2024,Personal Exp.,Staff Salary,Staff Salary,,Professional Fees-Aftab,Aftab Ahmad Darvesh,0.00, ,0.00,389400.00,,0,0, Submitted, 
QB,Supplier Invoice,2765,1639,19-08-2024,Personal Exp.,Staff Salary,Staff Salary,,Professional Fees-Aftab,Aftab Ahmad Darvesh,0.00, ,0.00,389400.00,,0,0, Submitted, 
QB,Supplier Invoice,1770,1127,22-05-2024,Personal Exp.,Staff Salary,Staff Salary,,Professional Fees-Aftab,Aftab Ahmad Darvesh,0.00, ,0.00,324500.00,,0,0, Completed, 
QB,Budget Balances,  , , 01-04-2024 ,Personal Exp.,Hotel & Travel Expense,Hotel & Travel Expense,590000.00,,,,,,,0.00,590000.00,, , 
QB,Regular Expense,4337,0,30-05-2024,Personal Exp.,Hotel & Travel Expense,Hotel & Travel Expense,,Hotel & Travelling Expenses,Ankur Gupta,0.00, ,0.00,4000.00,,,, Completed, 
QB,Travel Expense,4131,0,29-04-2024,Personal Exp.,Hotel & Travel Expense,Hotel & Travel Expense,,Hotel & Travelling Expenses,Kuldeep Singh,0.00, ,0.00,148.00,,0,0, Completed, 
QB,Regular Expense,4126,0,29-04-2024,Personal Exp.,Hotel & Travel Expense,Hotel & Travel Expense,,Hotel & Travelling Expenses,Ankur Gupta,0.00, ,0.00,4500.00,,0,0, Completed, 
QB,Supplier Invoice,2132,1264,25-06-2024,Personal Exp.,Hotel & Travel Expense,Hotel & Travel Expense,,Travel Expenses,Uniglobe Mod Travel ,0.00, ,0.00,92188.00,,0,0, Completed, 
QB,Regular Expense,4148,0,01-05-2024,Personal Exp.,Hotel & Travel Expense,Hotel & Travel Expense,,Travel Expenses,Waseem Rasool Kamal,0.00, ,0.00,11050.00,,0,0, Draft, 
QB,Supplier Invoice,2256,1264,04-07-2024,Personal Exp.,Hotel & Travel Expense,Hotel & Travel Expense,,Travel Expenses,Uniglobe Mod Travel ,0.00, ,0.00,18904.00,,0,0, Completed, 
QB,Travel Expense,4775,0,16-08-2024,Personal Exp.,Hotel & Travel Expense,Hotel & Travel Expense,,Travel Expenses,Ranganathan N,0.00, ,0.00,207.00,,0,0, Submitted, 
QB,Regular Expense,4357,0,03-06-2024,Personal Exp.,Hotel & Travel Expense,Hotel & Travel Expense,,Hotel & Travelling Expenses,Ankur Gupta,0.00, ,0.00,5000.00,,0,0, Completed, 
QB,Supplier Invoice,2111,1264,25-06-2024,Personal Exp.,Hotel & Travel Expense,Hotel & Travel Expense,,Travel Expenses,Uniglobe Mod Travel ,0.00, ,0.00,47482.00,,0,0, Completed, 
QB,Regular Expense,4338,0,30-05-2024,Personal Exp.,Hotel & Travel Expense,Hotel & Travel Expense,,Hotel & Travelling Expenses,Ankur Gupta,0.00, ,0.00,14500.00,,0,0, Completed, 
QB,Regular Expense,4231,0,11-05-2024,Personal Exp.,Hotel & Travel Expense,Hotel & Travel Expense,,Hotel & Travelling Expenses,Ankur Gupta,0.00, ,0.00,8400.00,,0,0, Completed, 
QB,Travel Expense,4775,0,16-08-2024,Personal Exp.,Hotel & Travel Expense,Hotel & Travel Expense,,Travel Expenses,Ranganathan N,0.00, ,0.00,501.00,,0,0, Submitted, 
QB,Travel Expense,4403,0,11-06-2024,Personal Exp.,Hotel & Travel Expense,Hotel & Travel Expense,,Travel Expenses,S.V.Koteswara Rao,0.00, ,0.00,544.00,,0,0, Completed, 
QB,Supplier Invoice,2114,1264,25-06-2024,Personal Exp.,Hotel & Travel Expense,Hotel & Travel Expense,,Travel Expenses,Uniglobe Mod Travel ,0.00, ,0.00,170282.00,,0,0, Completed, 
QB,Travel Expense,4131,0,29-04-2024,Personal Exp.,Hotel & Travel Expense,Hotel & Travel Expense,,Hotel & Travelling Expenses,Kuldeep Singh,0.00, ,0.00,100.00,,0,0, Completed, 
QB,Regular Expense,4125,0,29-04-2024,Personal Exp.,Hotel & Travel Expense,Hotel & Travel Expense,,Hotel & Travelling Expenses,Ankur Gupta,0.00, ,0.00,9500.00,,0,0, Completed, 
QB,Supplier Invoice,2115,1264,25-06-2024,Personal Exp.,Hotel & Travel Expense,Hotel & Travel Expense,,Travel Expenses,Uniglobe Mod Travel ,0.00, ,0.00,57050.00,,0,0, Completed, 
QB,Purchase Order,1264,1264,05-06-2024,Personal Exp.,Hotel & Travel Expense,Hotel & Travel Expense,,Travel Expenses,Uniglobe Mod Travel ,500000.00, 0.00,,0.00,,0,0, Approved, 
QB,Operating Expense,4378,0,05-06-2024,Personal Exp.,Hotel & Travel Expense,Hotel & Travel Expense,,Vehicle Hiring Charges-Speedways,SPEEDWAYS HOSPITALITY AND TRAVEL SOLUTIONS PRIVATE LIMITED,0.00, ,0.00,3832.50,,0,0, Completed, 
QB,Travel Expense,4207,0,08-05-2024,Personal Exp.,Hotel & Travel Expense,Hotel & Travel Expense,,Hotel & Travelling Expenses,Waseem Rasool Kamal,0.00, ,0.00,11050.00,,0,0, Completed, 
QB,Regular Expense,4361,0,03-06-2024,Personal Exp.,Hotel & Travel Expense,Hotel & Travel Expense,,Hotel & Travelling Expenses,Ankur Gupta,0.00, ,0.00,3000.00,,0,0, Completed, 
QB,Travel Expense,4131,0,29-04-2024,Personal Exp.,Hotel & Travel Expense,Hotel & Travel Expense,,Hotel & Travelling Expenses,Kuldeep Singh,0.00, ,0.00,750.00,,0,0, Completed, 
QB,Supplier Invoice,2131,1264,25-06-2024,Personal Exp.,Hotel & Travel Expense,Hotel & Travel Expense,,Travel Expenses,Uniglobe Mod Travel ,0.00, ,0.00,92188.00,,0,0, Completed, 
QB,Supplier Invoice,2566,1264,01-08-2024,Personal Exp.,Hotel & Travel Expense,Hotel & Travel Expense,,Travel Expenses,Uniglobe Mod Travel ,0.00, ,0.00,29022.00,,0,0, Draft, 
QB,Regular Expense,4356,0,03-06-2024,Personal Exp.,Hotel & Travel Expense,Hotel & Travel Expense,,Hotel & Travelling Expenses,Ankur Gupta,0.00, ,0.00,4500.00,,0,0, Completed, 
QB,Budget Balances,  , , 01-04-2024 ,Personal Exp.,Mobile Reimbursement,Mobile Reimbursement,211220.00,,,,,,,0.00,211220.00,, , 
QB,Regular Expense,4531,0,09-07-2024,Personal Exp.,Mobile Reimbursement,Mobile Reimbursement,,Mobile Bill / Data Card,Waseem Rasool Kamal,0.00, ,0.00,435.42,,,, Completed, 
QB,Regular Expense,4342,0,31-05-2024,Personal Exp.,Mobile Reimbursement,Mobile Reimbursement,,Mobile Bill / Data Card,Ankur Gupta,0.00, ,0.00,1000.00,,0,0, Completed, 
QB,Regular Expense,4040,0,30-04-2024,Personal Exp.,Mobile Reimbursement,Mobile Reimbursement,,Mobile Bill / Data Card,Faisal Shah,0.00, ,0.00,899.00,,0,0, Completed, 
QB,Regular Expense,4451,0,25-06-2024,Personal Exp.,Mobile Reimbursement,Mobile Reimbursement,,Mobile Bill / Data Card,Parvaiz Ahmad Wani,0.00, ,0.00,739.00,,0,0, Completed, 
QB,Regular Expense,4488,0,02-07-2024,Personal Exp.,Mobile Reimbursement,Mobile Reimbursement,,Mobile Bill / Data Card,Ankur Gupta,0.00, ,0.00,1000.00,,0,0, Completed, 
QB,Regular Expense,4311,0,28-05-2024,Personal Exp.,Mobile Reimbursement,Mobile Reimbursement,,Mobile Bill / Data Card,Aarif Tantry,0.00, ,0.00,706.82,,0,0, Completed, 
QB,Regular Expense,4423,0,14-06-2024,Personal Exp.,Mobile Reimbursement,Mobile Reimbursement,,Mobile Bill / Data Card,Waseem Rasool Kamal,0.00, ,0.00,352.82,,0,0, Completed, 
QB,Regular Expense,4638,0,25-07-2024,Personal Exp.,Mobile Reimbursement,Mobile Reimbursement,,Mobile Bill / Data Card,Parvaiz Ahmad Wani,0.00, ,0.00,1237.82,,0,0, Completed, 
QB,Regular Expense,4352,0,03-06-2024,Personal Exp.,Mobile Reimbursement,Mobile Reimbursement,,Mobile Bill / Data Card,Shakir Rauf,0.00, ,0.00,1184.72,,0,0, Completed, 
QB,Regular Expense,4545,0,10-07-2024,Personal Exp.,Mobile Reimbursement,Mobile Reimbursement,,Mobile Bill / Data Card,Altaf Hussain Malik,0.00, ,0.00,1000.00,,0,0, Completed, 
QB,Regular Expense,4316,0,28-05-2024,Personal Exp.,Mobile Reimbursement,Mobile Reimbursement,,Mobile Bill / Data Card,Masroor Nabi,0.00, ,0.00,783.52,,0,0, Completed, 
QB,Regular Expense,4265,0,18-05-2024,Personal Exp.,Mobile Reimbursement,Mobile Reimbursement,,Mobile Bill Reimbursement,Parvaiz Ahmad Wani,0.00, ,0.00,1416.00,,0,0, Completed, 
QB,Regular Expense,4515,0,05-07-2024,Personal Exp.,Mobile Reimbursement,Mobile Reimbursement,,Mobile Bill / Data Card,Shakir Rauf,0.00, ,0.00,1178.82,,0,0, Completed, 
QB,Regular Expense,4306,0,27-05-2024,Personal Exp.,Mobile Reimbursement,Mobile Reimbursement,,Mobile Bill / Data Card,Shashi Sharma,0.00, ,0.00,1182.00,,0,0, Completed, 
QB,Regular Expense,4275,0,21-05-2024,Personal Exp.,Mobile Reimbursement,Mobile Reimbursement,,Mobile Bill Reimbursement,Faisal Shah,0.00, ,0.00,899.00,,0,0, Completed, 
QB,Regular Expense,4518,0,07-07-2024,Personal Exp.,Mobile Reimbursement,Mobile Reimbursement,,Mobile Bill / Data Card,Aarif Tantry,0.00, ,0.00,706.82,,0,0, Completed, 
QB,Regular Expense,4205,0,08-05-2024,Personal Exp.,Mobile Reimbursement,Mobile Reimbursement,,Mobile Bill / Data Card,Waseem Rasool Kamal,0.00, ,0.00,352.82,,0,0, Completed, 
QB,Regular Expense,4616,0,20-07-2024,Personal Exp.,Mobile Reimbursement,Mobile Reimbursement,,Mobile Bill / Data Card,Masroor Nabi,0.00, ,0.00,795.32,,0,0, Completed, 
QB,Regular Expense,4146,0,01-05-2024,Personal Exp.,Mobile Reimbursement,Mobile Reimbursement,,Mobile Bill / Data Card,Aarif Tantry,0.00, ,0.00,706.00,,0,0, Completed, 
QB,Regular Expense,4258,0,16-05-2024,Personal Exp.,Mobile Reimbursement,Mobile Reimbursement,,Mobile Bill / Data Card,Shakir Rauf,0.00, ,0.00,1178.82,,0,0, Completed, 
QB,Regular Expense,4253,0,14-05-2024,Personal Exp.,Mobile Reimbursement,Mobile Reimbursement,,Mobile Bill / Data Card,Masroor Nabi,0.00, ,0.00,794.14,,0,0, Completed, 
QB,Regular Expense,4746,0,12-08-2024,Personal Exp.,Mobile Reimbursement,Mobile Reimbursement,,Mobile Bill / Data Card,Faisal Shah,0.00, ,0.00,899.00,,0,0, Completed, 
QB,Regular Expense,4365,0,04-06-2024,Personal Exp.,Mobile Reimbursement,Mobile Reimbursement,,Mobile Bill / Data Card,Altaf Hussain Malik,0.00, ,0.00,1000.00,,0,0, Completed, 
QB,Regular Expense,4192,0,07-05-2024,Personal Exp.,Mobile Reimbursement,Mobile Reimbursement,,Mobile Bill / Data Card,Altaf Hussain Malik,0.00, ,0.00,1000.00,,0,0, Completed, 
QB,Regular Expense,4661,0,31-07-2024,Personal Exp.,Mobile Reimbursement,Mobile Reimbursement,,Mobile Bill / Data Card,Ankur Gupta,0.00, ,0.00,1000.00,,0,0, Completed, 
QB,Regular Expense,4537,0,10-07-2024,Personal Exp.,Mobile Reimbursement,Mobile Reimbursement,,Mobile Bill / Data Card,Faisal Shah,0.00, ,0.00,899.00,,0,0, Completed, 
QB,Regular Expense,4530,0,09-07-2024,Personal Exp.,Mobile Reimbursement,Mobile Reimbursement,,Mobile Bill / Data Card,Shashi Sharma,0.00, ,0.00,508.00,,0,0, Completed, 
QB,Regular Expense,4139,0,01-05-2024,Personal Exp.,Mobile Reimbursement,Mobile Reimbursement,,Mobile Bill / Data Card,Ankur Gupta,0.00, ,0.00,1000.00,,0,0, Completed, 
QB,Regular Expense,4066,0,29-04-2024,Personal Exp.,Mobile Reimbursement,Mobile Reimbursement,,Mobile Bill Reimbursement,Parvaiz Ahmad Wani,0.00, ,0.00,1414.82,,0,0, Completed, 
QB,Regular Expense,4723,0,08-08-2024,Personal Exp.,Mobile Reimbursement,Mobile Reimbursement,,Mobile Bill Reimbursement,Waseem Rasool Kamal,0.00, ,0.00,1423.99,,0,0, Completed, 
QB,Regular Expense,4696,0,06-08-2024,Personal Exp.,Mobile Reimbursement,Mobile Reimbursement,,Mobile Bill / Data Card,Shakir Rauf,0.00, ,0.00,1178.82,,0,0, Completed, 
QB,Regular Expense,4774,0,16-08-2024,Personal Exp.,Mobile Reimbursement,Mobile Reimbursement,,Mobile Bill / Data Card,Shashi Sharma,0.00, ,0.00,435.00,,0,0, Submitted, 
QB,Regular Expense,4398,0,10-06-2024,Personal Exp.,Mobile Reimbursement,Mobile Reimbursement,,Mobile Bill / Data Card,Faisal Shah,0.00, ,0.00,899.00,,0,0, Completed, 
QB,Budget Balances,  , , 01-04-2024 ,Personal Exp.,Staff Welfare (Includes HO guest house expenses),Staff Welfare (Includes HO guest house expenses),495600.00,,,,,,,0.00,495600.00,, , 
QB,Operating Expense,4627,0,22-07-2024,Personal Exp.,Staff Welfare (Includes HO guest house expenses),Staff Welfare (Includes HO guest house expenses),,Cooking Gas Expense,TARIQ AHMED BHAT,0.00, ,0.00,6080.00,,,, Completed, 
QB,Regular Expense,4744,0,10-08-2024,Personal Exp.,Staff Welfare (Includes HO guest house expenses),Staff Welfare (Includes HO guest house expenses),,Staff Welfare (Includes HO guest house expenses),Ankur Gupta,0.00, ,0.00,4850.00,,0,0, Completed, 
QB,Regular Expense,4631,0,24-07-2024,Personal Exp.,Staff Welfare (Includes HO guest house expenses),Staff Welfare (Includes HO guest house expenses),,Staff Welfare (Includes HO guest house expenses),Ankur Gupta,0.00, ,0.00,9000.00,,0,0, Completed, 
QB,Travel Expense,4359,0,03-06-2024,Personal Exp.,Staff Welfare (Includes HO guest house expenses),Staff Welfare (Includes HO guest house expenses),,Food & Beverages (Tea/Coffee/Water etc.) ,G Krishnamurthy,0.00, ,0.00,656.26,,0,0, Completed, 
QB,Operating Expense,4221,0,09-05-2024,Personal Exp.,Staff Welfare (Includes HO guest house expenses),Staff Welfare (Includes HO guest house expenses),,Milk Exp,ZAYDHA BEGUM,0.00, ,0.00,4200.00,,0,0, Completed, 
QB,Regular Expense,4463,0,27-06-2024,Personal Exp.,Staff Welfare (Includes HO guest house expenses),Staff Welfare (Includes HO guest house expenses),,Staff Welfare (Includes HO guest house expenses),Ankur Gupta,0.00, ,0.00,520.00,,0,0, Completed, 
QB,Operating Expense,4575,0,11-07-2024,Personal Exp.,Staff Welfare (Includes HO guest house expenses),Staff Welfare (Includes HO guest house expenses),,Milk Exp,ZAYDHA BEGUM,0.00, ,0.00,4680.00,,0,0, Completed, 
QB,Regular Expense,4718,0,08-08-2024,Personal Exp.,Staff Welfare (Includes HO guest house expenses),Staff Welfare (Includes HO guest house expenses),,Staff Welfare (Includes HO guest house expenses),Ankur Gupta,0.00, ,0.00,93201.00,,0,0, Submitted, 
QB,Operating Expense,4758,0,12-08-2024,Personal Exp.,Staff Welfare (Includes HO guest house expenses),Staff Welfare (Includes HO guest house expenses),,Staff Welfare (Includes HO guest house expenses),TARIQ AHMED BHAT,0.00, ,0.00,5200.00,,0,0, Completed, 
QB,Operating Expense,4450,0,22-06-2024,Personal Exp.,Staff Welfare (Includes HO guest house expenses),Staff Welfare (Includes HO guest house expenses),,Staffwelfare/Food/Bavarage,ITOO INDANE GAS,0.00, ,0.00,4500.00,,0,0, Completed, 
QB,Regular Expense,4617,0,20-07-2024,Personal Exp.,Staff Welfare (Includes HO guest house expenses),Staff Welfare (Includes HO guest house expenses),,Staff Welfare (Includes HO guest house expenses),Ankur Gupta,0.00, ,0.00,949.00,,0,0, Completed, 
QB,Operating Expense,4436,0,19-06-2024,Personal Exp.,Staff Welfare (Includes HO guest house expenses),Staff Welfare (Includes HO guest house expenses),,Milk Exp,ZAYDHA BEGUM,0.00, ,0.00,4860.00,,0,0, Completed, 
QB,Regular Expense,4630,0,24-07-2024,Personal Exp.,Staff Welfare (Includes HO guest house expenses),Staff Welfare (Includes HO guest house expenses),,Staff Welfare (Includes HO guest house expenses),Ankur Gupta,0.00, ,0.00,6200.00,,0,0, Completed, 
QB,Operating Expense,4339,0,30-04-2024,Personal Exp.,Staff Welfare (Includes HO guest house expenses),Staff Welfare (Includes HO guest house expenses),,Cooking Gas Expense,BHAT GAS AND ELECTRIC,0.00, ,0.00,5350.00,,0,0, Completed, 
QB,Travel Expense,4403,0,11-06-2024,Personal Exp.,Staff Welfare (Includes HO guest house expenses),Staff Welfare (Includes HO guest house expenses),,Food & Beverages (Tea/Coffee/Water etc.) ,S.V.Koteswara Rao,0.00, ,0.00,4122.67,,0,0, Completed, 
QB,Regular Expense,4314,0,28-05-2024,Personal Exp.,Staff Welfare (Includes HO guest house expenses),Staff Welfare (Includes HO guest house expenses),,Staffwelfare/Food/Bavarage,Shashi Sharma,0.00, ,0.00,750.00,,0,0, Completed, 
QB,Regular Expense,4673,0,01-08-2024,Personal Exp.,Staff Welfare (Includes HO guest house expenses),Staff Welfare (Includes HO guest house expenses),,Staff Welfare (Includes HO guest house expenses),Ankur Gupta,0.00, ,0.00,26900.00,,0,0, Completed, 
QB,Budget Balances,  , , 01-04-2024 ,Safety & ESG Exp.,Road Safety and Other Programmes ( Road Furniture and other allied items Included ),Road Safety and Other Programmes ( Road Furniture and other allied items Included ),260001.20,,,,,,,0.00,260001.20,, , 
QB,Supplier Invoice,1872,1166,04-06-2024,Safety & ESG Exp.,Road Safety and Other Programmes ( Road Furniture and other allied items Included ),Road Safety and Other Programmes ( Road Furniture and other allied items Included ),,REFILLING OF FIRE EXTINGUISHER CYL. ABC TYPE 6KG,Nirmal Traders,0.00, ,0.00,23128.00,,,, Completed, 
QB,Purchase Order,1166,1166,22-05-2024,Safety & ESG Exp.,Road Safety and Other Programmes ( Road Furniture and other allied items Included ),Road Safety and Other Programmes ( Road Furniture and other allied items Included ),,REFILLING OF FIRE EXTINGUISHER CYL. ABC TYPE 9KG,Nirmal Traders,14868.00, 0.00,,0.00,,0,0, Approved, 
QB,Supplier Invoice,1872,1166,04-06-2024,Safety & ESG Exp.,Road Safety and Other Programmes ( Road Furniture and other allied items Included ),Road Safety and Other Programmes ( Road Furniture and other allied items Included ),,REFILLING OF FIRE EXTINGUISHER CYL. ABC TYPE 9KG,Nirmal Traders,0.00, ,0.00,14868.00,,0,0, Completed, 
QB,Purchase Order,1166,1166,22-05-2024,Safety & ESG Exp.,Road Safety and Other Programmes ( Road Furniture and other allied items Included ),Road Safety and Other Programmes ( Road Furniture and other allied items Included ),,REFILLING OF FIRE EXTINGUISHER CYL. ABC TYPE 6KG,Nirmal Traders,23128.00, 0.00,,0.00,,0,0, Approved, 
QB,Budget Balances,  , , 01-04-2024 ,Safety & ESG Exp.,ESG Related Exp.,ESG Related Exp.,141600.00,,,,,,,0.00,141600.00,, , 
QB,Supplier Invoice,2718,1348,12-08-2024,Safety & ESG Exp.,ESG Related Exp.,ESG Related Exp.,,ENVIRONMENTAL MONITORING AT QB PROJECT 24-25,IDMA LABORATORIES LIMITED,0.00, ,0.00,63130.00,,,, Completed, 
QB,Supplier Invoice,2096,1111,21-06-2024,Safety & ESG Exp.,ESG Related Exp.,ESG Related Exp.,, Q-BIO MEDICAL WASTE DISPOSAL TO KASHMIR HEALTH ,Kashmir Health Care System,0.00, ,0.00,1120.00,,0,0, Completed, 
QB,Supplier Invoice,2476,1111,22-07-2024,Safety & ESG Exp.,ESG Related Exp.,ESG Related Exp.,, Q-BIO MEDICAL WASTE DISPOSAL TO KASHMIR HEALTH ,Kashmir Health Care System,0.00, ,0.00,1120.00,,0,0, Completed, 
QB,Purchase Order,1111,1111,11-05-2024,Safety & ESG Exp.,ESG Related Exp.,ESG Related Exp.,, Q-BIO MEDICAL WASTE DISPOSAL TO KASHMIR HEALTH ,Kashmir Health Care System,13440.00, 0.00,,0.00,,0,0, Approved, 
QB,Supplier Invoice,1789,1111,23-05-2024,Safety & ESG Exp.,ESG Related Exp.,ESG Related Exp.,, Q-BIO MEDICAL WASTE DISPOSAL TO KASHMIR HEALTH ,Kashmir Health Care System,0.00, ,0.00,1120.00,,0,0, Completed, 
QB,Purchase Order,1348,1348,21-06-2024,Safety & ESG Exp.,ESG Related Exp.,ESG Related Exp.,,ENVIRONMENTAL MONITORING AT QB PROJECT 24-25,IDMA LABORATORIES LIMITED,63130.00, 0.00,,0.00,,0,0, Approved, 
QB,Supplier Invoice,2709,1111,12-08-2024,Safety & ESG Exp.,ESG Related Exp.,ESG Related Exp.,, Q-BIO MEDICAL WASTE DISPOSAL TO KASHMIR HEALTH ,Kashmir Health Care System,0.00, ,0.00,1120.00,,0,0, Completed, 
QB,Budget Balances,  , , 01-04-2024 ,Safety & ESG Exp.,Safety Items,Safety Items,590000.00,,,,,,,0.00,590000.00,, , 
QB,Operating Expense,4349,0,07-05-2024,Safety & ESG Exp.,Safety Items,Safety Items,,JCB Safety Shoe Brown,Nirmal Traders,0.00, ,0.00,2799.84,,,, Completed, 
QB,Supplier Invoice,1873,1223,04-06-2024,Safety & ESG Exp.,Safety Items,Safety Items,,SAFETY SIGN BOARD CHEVRON 600MMX500MM,Nirmal Traders,0.00, ,0.00,38940.00,,0,0, Completed, 
QB,Purchase Order,1223,1223,30-05-2024,Safety & ESG Exp.,Safety Items,Safety Items,,SAFETY SIGN BOARD CHEVRON 600MMX500MM,Nirmal Traders,38940.00, 0.00,,0.00,,0,0, Approved, 
QB,Supplier Invoice,1873,1223,04-06-2024,Safety & ESG Exp.,Safety Items,Safety Items,,SAFETY SIGN BOARD HAZARD 300MMX900MM,Nirmal Traders,0.00, ,0.00,31718.00,,0,0, Completed, 
QB,Purchase Order,1223,1223,30-05-2024,Safety & ESG Exp.,Safety Items,Safety Items,,SAFETY SIGN BOARD HAZARD 300MMX900MM,Nirmal Traders,31718.00, 0.00,,0.00,,0,0, Approved, 
QB,Purchase Order,1215,1215,29-05-2024,Safety & ESG Exp.,Safety Items,Safety Items,,BOREWELL REGISTRATION FEE ,JK SINGLE WINDOW JAL SHAKTI DEPARTMENT,68200.00, 68200.00,,0.00,,0,0, Approved, 
QB,Budget Balances,  , , 01-04-2024 ,Safety & ESG Exp.,Staff PPE Kits,Staff PPE Kits,944000.00,,,,,,,0.00,944000.00,, , 
QB,Purchase Order,1247,1247,05-06-2024,Safety & ESG Exp.,Staff PPE Kits,Staff PPE Kits,,SAFETY CONE 800MM HEAVY DUTY,Nirmal Traders,118885.00, 0.00,,0.00,,,, Approved, 
QB,Supplier Invoice,2092,1247,21-06-2024,Safety & ESG Exp.,Staff PPE Kits,Staff PPE Kits,,SAFETY CONE 800MM HEAVY DUTY,Nirmal Traders,0.00, ,0.00,118885.00,,0,0, Completed, 
QB,Budget Balances,  , , 01-04-2024 ,Other Expenses ( Incl Office and IT ),IE Fee,IE Fee,8500000.00,,,,,,,0.00,8500000.00,, , 
QB,Supplier Invoice,2481,1524,23-07-2024,Other Expenses ( Incl Office and IT ),IE Fee,IE Fee,,IE FEES QB,NHAI PIU RAMBAN,0.00, ,0.00,4555940.00,,,, Completed, 
QB,Purchase Order,1524,1524,23-07-2024,Other Expenses ( Incl Office and IT ),IE Fee,IE Fee,,IE FEES QB,NHAI PIU RAMBAN,8500000.00, 8500000.00,,0.00,,0,0, Approved, 
QB,Budget Balances,  , , 01-04-2024 ,Other Expenses ( Incl Office and IT ),Professional Fees/Audit Fee/Legal Fee,Professional Fees/Audit Fee/Legal Fee,4280450.00,,,,,,,0.00,4280450.00,, , 
QB,Purchase Order,1523,1523,23-07-2024,Other Expenses ( Incl Office and IT ),Professional Fees/Audit Fee/Legal Fee,Professional Fees/Audit Fee/Legal Fee,,Legal Fees,Lumiere Law Partners,767000.00, 0.00,,0.00,,,, Approved, 
QB,Supplier Invoice,1942,1255,10-06-2024,Other Expenses ( Incl Office and IT ),Professional Fees/Audit Fee/Legal Fee,Professional Fees/Audit Fee/Legal Fee,,Towards conference,Rahul Sharma -Advocate,0.00, ,0.00,59000.00,,0,0, Completed, 
QB,Purchase Order,1255,1255,05-06-2024,Other Expenses ( Incl Office and IT ),Professional Fees/Audit Fee/Legal Fee,Professional Fees/Audit Fee/Legal Fee,,Towards miscellaneous expenses,Rahul Sharma -Advocate,11800.00, 0.00,,0.00,,0,0, Approved, 
QB,Purchase Order,1261,1261,05-06-2024,Other Expenses ( Incl Office and IT ),Professional Fees/Audit Fee/Legal Fee,Professional Fees/Audit Fee/Legal Fee,,Professional Fees-overall  GST implications,Dhruva Advisors LLP - QB,295000.00, 0.00,,0.00,,0,0, Approved, 
QB,Supplier Invoice,2141,1345,25-06-2024,Other Expenses ( Incl Office and IT ),Professional Fees/Audit Fee/Legal Fee,Professional Fees/Audit Fee/Legal Fee,,Professional fees-DSCR certificate-SD,Sandip Shah & co,0.00, ,0.00,11800.00,,0,0, Completed, 
QB,Purchase Order,1170,1170,23-05-2024,Other Expenses ( Incl Office and IT ),Professional Fees/Audit Fee/Legal Fee,Professional Fees/Audit Fee/Legal Fee,,Legal&Professional fees-protivity,Protiviti India Member Private Limited,50570.00, 0.00,,0.00,,0,0, Approved, 
QB,Supplier Invoice,2286,1172,08-07-2024,Other Expenses ( Incl Office and IT ),Professional Fees/Audit Fee/Legal Fee,Professional Fees/Audit Fee/Legal Fee,,Legal & Profession Fees  ,Protiviti India Member Private Limited,0.00, ,0.00,1117.00,,0,0, Completed, 
QB,Purchase Order,1556,1556,26-07-2024,Other Expenses ( Incl Office and IT ),Professional Fees/Audit Fee/Legal Fee,Professional Fees/Audit Fee/Legal Fee,,XBRL FILING,Anubhuti Tripathi & Associates,20886.00, 0.00,,0.00,,0,0, Approved, 
QB,Operating Expense,4456,0,24-06-2024,Other Expenses ( Incl Office and IT ),Professional Fees/Audit Fee/Legal Fee,Professional Fees/Audit Fee/Legal Fee,,Professional fees-Anubhuti,Anubhuti Tripathi & Associates,0.00, ,0.00,2950.00,,0,0, Completed, 
QB,Supplier Invoice,1841,1181,01-06-2024,Other Expenses ( Incl Office and IT ),Professional Fees/Audit Fee/Legal Fee,Professional Fees/Audit Fee/Legal Fee,,Legal & Profession Fees  ,Protiviti India Member Private Limited,0.00, ,0.00,17700.00,,0,0, Completed, 
QB,Supplier Invoice,2269,1172,05-07-2024,Other Expenses ( Incl Office and IT ),Professional Fees/Audit Fee/Legal Fee,Professional Fees/Audit Fee/Legal Fee,,Legal & Profession Fees  ,Protiviti India Member Private Limited,0.00, ,0.00,18543.00,,0,0, Completed, 
QB,Purchase Order,1121,1121,14-05-2024,Other Expenses ( Incl Office and IT ),Professional Fees/Audit Fee/Legal Fee,Professional Fees/Audit Fee/Legal Fee,,Consultancy  Charges ,NATIONAL INSTITUTE OF TECHNOLOGIES- SRINAGAR,126260.00, 126260.00,,0.00,,0,0, Approved, 
QB,Supplier Invoice,1942,1255,10-06-2024,Other Expenses ( Incl Office and IT ),Professional Fees/Audit Fee/Legal Fee,Professional Fees/Audit Fee/Legal Fee,,Towards appearance ,Rahul Sharma -Advocate,0.00, ,0.00,295000.00,,0,0, Completed, 
QB,Purchase Order,1523,1523,23-07-2024,Other Expenses ( Incl Office and IT ),Professional Fees/Audit Fee/Legal Fee,Professional Fees/Audit Fee/Legal Fee,,Out of pocket expenses,Lumiere Law Partners,3855.00, 0.00,,0.00,,0,0, Approved, 
QB,Purchase Order,1181,1181,23-05-2024,Other Expenses ( Incl Office and IT ),Professional Fees/Audit Fee/Legal Fee,Professional Fees/Audit Fee/Legal Fee,,Legal & Profession Fees  ,Protiviti India Member Private Limited,212400.00, 0.00,,0.00,,0,0, Approved, 
QB,Supplier Invoice,2333,1371,10-07-2024,Other Expenses ( Incl Office and IT ),Professional Fees/Audit Fee/Legal Fee,Professional Fees/Audit Fee/Legal Fee,,Audit Support-23-24,Protiviti India Member Private Limited,0.00, ,0.00,73328.00,,0,0, Completed, 
QB,Supplier Invoice,2360,1431,11-07-2024,Other Expenses ( Incl Office and IT ),Professional Fees/Audit Fee/Legal Fee,Professional Fees/Audit Fee/Legal Fee,,GST advisory services-June 24-PWC,Price Waterhouse & Co LLP,0.00, ,0.00,66720.00,,0,0, Completed, 
QB,Supplier Invoice,2521,1523,29-07-2024,Other Expenses ( Incl Office and IT ),Professional Fees/Audit Fee/Legal Fee,Professional Fees/Audit Fee/Legal Fee,,Legal Fees,Lumiere Law Partners,0.00, ,0.00,767000.00,,0,0, Completed, 
QB,Purchase Order,1298,1298,07-06-2024,Other Expenses ( Incl Office and IT ),Professional Fees/Audit Fee/Legal Fee,Professional Fees/Audit Fee/Legal Fee,,Actuarial Valuation Fees,KP Actuaries and Consultants LLP,20650.00, 0.00,,0.00,,0,0, Approved, 
QB,Purchase Order,1255,1255,05-06-2024,Other Expenses ( Incl Office and IT ),Professional Fees/Audit Fee/Legal Fee,Professional Fees/Audit Fee/Legal Fee,,Towards counsel fee,Rahul Sharma -Advocate,118000.00, 0.00,,0.00,,0,0, Approved, 
QB,Operating Expense,4528,0,05-07-2024,Other Expenses ( Incl Office and IT ),Professional Fees/Audit Fee/Legal Fee,Professional Fees/Audit Fee/Legal Fee,,Professional fees-Anubhuti,Anubhuti Tripathi & Associates,0.00, ,0.00,1180.00,,0,0, Completed, 
QB,Supplier Invoice,1942,1255,10-06-2024,Other Expenses ( Incl Office and IT ),Professional Fees/Audit Fee/Legal Fee,Professional Fees/Audit Fee/Legal Fee,,Towards miscellaneous expenses,Rahul Sharma -Advocate,0.00, ,0.00,11800.00,,0,0, Completed, 
QB,Purchase Order,1523,1523,23-07-2024,Other Expenses ( Incl Office and IT ),Professional Fees/Audit Fee/Legal Fee,Professional Fees/Audit Fee/Legal Fee,,Administration Surcharge,Lumiere Law Partners,385.00, 0.00,,0.00,,0,0, Approved, 
QB,Purchase Order,1172,1172,23-05-2024,Other Expenses ( Incl Office and IT ),Professional Fees/Audit Fee/Legal Fee,Professional Fees/Audit Fee/Legal Fee,,Legal & Profession Fees  ,Protiviti India Member Private Limited,222510.00, 0.00,,0.00,,0,0, Approved, 
QB,Purchase Order,1558,1558,26-07-2024,Other Expenses ( Incl Office and IT ),Professional Fees/Audit Fee/Legal Fee,Professional Fees/Audit Fee/Legal Fee,,Professional fees (Valuation)  ,Anmol Sekhri Consultants Pvt. Ltd,649000.00, 649000.00,,0.00,,0,0, Approved, 
QB,Purchase Order,1546,1546,25-07-2024,Other Expenses ( Incl Office and IT ),Professional Fees/Audit Fee/Legal Fee,Professional Fees/Audit Fee/Legal Fee,,Advance Tax working Q4 23-24,Sandip Shah & co,14750.00, 14750.00,,0.00,,0,0, Submitted, 
QB,Supplier Invoice,2521,1523,29-07-2024,Other Expenses ( Incl Office and IT ),Professional Fees/Audit Fee/Legal Fee,Professional Fees/Audit Fee/Legal Fee,,Out of pocket expenses,Lumiere Law Partners,0.00, ,0.00,3855.00,,0,0, Completed, 
QB,Operating Expense,4626,0,22-07-2024,Other Expenses ( Incl Office and IT ),Professional Fees/Audit Fee/Legal Fee,Professional Fees/Audit Fee/Legal Fee,,MCA Form Filing Charges ,Anubhuti Tripathi & Associates,0.00, ,0.00,600.00,,0,0, Completed, 
QB,Purchase Order,1255,1255,05-06-2024,Other Expenses ( Incl Office and IT ),Professional Fees/Audit Fee/Legal Fee,Professional Fees/Audit Fee/Legal Fee,,Towards conference,Rahul Sharma -Advocate,59000.00, 0.00,,0.00,,0,0, Approved, 
QB,Purchase Order,1345,1345,21-06-2024,Other Expenses ( Incl Office and IT ),Professional Fees/Audit Fee/Legal Fee,Professional Fees/Audit Fee/Legal Fee,,Professional fees-compliance certificate -SD,Sandip Shah & co,11800.00, 0.00,,0.00,,0,0, Approved, 
QB,Supplier Invoice,1991,1298,12-06-2024,Other Expenses ( Incl Office and IT ),Professional Fees/Audit Fee/Legal Fee,Professional Fees/Audit Fee/Legal Fee,,Actuarial Valuation Fees,KP Actuaries and Consultants LLP,0.00, ,0.00,20650.00,,0,0, Completed, 
QB,Purchase Order,1193,1193,23-05-2024,Other Expenses ( Incl Office and IT ),Professional Fees/Audit Fee/Legal Fee,Professional Fees/Audit Fee/Legal Fee,,Professional Fees-SD,Sandip Shah & co,47200.00, 0.00,,0.00,,0,0, Approved, 
QB,Purchase Order,1371,1371,24-06-2024,Other Expenses ( Incl Office and IT ),Professional Fees/Audit Fee/Legal Fee,Professional Fees/Audit Fee/Legal Fee,,Audit Support-23-24,Protiviti India Member Private Limited,73329.00, 0.00,,0.00,,0,0, Approved, 
QB,Purchase Order,1227,1227,31-05-2024,Other Expenses ( Incl Office and IT ),Professional Fees/Audit Fee/Legal Fee,Professional Fees/Audit Fee/Legal Fee,,Consultancy Services - NQEPL,MAN MOHAN,30000.00, 0.00,,0.00,,0,0, Approved, 
QB,Supplier Invoice,1980,1261,12-06-2024,Other Expenses ( Incl Office and IT ),Professional Fees/Audit Fee/Legal Fee,Professional Fees/Audit Fee/Legal Fee,,Professional Fees-overall  GST implications,Dhruva Advisors LLP - QB,0.00, ,0.00,295000.00,,0,0, Completed, 
QB,Supplier Invoice,1851,1227,03-06-2024,Other Expenses ( Incl Office and IT ),Professional Fees/Audit Fee/Legal Fee,Professional Fees/Audit Fee/Legal Fee,,Consultancy Services - NQEPL,MAN MOHAN,0.00, ,0.00,30000.00,,0,0, Completed, 
QB,Supplier Invoice,1597,1015,02-05-2024,Other Expenses ( Incl Office and IT ),Professional Fees/Audit Fee/Legal Fee,Professional Fees/Audit Fee/Legal Fee,,NSDL Annual Custody Fees FY 24-25,National Securities Depository Limited (For Athaang infrastructure ),0.00, ,0.00,75000.00,,0,0, Completed, 
QB,Supplier Invoice,1895,1170,05-06-2024,Other Expenses ( Incl Office and IT ),Professional Fees/Audit Fee/Legal Fee,Professional Fees/Audit Fee/Legal Fee,,Legal&Professional fees-protivity,Protiviti India Member Private Limited,0.00, ,0.00,25285.00,,0,0, Completed, 
QB,Supplier Invoice,2203,1193,02-07-2024,Other Expenses ( Incl Office and IT ),Professional Fees/Audit Fee/Legal Fee,Professional Fees/Audit Fee/Legal Fee,,Professional Fees-SD,Sandip Shah & co,0.00, ,0.00,23600.00,,0,0, Completed, 
QB,Purchase Order,1431,1431,04-07-2024,Other Expenses ( Incl Office and IT ),Professional Fees/Audit Fee/Legal Fee,Professional Fees/Audit Fee/Legal Fee,,GST advisory services-June 24-PWC,Price Waterhouse & Co LLP,66720.00, 0.00,,0.00,,0,0, Approved, 
QB,Supplier Invoice,2040,1170,14-06-2024,Other Expenses ( Incl Office and IT ),Professional Fees/Audit Fee/Legal Fee,Professional Fees/Audit Fee/Legal Fee,,Legal&Professional fees-protivity,Protiviti India Member Private Limited,0.00, ,0.00,25285.00,,0,0, Completed, 
QB,Purchase Order,1015,1015,30-04-2024,Other Expenses ( Incl Office and IT ),Professional Fees/Audit Fee/Legal Fee,Professional Fees/Audit Fee/Legal Fee,,NSDL Annual Custody Fees FY 24-25,National Securities Depository Limited (For Athaang infrastructure ),88500.00, 0.00,,0.00,,0,0, Approved, 
QB,Supplier Invoice,2521,1523,29-07-2024,Other Expenses ( Incl Office and IT ),Professional Fees/Audit Fee/Legal Fee,Professional Fees/Audit Fee/Legal Fee,,Administration Surcharge,Lumiere Law Partners,0.00, ,0.00,385.00,,0,0, Completed, 
QB,Supplier Invoice,1942,1255,10-06-2024,Other Expenses ( Incl Office and IT ),Professional Fees/Audit Fee/Legal Fee,Professional Fees/Audit Fee/Legal Fee,,Towards counsel fee,Rahul Sharma -Advocate,0.00, ,0.00,118000.00,,0,0, Completed, 
QB,Purchase Order,1409,1409,01-07-2024,Other Expenses ( Incl Office and IT ),Professional Fees/Audit Fee/Legal Fee,Professional Fees/Audit Fee/Legal Fee,,legal counsel ,Anuj Sahay,59000.00, 59000.00,,0.00,,0,0, Approved, 
QB,Purchase Order,1255,1255,05-06-2024,Other Expenses ( Incl Office and IT ),Professional Fees/Audit Fee/Legal Fee,Professional Fees/Audit Fee/Legal Fee,,Towards appearance ,Rahul Sharma -Advocate,295000.00, 0.00,,0.00,,0,0, Approved, 
QB,Purchase Order,1345,1345,21-06-2024,Other Expenses ( Incl Office and IT ),Professional Fees/Audit Fee/Legal Fee,Professional Fees/Audit Fee/Legal Fee,,Professional fees-DSCR certificate-SD,Sandip Shah & co,11800.00, 0.00,,0.00,,0,0, Approved, 
QB,Supplier Invoice,2141,1345,25-06-2024,Other Expenses ( Incl Office and IT ),Professional Fees/Audit Fee/Legal Fee,Professional Fees/Audit Fee/Legal Fee,,Professional fees-compliance certificate -SD,Sandip Shah & co,0.00, ,0.00,11800.00,,0,0, Completed, 
QB,Supplier Invoice,2528,1556,29-07-2024,Other Expenses ( Incl Office and IT ),Professional Fees/Audit Fee/Legal Fee,Professional Fees/Audit Fee/Legal Fee,,XBRL FILING,Anubhuti Tripathi & Associates,0.00, ,0.00,17700.00,,0,0, Completed, 
QB,Supplier Invoice,1823,1172,28-05-2024,Other Expenses ( Incl Office and IT ),Professional Fees/Audit Fee/Legal Fee,Professional Fees/Audit Fee/Legal Fee,,Legal & Profession Fees  ,Protiviti India Member Private Limited,0.00, ,0.00,18543.00,,0,0, Completed, 
QB,Supplier Invoice,2204,1193,02-07-2024,Other Expenses ( Incl Office and IT ),Professional Fees/Audit Fee/Legal Fee,Professional Fees/Audit Fee/Legal Fee,,Professional Fees-SD,Sandip Shah & co,0.00, ,0.00,23600.00,,0,0, Completed, 
QB,Supplier Invoice,2041,1172,14-06-2024,Other Expenses ( Incl Office and IT ),Professional Fees/Audit Fee/Legal Fee,Professional Fees/Audit Fee/Legal Fee,,Legal & Profession Fees  ,Protiviti India Member Private Limited,0.00, ,0.00,18543.00,,0,0, Completed, 
QB,Budget Balances,  , , 01-04-2024 ,Other Expenses ( Incl Office and IT ),Office / HO GH Rent,Office / HO GH Rent,1172556.00,,,,,,,0.00,1172556.00,, , 
QB,Purchase Order,1336,1336,21-06-2024,Other Expenses ( Incl Office and IT ),Office / HO GH Rent,Office / HO GH Rent,,service of Staff guest house,KHURSHEED AHMED,620000.00, 0.00,,0.00,,,, Approved, 
QB,Supplier Invoice,2668,1336,08-08-2024,Other Expenses ( Incl Office and IT ),Office / HO GH Rent,Office / HO GH Rent,,service of Staff guest house,KHURSHEED AHMED,0.00, ,0.00,60000.00,,0,0, Completed, 
QB,Supplier Invoice,2292,1334,08-07-2024,Other Expenses ( Incl Office and IT ),Office / HO GH Rent,Office / HO GH Rent,,service of HO guest house,Anisa Begum,0.00, ,0.00,27140.00,,0,0, Completed, 
QB,Supplier Invoice,1905,1017,06-06-2024,Other Expenses ( Incl Office and IT ),Office / HO GH Rent,Office / HO GH Rent,,HO GH Rent,Anisa Begum,0.00, ,0.00,23000.00,,0,0, Completed, 
QB,Purchase Order,1017,1017,30-04-2024,Other Expenses ( Incl Office and IT ),Office / HO GH Rent,Office / HO GH Rent,,HO GH Rent,Anisa Begum,48000.00, 0.00,,0.00,,0,0, Approved, 
QB,Purchase Order,1022,1022,30-04-2024,Other Expenses ( Incl Office and IT ),Office / HO GH Rent,Office / HO GH Rent,,HO GH Rent,KHURSHEED AHMED,124000.00, 0.00,,0.00,,0,0, Approved, 
QB,Supplier Invoice,1695,1017,13-05-2024,Other Expenses ( Incl Office and IT ),Office / HO GH Rent,Office / HO GH Rent,,HO GH Rent,Anisa Begum,0.00, ,0.00,23000.00,,0,0, Completed, 
QB,Supplier Invoice,2665,1334,08-08-2024,Other Expenses ( Incl Office and IT ),Office / HO GH Rent,Office / HO GH Rent,,service of HO guest house,Anisa Begum,0.00, ,0.00,27140.00,,0,0, Completed, 
QB,Supplier Invoice,2444,1336,18-07-2024,Other Expenses ( Incl Office and IT ),Office / HO GH Rent,Office / HO GH Rent,,service of Staff guest house,KHURSHEED AHMED,0.00, ,0.00,60000.00,,0,0, Completed, 
QB,Regular Expense,4232,0,11-05-2024,Other Expenses ( Incl Office and IT ),Office / HO GH Rent,Office / HO GH Rent,,HO GH Rent,Ankur Gupta,0.00, ,0.00,14000.00,,0,0, Completed, 
QB,Regular Expense,4679,0,01-08-2024,Other Expenses ( Incl Office and IT ),Office / HO GH Rent,Office / HO GH Rent,,HO GH Rent,Ankur Gupta,0.00, ,0.00,23750.00,,0,0, Submitted, 
QB,Supplier Invoice,1696,1022,13-05-2024,Other Expenses ( Incl Office and IT ),Office / HO GH Rent,Office / HO GH Rent,,HO GH Rent,KHURSHEED AHMED,0.00, ,0.00,60000.00,,0,0, Completed, 
QB,Purchase Order,1334,1334,21-06-2024,Other Expenses ( Incl Office and IT ),Office / HO GH Rent,Office / HO GH Rent,,service of HO guest house,Anisa Begum,283200.00, 0.00,,0.00,,0,0, Approved, 
QB,Supplier Invoice,1896,1022,05-06-2024,Other Expenses ( Incl Office and IT ),Office / HO GH Rent,Office / HO GH Rent,,HO GH Rent,KHURSHEED AHMED,0.00, ,0.00,60000.00,,0,0, Completed, 
QB,Budget Balances,  , , 01-04-2024 ,Other Expenses ( Incl Office and IT ),Internet Charges,Internet Charges,991200.00,,,,,,,0.00,991200.00,, , 
QB,Purchase Order,1224,1224,30-05-2024,Other Expenses ( Incl Office and IT ),Internet Charges,Internet Charges,,Bharti Airtel  Ltd - Lease Line,BHARTI AIRTEL (Banihal),142583.00, 0.00,,0.00,,,, Approved, 
QB,Supplier Invoice,2743,1224,16-08-2024,Other Expenses ( Incl Office and IT ),Internet Charges,Internet Charges,,Bharti Airtel  Ltd - Lease Line,BHARTI AIRTEL (Banihal),0.00, ,0.00,14258.00,,0,0, Completed, 
QB,Supplier Invoice,2417,1225,16-07-2024,Other Expenses ( Incl Office and IT ),Internet Charges,Internet Charges,,Bharti Airtel Ltd - Banihal NP,BHARTI AIRTEL (North Toll QB),0.00, ,0.00,51625.00,,0,0, Completed, 
QB,Supplier Invoice,2414,1224,16-07-2024,Other Expenses ( Incl Office and IT ),Internet Charges,Internet Charges,,Bharti Airtel  Ltd - Lease Line,BHARTI AIRTEL (Banihal),0.00, ,0.00,14258.00,,0,0, Completed, 
QB,Purchase Order,1225,1225,30-05-2024,Other Expenses ( Incl Office and IT ),Internet Charges,Internet Charges,,Bharti Airtel Ltd - Banihal NP,BHARTI AIRTEL (North Toll QB),206500.00, 0.00,,0.00,,0,0, Approved, 
QB,Supplier Invoice,2415,1224,16-07-2024,Other Expenses ( Incl Office and IT ),Internet Charges,Internet Charges,,Bharti Airtel  Ltd - Lease Line,BHARTI AIRTEL (Banihal),0.00, ,0.00,14258.00,,0,0, Completed, 
QB,Purchase Order,1071,1071,07-05-2024,Other Expenses ( Incl Office and IT ),Internet Charges,Internet Charges,,Bharti Airtel  Ltd - Lease Line,BHARTI AIRTEL (Banihal),28516.00, 0.00,,0.00,,0,0, Approved, 
QB,Supplier Invoice,2271,1226,05-07-2024,Other Expenses ( Incl Office and IT ),Internet Charges,Internet Charges,,Reliance Jio Net Charges,Reliance Jio Infocomm Limited (Banihal),0.00, ,0.00,97350.00,,0,0, Completed, 
QB,Purchase Order,1018,1018,30-04-2024,Other Expenses ( Incl Office and IT ),Internet Charges,Internet Charges,,Internet Charges,Reliance Jio Infocomm Limited (Banihal),97350.00, 0.00,,0.00,,0,0, Approved, 
QB,Purchase Order,1226,1226,30-05-2024,Other Expenses ( Incl Office and IT ),Internet Charges,Internet Charges,,Reliance Jio Net Charges,Reliance Jio Infocomm Limited (Banihal),292050.00, 0.00,,0.00,,0,0, Approved, 
QB,Supplier Invoice,1925,1225,07-06-2024,Other Expenses ( Incl Office and IT ),Internet Charges,Internet Charges,,Bharti Airtel Ltd - Banihal NP,BHARTI AIRTEL (North Toll QB),0.00, ,0.00,4538.00,,0,0, Completed, 
QB,Supplier Invoice,1680,1071,10-05-2024,Other Expenses ( Incl Office and IT ),Internet Charges,Internet Charges,,Bharti Airtel  Ltd - Lease Line,BHARTI AIRTEL (Banihal),0.00, ,0.00,28516.00,,0,0, Completed, 
QB,Supplier Invoice,1602,1018,02-05-2024,Other Expenses ( Incl Office and IT ),Internet Charges,Internet Charges,,Internet Charges,Reliance Jio Infocomm Limited (Banihal),0.00, ,0.00,97350.00,,0,0, Completed, 
QB,Supplier Invoice,1926,1225,07-06-2024,Other Expenses ( Incl Office and IT ),Internet Charges,Internet Charges,,Bharti Airtel Ltd - Banihal NP,BHARTI AIRTEL (North Toll QB),0.00, ,0.00,47087.00,,0,0, Completed, 
QB,Budget Balances,  , , 01-04-2024 ,Other Expenses ( Incl Office and IT ),Office Consumables,Office Consumables,991200.00,,,,,,,0.00,991200.00,, , 
QB,Purchase Order,1031,1031,02-05-2024,Other Expenses ( Incl Office and IT ),Office Consumables,Office Consumables,,Office Consumables,Tariq General Store,120000.00, 0.00,,0.00,,,, Approved, 
QB,Regular Expense,4226,0,10-05-2024,Other Expenses ( Incl Office and IT ),Office Consumables,Office Consumables,,Office Consumables,Altaf Hussain Malik,0.00, ,0.00,900.00,,0,0, Completed, 
QB,Regular Expense,4695,0,06-08-2024,Other Expenses ( Incl Office and IT ),Office Consumables,Office Consumables,,Office Consumables,Shashi Sharma,0.00, ,0.00,34800.00,,0,0, Completed, 
QB,Supplier Invoice,2064,1031,19-06-2024,Other Expenses ( Incl Office and IT ),Office Consumables,Office Consumables,,Office Consumables,Tariq General Store,0.00, ,0.00,59236.00,,0,0, Completed, 
QB,Regular Expense,4190,0,07-05-2024,Other Expenses ( Incl Office and IT ),Office Consumables,Office Consumables,,Office Consumables,Ankur Gupta,0.00, ,0.00,2100.00,,0,0, Completed, 
QB,Supplier Invoice,1710,1031,13-05-2024,Other Expenses ( Incl Office and IT ),Office Consumables,Office Consumables,,Office Consumables,Tariq General Store,0.00, ,0.00,58161.00,,0,0, Completed, 
QB,Regular Expense,4435,0,19-06-2024,Other Expenses ( Incl Office and IT ),Office Consumables,Office Consumables,,Office Consumables,Shashi Sharma,0.00, ,0.00,19310.00,,0,0, Completed, 
QB,Regular Expense,4355,0,03-06-2024,Other Expenses ( Incl Office and IT ),Office Consumables,Office Consumables,,Office Consumables,Ankur Gupta,0.00, ,0.00,2000.00,,0,0, Completed, 
QB,Purchase Order,1632,1632,13-08-2024,Other Expenses ( Incl Office and IT ),Office Consumables,Office Consumables,,Office Consumables,Tariq General Store,143313.00, 143313.00,,0.00,,0,0, Approved, 
QB,Regular Expense,4555,0,11-07-2024,Other Expenses ( Incl Office and IT ),Office Consumables,Office Consumables,,Office Consumables,Shashi Sharma,0.00, ,0.00,9090.00,,0,0, Completed, 
QB,Budget Balances,  , , 01-04-2024 ,Other Expenses ( Incl Office and IT ),Printing and Stationary Charges,Printing and Stationary Charges,188800.00,,,,,,,0.00,188800.00,, , 
QB,Supplier Invoice,2376,1437,12-07-2024,Other Expenses ( Incl Office and IT ),Printing and Stationary Charges,Printing and Stationary Charges,,PRINTER CARTRIDGE CYAN IM C2510,FLASH AUTOMATION,0.00, ,0.00,11330.00,,,, Completed, 
QB,Supplier Invoice,1663,1044,09-05-2024,Other Expenses ( Incl Office and IT ),Printing and Stationary Charges,Printing and Stationary Charges,,Printing and Stationary Charges,SYED TAWSEEF INDRABI,0.00, ,0.00,18948.00,,0,0, Completed, 
QB,Purchase Order,1437,1437,05-07-2024,Other Expenses ( Incl Office and IT ),Printing and Stationary Charges,Printing and Stationary Charges,,PRINTER CARTRIDGE BLACK IM C2510,FLASH AUTOMATION,6685.00, 6685.00,,0.00,,0,0, Approved, 
QB,Purchase Order,1400,1400,01-07-2024,Other Expenses ( Incl Office and IT ),Printing and Stationary Charges,Printing and Stationary Charges,,Indexing Charges,Anita Enterprises ,5310.00, 5310.00,,0.00,,0,0, Approved, 
QB,Supplier Invoice,2376,1437,12-07-2024,Other Expenses ( Incl Office and IT ),Printing and Stationary Charges,Printing and Stationary Charges,,PRINTER CARTRIDGE YELLOW IM C2510,FLASH AUTOMATION,0.00, ,0.00,11330.00,,0,0, Completed, 
QB,Purchase Order,1044,1044,03-05-2024,Other Expenses ( Incl Office and IT ),Printing and Stationary Charges,Printing and Stationary Charges,,Printing and Stationary Charges,SYED TAWSEEF INDRABI,18948.00, 0.00,,0.00,,0,0, Approved, 
QB,Purchase Order,1437,1437,05-07-2024,Other Expenses ( Incl Office and IT ),Printing and Stationary Charges,Printing and Stationary Charges,,PRINTER CARTRIDGE CYAN IM C2510,FLASH AUTOMATION,11330.00, 11330.00,,0.00,,0,0, Approved, 
QB,Purchase Order,1400,1400,01-07-2024,Other Expenses ( Incl Office and IT ),Printing and Stationary Charges,Printing and Stationary Charges,,Book Binding Charges,Anita Enterprises ,12600.00, 12600.00,,0.00,,0,0, Approved, 
QB,Supplier Invoice,2376,1437,12-07-2024,Other Expenses ( Incl Office and IT ),Printing and Stationary Charges,Printing and Stationary Charges,,PRINTER CARTRIDGE MAGENTA IM C2510,FLASH AUTOMATION,0.00, ,0.00,11330.00,,0,0, Completed, 
QB,Purchase Order,1437,1437,05-07-2024,Other Expenses ( Incl Office and IT ),Printing and Stationary Charges,Printing and Stationary Charges,,PRINTER CARTRIDGE YELLOW IM C2510,FLASH AUTOMATION,11330.00, 11330.00,,0.00,,0,0, Approved, 
QB,Purchase Order,1437,1437,05-07-2024,Other Expenses ( Incl Office and IT ),Printing and Stationary Charges,Printing and Stationary Charges,,PRINTER CARTRIDGE MAGENTA IM C2510,FLASH AUTOMATION,11330.00, 11330.00,,0.00,,0,0, Approved, 
QB,Supplier Invoice,2376,1437,12-07-2024,Other Expenses ( Incl Office and IT ),Printing and Stationary Charges,Printing and Stationary Charges,,PRINTER CARTRIDGE BLACK IM C2510,FLASH AUTOMATION,0.00, ,0.00,6685.00,,0,0, Completed, 
QB,Purchase Order,1400,1400,01-07-2024,Other Expenses ( Incl Office and IT ),Printing and Stationary Charges,Printing and Stationary Charges,,Single File – Multiple PDF,Anita Enterprises ,13275.00, 13275.00,,0.00,,0,0, Approved, 
QB,Budget Balances,  , , 01-04-2024 ,Other Expenses ( Incl Office and IT ),Postage and Courier Charges,Postage and Courier Charges,70800.00,,,,,,,0.00,70800.00,, , 
QB,Regular Expense,4161,0,03-05-2024,Other Expenses ( Incl Office and IT ),Postage and Courier Charges,Postage and Courier Charges,,Courier Charges from QB to Juhi,Waseem Rasool Kamal,0.00, ,0.00,100.00,,,, Completed, 
QB,Budget Balances,  , , 01-04-2024 ,Other Expenses ( Incl Office and IT ),Festival Gifts,Festival Gifts,590000.00,,,,,,,0.00,590000.00,, , 
QB,Purchase Order,1314,1314,12-06-2024,Other Expenses ( Incl Office and IT ),Festival Gifts,Festival Gifts,,Iftiyaar party,IMTIYAZ AHMED SEHMAT,195125.00, 195125.00,,0.00,,,, Closed, 
QB,Budget Balances,  , , 01-04-2024 ,CSR,CSR FY24-25,CSR FY24-25,23924215.00,,,,,,,0.00,23924215.00,, , 
QB,Purchase Order,1204,1204,27-05-2024,CSR,CSR FY24-25,CSR FY24-25,,MEDICAL OXYGEN KIT FOR AMBULANCE,GOOD WILL TRADERS,10640.00, 0.00,,0.00,,,, Approved, 
QB,Supplier Invoice,2093,1204,21-06-2024,CSR,CSR FY24-25,CSR FY24-25,,BLANKETS,GOOD WILL TRADERS,0.00, ,0.00,12768.00,,0,0, Completed, 
QB,Purchase Order,1204,1204,27-05-2024,CSR,CSR FY24-25,CSR FY24-25,,BATTERY OPERATED TORCH WITH ONE KM RANGE,GOOD WILL TRADERS,24426.00, 0.00,,0.00,,0,0, Approved, 
QB,Supplier Invoice,2093,1204,21-06-2024,CSR,CSR FY24-25,CSR FY24-25,,NYLON ROPE 20MM,GOOD WILL TRADERS,0.00, ,0.00,6272.00,,0,0, Completed, 
QB,Purchase Order,1204,1204,27-05-2024,CSR,CSR FY24-25,CSR FY24-25,,BLANKETS,GOOD WILL TRADERS,12768.00, 0.00,,0.00,,0,0, Approved, 
QB,Supplier Invoice,2093,1204,21-06-2024,CSR,CSR FY24-25,CSR FY24-25,,RAIN SUIT,GOOD WILL TRADERS,0.00, ,0.00,11844.00,,0,0, Completed, 
QB,Purchase Order,1204,1204,27-05-2024,CSR,CSR FY24-25,CSR FY24-25,,NYLON ROPE 20MM,GOOD WILL TRADERS,6272.00, 0.00,,0.00,,0,0, Approved, 
QB,Supplier Invoice,2569,1479,01-08-2024,CSR,CSR FY24-25,CSR FY24-25,,UNIFORM FOR NGO BANIHAL,PURANDRE & PURANDRES COMPANY,0.00, ,0.00,24780.00,,0,0, Completed, 
QB,Supplier Invoice,2093,1204,21-06-2024,CSR,CSR FY24-25,CSR FY24-25,,Web Sling 10 Ton X 3 Mtr,GOOD WILL TRADERS,0.00, ,0.00,10290.00,,0,0, Completed, 
QB,Purchase Order,1204,1204,27-05-2024,CSR,CSR FY24-25,CSR FY24-25,,RAIN SUIT,GOOD WILL TRADERS,11844.00, 0.00,,0.00,,0,0, Approved, 
QB,Purchase Order,1479,1479,15-07-2024,CSR,CSR FY24-25,CSR FY24-25,,UNIFORM FOR NGO BANIHAL,PURANDRE & PURANDRES COMPANY,24780.00, 0.00,,0.00,,0,0, Approved, 
QB,Supplier Invoice,2093,1204,21-06-2024,CSR,CSR FY24-25,CSR FY24-25,,PP ROPE 20MM,GOOD WILL TRADERS,0.00, ,0.00,22848.00,,0,0, Completed, 
QB,Supplier Invoice,2093,1204,21-06-2024,CSR,CSR FY24-25,CSR FY24-25,,SAFETY HELMET WITH ATHAANG LOGO & NGO LOGO,GOOD WILL TRADERS,0.00, ,0.00,2903.00,,0,0, Completed, 
QB,Purchase Order,1204,1204,27-05-2024,CSR,CSR FY24-25,CSR FY24-25,,Web Sling 10 Ton X 3 Mtr,GOOD WILL TRADERS,10290.00, 0.00,,0.00,,0,0, Approved, 
QB,Supplier Invoice,2093,1204,21-06-2024,CSR,CSR FY24-25,CSR FY24-25,,FOLDING STREATCHER,GOOD WILL TRADERS,0.00, ,0.00,20650.00,,0,0, Completed, 
QB,Purchase Order,1204,1204,27-05-2024,CSR,CSR FY24-25,CSR FY24-25,,PP ROPE 20MM,GOOD WILL TRADERS,22848.00, 0.00,,0.00,,0,0, Approved, 
QB,Purchase Order,1204,1204,27-05-2024,CSR,CSR FY24-25,CSR FY24-25,,SAFETY HELMET WITH ATHAANG LOGO & NGO LOGO,GOOD WILL TRADERS,2903.00, 0.00,,0.00,,0,0, Approved, 
QB,Supplier Invoice,2093,1204,21-06-2024,CSR,CSR FY24-25,CSR FY24-25,,FULL BODY SAFETY HARNESS WITH DOUBLE LANYARD,GOOD WILL TRADERS,0.00, ,0.00,8120.00,,0,0, Completed, 
QB,Purchase Order,1204,1204,27-05-2024,CSR,CSR FY24-25,CSR FY24-25,,FOLDING STREATCHER,GOOD WILL TRADERS,20650.00, 0.00,,0.00,,0,0, Approved, 
QB,Supplier Invoice,2093,1204,21-06-2024,CSR,CSR FY24-25,CSR FY24-25,,MEDICAL OXYGEN KIT FOR AMBULANCE,GOOD WILL TRADERS,0.00, ,0.00,10640.00,,0,0, Completed, 
QB,Purchase Order,1204,1204,27-05-2024,CSR,CSR FY24-25,CSR FY24-25,,FULL BODY SAFETY HARNESS WITH DOUBLE LANYARD,GOOD WILL TRADERS,8120.00, 0.00,,0.00,,0,0, Approved, 
QB,Supplier Invoice,2093,1204,21-06-2024,CSR,CSR FY24-25,CSR FY24-25,,BATTERY OPERATED TORCH WITH ONE KM RANGE,GOOD WILL TRADERS,0.00, ,0.00,24426.00,,0,0, Completed, 
QB,Budget Balances,  , , 01-04-2024 ,Finance Expenses,Security Trustee Fees,Security Trustee Fees,139240.00,,,,,,,0.00,139240.00,, , 
QB,Supplier Invoice,2482,1499,23-07-2024,Finance Expenses,Security Trustee Fees,Security Trustee Fees,,Trustee Fees ,Axis Trustee Services Limited,0.00, ,0.00,118000.00,,,, Completed, 
QB,Purchase Order,1499,1499,18-07-2024,Finance Expenses,Security Trustee Fees,Security Trustee Fees,,Trustee Fees ,Axis Trustee Services Limited,118000.00, 0.00,,0.00,,0,0, Approved, 
JUHI,Budget Balances,  , , 01-04-2024 ,CSR,CSR FY23-24,CSR FY23-24,0.00,,,,,,,0.00,6685201.00,, , 
JUHI,Supplier Invoice,2152,1134,26-06-2024,CSR,CSR FY23-24,CSR FY23-24,,Solar Street Light - Semi Integrated,NEHRU SOLAR SOLUTIONS,0.00, ,0.00,240800.00,,,, Completed, 
JUHI,Purchase Order,1198,1198,24-05-2024,CSR,CSR FY23-24,CSR FY23-24,,Civil Work under CSR-AJUHI Project,ZORAWAR ENTERPRISES,2139703.00, 2139703.00,,0.00,,0,0, Approved, 
JUHI,Purchase Order,1209,1209,28-05-2024,CSR,CSR FY23-24,CSR FY23-24,,Insurance of Ambulance- AJUHI,JYE HEALTH SYSTEMS MODULARZZ,18000.00, 18000.00,,0.00,,0,0, Approved, 
JUHI,Supplier Invoice,2400,1209,15-07-2024,CSR,CSR FY23-24,CSR FY23-24,,Insurance of Ambulance- AJUHI,JYE HEALTH SYSTEMS MODULARZZ,0.00, ,0.00,18000.00,,0,0, Completed, 
JUHI,Supplier Invoice,2152,1134,26-06-2024,CSR,CSR FY23-24,CSR FY23-24,,Supply of Luminous Inverter & Battery Combo ,NEHRU SOLAR SOLUTIONS,0.00, ,0.00,53100.00,,0,0, Completed, 
JUHI,Purchase Order,1209,1209,28-05-2024,CSR,CSR FY23-24,CSR FY23-24,,QUARTERLY TAX + TEMPORARY REGISTRATION(UT OF J & K,JYE HEALTH SYSTEMS MODULARZZ,5060.00, 5060.00,,0.00,,0,0, Approved, 
JUHI,Supplier Invoice,2400,1209,15-07-2024,CSR,CSR FY23-24,CSR FY23-24,,QUARTERLY TAX + TEMPORARY REGISTRATION(UT OF J & K,JYE HEALTH SYSTEMS MODULARZZ,0.00, ,0.00,5060.00,,0,0, Completed, 
JUHI,Purchase Order,1134,1134,16-05-2024,CSR,CSR FY23-24,CSR FY23-24,,Solar Street Light - Semi Integrated,NEHRU SOLAR SOLUTIONS,240800.00, 0.00,,0.00,,0,0, Approved, 
JUHI,Purchase Order,1362,1362,24-06-2024,CSR,CSR FY23-24,CSR FY23-24,,ADTPL- Construction of Toilet Block,Sri Balaji constructions ,2155128.00, 2155128.00,,0.00,,0,0, , 
JUHI,Purchase Order,1209,1209,28-05-2024,CSR,CSR FY23-24,CSR FY23-24,,Purchase of  Ambulance for CSR ,JYE HEALTH SYSTEMS MODULARZZ,1920000.00, 1920000.00,,0.00,,0,0, Approved, 
JUHI,Supplier Invoice,2400,1209,15-07-2024,CSR,CSR FY23-24,CSR FY23-24,,Purchase of  Ambulance for CSR ,JYE HEALTH SYSTEMS MODULARZZ,0.00, ,0.00,1920000.00,,0,0, Completed, 
JUHI,Purchase Order,1118,1118,13-05-2024,CSR,CSR FY23-24,CSR FY23-24,,3-seater S S Waiting area Visitor Reception Chair,Khalsa Trading Co.,60859.00, 0.00,,0.00,,0,0, Approved, 
JUHI,Purchase Order,1134,1134,16-05-2024,CSR,CSR FY23-24,CSR FY23-24,,Supply of Luminous Inverter & Battery Combo ,NEHRU SOLAR SOLUTIONS,53100.00, 0.00,,0.00,,0,0, Approved, 
JUHI,Supplier Invoice,1857,1118,03-06-2024,CSR,CSR FY23-24,CSR FY23-24,,3-seater S S Waiting area Visitor Reception Chair,Khalsa Trading Co.,0.00, ,0.00,60859.00,,0,0, Completed, 
JUHI,Purchase Order,1209,1209,28-05-2024,CSR,CSR FY23-24,CSR FY23-24,,TCS @1% FOR AMBULANCE  (CSR AMBULANCE ),JYE HEALTH SYSTEMS MODULARZZ,19200.00, 19200.00,,0.00,,0,0, Approved, 
JUHI,Supplier Invoice,2400,1209,15-07-2024,CSR,CSR FY23-24,CSR FY23-24,,TCS @1% FOR AMBULANCE  (CSR AMBULANCE ),JYE HEALTH SYSTEMS MODULARZZ,0.00, ,0.00,19200.00,,0,0, Completed, 
AIPL,Budget Balances,  , , 01-04-2024 ,Provisional Budget,FY 2023-24,FY 2023-24,8987630.50,,,,,,,0.00,8987630.50,, , 
AIPL,Supplier Invoice,1881,1210,04-06-2024,Provisional Budget,FY 2023-24,FY 2023-24,,CAR HIRE CHARGES.,AUTORIDERS INTERNATIONAL LTD,0.00, ,0.00,12788.50,,,, Completed, 
AIPL,Supplier Invoice,2332,1366,10-07-2024,Provisional Budget,FY 2023-24,FY 2023-24,,Legal&Professional fees-protivity,Protiviti India Member Private Limited,0.00, ,0.00,15715.00,,0,0, Completed, 
AIPL,Purchase Order,1021,1021,30-04-2024,Provisional Budget,FY 2023-24,FY 2023-24,,Electricity Charges of HO UTI Tower - Mar-2024,UTI ASSET MANAGEMENT COMPANY LIMITED,113296.00, 0.00,,0.00,,0,0, Approved, 
AIPL,Supplier Invoice,1649,1036,07-05-2024,Provisional Budget,FY 2023-24,FY 2023-24,,Other Misc. Expenses,HDFC Prepaid Card,0.00, ,0.00,4254.00,,0,0, Completed, 
AIPL,Purchase Order,982,982,23-04-2024,Provisional Budget,FY 2023-24,FY 2023-24,,Legal & Profession Fees  ,SIVARAMAN NARAYANASWAMI,500000.00, 0.00,,0.00,,0,0, Approved, 
AIPL,Supplier Invoice,1629,1033,06-05-2024,Provisional Budget,FY 2023-24,FY 2023-24,,LinkedIn Management Retainer Fees,Hyperion Brand & Communications Consultancy,0.00, ,0.00,50000.00,,0,0, Completed, 
AIPL,Supplier Invoice,2033,1265,14-06-2024,Provisional Budget,FY 2023-24,FY 2023-24,,Professional Fess-2023&2024.,Protiviti India Member Private Limited,0.00, ,0.00,22550.00,,0,0, Completed, 
AIPL,Purchase Order,1038,1038,03-05-2024,Provisional Budget,FY 2023-24,FY 2023-24,,Kitchen products with 12 % gst,SIDDHIVINAYAK ENTERPRISES,220.00, 0.00,,0.00,,0,0, Approved, 
AIPL,Purchase Order,1146,1146,17-05-2024,Provisional Budget,FY 2023-24,FY 2023-24,,professional frees -Tax structuring and modelling,Price Waterhouse & Co LLP,1537500.00, 1537500.00,,0.00,,0,0, Approved, 
AIPL,Supplier Invoice,1882,1210,04-06-2024,Provisional Budget,FY 2023-24,FY 2023-24,,CAR HIRE CHARGES.,AUTORIDERS INTERNATIONAL LTD,0.00, ,0.00,1795.00,,0,0, Completed, 
AIPL,Supplier Invoice,1594,982,30-04-2024,Provisional Budget,FY 2023-24,FY 2023-24,,Legal & Profession Fees  ,SIVARAMAN NARAYANASWAMI,0.00, ,0.00,500000.00,,0,0, Completed, 
AIPL,Supplier Invoice,1649,1036,07-05-2024,Provisional Budget,FY 2023-24,FY 2023-24,,Staff welfare Exp,HDFC Prepaid Card,0.00, ,0.00,32020.18,,0,0, Completed, 
AIPL,Purchase Order,1365,1365,24-06-2024,Provisional Budget,FY 2023-24,FY 2023-24,,OPEs for Hotel accommodation,Protiviti India Member Private Limited,25344.00, 25344.00,,0.00,,0,0, Approved, 
AIPL,Supplier Invoice,1813,1147,27-05-2024,Provisional Budget,FY 2023-24,FY 2023-24,,professional frees -Tax structuring and modelling,Price Waterhouse & Co LLP,0.00, ,0.00,1326000.00,,0,0, Completed, 
AIPL,Purchase Order,1258,1258,05-06-2024,Provisional Budget,FY 2023-24,FY 2023-24,,Professional services-Advisory service,Price Waterhouse & Co LLP,255000.00, 0.00,,0.00,,0,0, Approved, 
AIPL,Supplier Invoice,1630,1033,06-05-2024,Provisional Budget,FY 2023-24,FY 2023-24,,LinkedIn Management Retainer Fees,Hyperion Brand & Communications Consultancy,0.00, ,0.00,50000.00,,0,0, Completed, 
AIPL,Purchase Order,1038,1038,03-05-2024,Provisional Budget,FY 2023-24,FY 2023-24,,Kitchen products with 18 % gst,SIDDHIVINAYAK ENTERPRISES,2900.00, 0.00,,0.00,,0,0, Approved, 
AIPL,Purchase Order,1147,1147,17-05-2024,Provisional Budget,FY 2023-24,FY 2023-24,,professional frees -Tax structuring and modelling,Price Waterhouse & Co LLP,1326000.00, 0.00,,0.00,,0,0, Approved, 
AIPL,Purchase Order,1541,1541,25-07-2024,Provisional Budget,FY 2023-24,FY 2023-24,,Retainership Fees-MARCH24,Sandip Shah & co,20000.00, 0.00,,0.00,,0,0, Approved, 
AIPL,Supplier Invoice,1883,1210,04-06-2024,Provisional Budget,FY 2023-24,FY 2023-24,,CAR HIRE CHARGES.,AUTORIDERS INTERNATIONAL LTD,0.00, ,0.00,1825.00,,0,0, Completed, 
AIPL,Supplier Invoice,1636,1038,06-05-2024,Provisional Budget,FY 2023-24,FY 2023-24,,Kitchen products with 5 % gst,SIDDHIVINAYAK ENTERPRISES,0.00, ,0.00,15753.00,,0,0, Completed, 
AIPL,Purchase Order,1036,1036,02-05-2024,Provisional Budget,FY 2023-24,FY 2023-24,,Other Misc. Expenses,HDFC Prepaid Card,4254.00, 0.00,,0.00,,0,0, Approved, 
AIPL,Supplier Invoice,1691,1024,13-05-2024,Provisional Budget,FY 2023-24,FY 2023-24,,HO Rent and Maintenance - Mar-2024 ,UTI ASSET MANAGEMENT COMPANY LIMITED,0.00, ,0.00,1840003.00,,0,0, Completed, 
AIPL,Supplier Invoice,1651,1040,07-05-2024,Provisional Budget,FY 2023-24,FY 2023-24,,Security service for 12hrs / 30 days ,WALSONS SERVICES PVT LTD ,0.00, ,0.00,3964.00,,0,0, Completed, 
AIPL,Purchase Order,1366,1366,24-06-2024,Provisional Budget,FY 2023-24,FY 2023-24,,Legal&Professional fees-protivity,Protiviti India Member Private Limited,15715.00, 0.00,,0.00,,0,0, Approved, 
AIPL,Supplier Invoice,1642,1034,06-05-2024,Provisional Budget,FY 2023-24,FY 2023-24,,House Keeping services 2023-2024,CHARLENE HOSPITALITY SERVICES PRIVATE LIMITED,0.00, ,0.00,161103.00,,0,0, Completed, 
AIPL,Supplier Invoice,2720,1541,13-08-2024,Provisional Budget,FY 2023-24,FY 2023-24,,Retainership Fees-MARCH24,Sandip Shah & co,0.00, ,0.00,20000.00,,0,0, Completed, 
AIPL,Supplier Invoice,1631,1033,06-05-2024,Provisional Budget,FY 2023-24,FY 2023-24,,LinkedIn Management Retainer Fees,Hyperion Brand & Communications Consultancy,0.00, ,0.00,50000.00,,0,0, Completed, 
AIPL,Supplier Invoice,1601,1021,02-05-2024,Provisional Budget,FY 2023-24,FY 2023-24,,Electricity Charges of HO UTI Tower - Mar-2024,UTI ASSET MANAGEMENT COMPANY LIMITED,0.00, ,0.00,113295.23,,0,0, Completed, 
AIPL,Operating Expense,4198,0,01-04-2024,Provisional Budget,FY 2023-24,FY 2023-24,,Fruit Supply,Ashoka Devi Yadav Fruit Mart,0.00, ,0.00,10000.00,,0,0, Completed, 
AIPL,Purchase Order,1210,1210,28-05-2024,Provisional Budget,FY 2023-24,FY 2023-24,,CAR HIRE CHARGES.,AUTORIDERS INTERNATIONAL LTD,68282.00, 0.00,,0.00,,0,0, Approved, 
AIPL,Purchase Order,1033,1033,02-05-2024,Provisional Budget,FY 2023-24,FY 2023-24,,LinkedIn Management Retainer Fees,Hyperion Brand & Communications Consultancy,200000.00, 0.00,,0.00,,0,0, Approved, 
AIPL,Purchase Order,1024,1024,30-04-2024,Provisional Budget,FY 2023-24,FY 2023-24,,HO Rent and Maintenance - Mar-2024 ,UTI ASSET MANAGEMENT COMPANY LIMITED,1840003.00, 0.00,,0.00,,0,0, Approved, 
AIPL,Supplier Invoice,1884,1210,04-06-2024,Provisional Budget,FY 2023-24,FY 2023-24,,CAR HIRE CHARGES.,AUTORIDERS INTERNATIONAL LTD,0.00, ,0.00,5568.50,,0,0, Completed, 
AIPL,Supplier Invoice,1636,1038,06-05-2024,Provisional Budget,FY 2023-24,FY 2023-24,,Kitchen products with 12 % gst,SIDDHIVINAYAK ENTERPRISES,0.00, ,0.00,220.00,,0,0, Completed, 
AIPL,Purchase Order,1036,1036,02-05-2024,Provisional Budget,FY 2023-24,FY 2023-24,,Staff welfare Exp,HDFC Prepaid Card,32020.18, 0.00,,0.00,,0,0, Approved, 
AIPL,Supplier Invoice,1652,1040,07-05-2024,Provisional Budget,FY 2023-24,FY 2023-24,,Security service for 12hrs / 30 days ,WALSONS SERVICES PVT LTD ,0.00, ,0.00,100282.00,,0,0, Completed, 
AIPL,Supplier Invoice,1643,1034,06-05-2024,Provisional Budget,FY 2023-24,FY 2023-24,,House Keeping services 2023-2024,CHARLENE HOSPITALITY SERVICES PRIVATE LIMITED,0.00, ,0.00,147837.00,,0,0, Completed, 
AIPL,Supplier Invoice,1880,1210,04-06-2024,Provisional Budget,FY 2023-24,FY 2023-24,,CAR HIRE CHARGES.,AUTORIDERS INTERNATIONAL LTD,0.00, ,0.00,1435.00,,0,0, Completed, 
AIPL,Purchase Order,1238,1238,04-06-2024,Provisional Budget,FY 2023-24,FY 2023-24,,Kitchen Products-March -2024,Center Point Stationery,27412.00, 0.00,,0.00,,0,0, Approved, 
AIPL,Supplier Invoice,1968,1258,11-06-2024,Provisional Budget,FY 2023-24,FY 2023-24,,Professional services-Advisory service,Price Waterhouse & Co LLP,0.00, ,0.00,255000.00,,0,0, Completed, 
AIPL,Purchase Order,1040,1040,03-05-2024,Provisional Budget,FY 2023-24,FY 2023-24,,Security service for 12hrs / 30 days ,WALSONS SERVICES PVT LTD ,104247.00, 0.00,,0.00,,0,0, Approved, 
AIPL,Purchase Order,1034,1034,02-05-2024,Provisional Budget,FY 2023-24,FY 2023-24,,House Keeping services 2023-2024,CHARLENE HOSPITALITY SERVICES PRIVATE LIMITED,308940.00, 0.00,,0.00,,0,0, Approved, 
AIPL,Supplier Invoice,1885,1210,04-06-2024,Provisional Budget,FY 2023-24,FY 2023-24,,CAR HIRE CHARGES.,AUTORIDERS INTERNATIONAL LTD,0.00, ,0.00,41618.00,,0,0, Completed, 
AIPL,Purchase Order,1265,1265,05-06-2024,Provisional Budget,FY 2023-24,FY 2023-24,,Professional Fess-2023&2024.,Protiviti India Member Private Limited,22550.00, 0.00,,0.00,,0,0, Approved, 
AIPL,Supplier Invoice,1639,1038,06-05-2024,Provisional Budget,FY 2023-24,FY 2023-24,,Kitchen products with 18 % gst,SIDDHIVINAYAK ENTERPRISES,0.00, ,0.00,2900.00,,0,0, Completed, 
AIPL,Supplier Invoice,1628,1033,06-05-2024,Provisional Budget,FY 2023-24,FY 2023-24,,LinkedIn Management Retainer Fees,Hyperion Brand & Communications Consultancy,0.00, ,0.00,50000.00,,0,0, Completed, 
AIPL,Supplier Invoice,2185,1238,02-07-2024,Provisional Budget,FY 2023-24,FY 2023-24,,Kitchen Products-March -2024,Center Point Stationery,0.00, ,0.00,27412.00,,0,0, Completed, 
AIPL,Purchase Order,1038,1038,03-05-2024,Provisional Budget,FY 2023-24,FY 2023-24,,Kitchen products with 5 % gst,SIDDHIVINAYAK ENTERPRISES,15753.00, 0.00,,0.00,,0,0, Approved, 
AIIMPL,Budget Balances,  , , 01-04-2024 ,Provisional Budget,FY 2023-24,FY 2023-24,0.00,,,,,,,0.00,457892.00,, , 
AIIMPL,Supplier Invoice,2002,1269,13-06-2024,Provisional Budget,FY 2023-24,FY 2023-24,,Professional Fess-2023&2024.,Protiviti India Member Private Limited,0.00, ,0.00,22550.00,,,, Completed, 
AIIMPL,Purchase Order,1269,1269,05-06-2024,Provisional Budget,FY 2023-24,FY 2023-24,,Professional Fess-2023&2024.,Protiviti India Member Private Limited,22550.00, 0.00,,0.00,,0,0, Approved, 
AIIMPL,Supplier Invoice,2179,1367,01-07-2024,Provisional Budget,FY 2023-24,FY 2023-24,,Legal&Professional fees-protivity,Protiviti India Member Private Limited,0.00, ,0.00,15715.00,,0,0, Completed, 
AIIMPL,Supplier Invoice,2545,1543,30-07-2024,Provisional Budget,FY 2023-24,FY 2023-24,,Retainership Fees-MARCH24,Sandip Shah & co,0.00, ,0.00,20000.00,,0,0, Completed, 
AIIMPL,Purchase Order,1367,1367,24-06-2024,Provisional Budget,FY 2023-24,FY 2023-24,,Legal&Professional fees-protivity,Protiviti India Member Private Limited,15715.00, 0.00,,0.00,,0,0, Approved, 
AIIMPL,Purchase Order,1543,1543,25-07-2024,Provisional Budget,FY 2023-24,FY 2023-24,,Retainership Fees-MARCH24,Sandip Shah & co,20000.00, 0.00,,0.00,,0,0, Approved, 
JUHI,Budget Balances,  , , 01-04-2024 ,Provisional Budget,FY 2023-24,FY 2023-24,0.00,,,,,,,0.00,21158053.00,, , 
JUHI,Purchase Order,1074,1074,08-05-2024,Provisional Budget,FY 2023-24,FY 2023-24,,FUEL - Highway Operation Vehicles-  AJUHI,KARAN MOTORS,14247.00, 0.00,,0.00,,,, Closed, 
JUHI,Supplier Invoice,1746,1116,15-05-2024,Provisional Budget,FY 2023-24,FY 2023-24,,Monthly Payments to Mulkhraj Contractor,Mulkh raj Contractor,0.00, ,0.00,221690.00,,0,0, Completed, 
JUHI,Operating Expense,4160,0,06-04-2024,Provisional Budget,FY 2023-24,FY 2023-24,,Bharti Airtel - CUG Connections,Bharti Airtel Limited - CUG Mobile Bill,0.00, ,0.00,4001.20,,0,0, Completed, 
JUHI,Purchase Order,1257,1257,05-06-2024,Provisional Budget,FY 2023-24,FY 2023-24,,GST advisory services,Price Waterhouse & Co LLP,188930.00, 0.00,,0.00,,0,0, Approved, 
JUHI,Supplier Invoice,2247,1145,04-07-2024,Provisional Budget,FY 2023-24,FY 2023-24,,Professional fees-JUHI-Sandip shah,Sandip Shah & co,0.00, ,0.00,88500.00,,0,0, Completed, 
JUHI,Purchase Order,1540,1540,25-07-2024,Provisional Budget,FY 2023-24,FY 2023-24,,Retainership Fees-MARCH24,Sandip Shah & co,23600.00, 0.00,,0.00,,0,0, Approved, 
JUHI,Supplier Invoice,2003,1267,13-06-2024,Provisional Budget,FY 2023-24,FY 2023-24,,Professional Fess-2023&2024.,Protiviti India Member Private Limited,0.00, ,0.00,26605.00,,0,0, Completed, 
JUHI,Travel Expense,3992,0,10-04-2024,Provisional Budget,FY 2023-24,FY 2023-24,,Food & Beverages,S.V.Koteswara Rao,0.00, ,0.00,1740.00,,0,0, Completed, 
JUHI,Supplier Invoice,2543,1540,30-07-2024,Provisional Budget,FY 2023-24,FY 2023-24,,Retainership Fees-MARCH24,Sandip Shah & co,0.00, ,0.00,23600.00,,0,0, Completed, 
JUHI,Purchase Order,1116,1116,13-05-2024,Provisional Budget,FY 2023-24,FY 2023-24,,Monthly Payments to Mulkhraj Contractor,Mulkh raj Contractor,226560.00, 0.00,,0.00,,0,0, Closed, 
JUHI,Purchase Order,1267,1267,05-06-2024,Provisional Budget,FY 2023-24,FY 2023-24,,Professional Fess-2023&2024.,Protiviti India Member Private Limited,26605.00, 0.00,,0.00,,0,0, Approved, 
JUHI,Supplier Invoice,1759,1120,17-05-2024,Provisional Budget,FY 2023-24,FY 2023-24,,Fuel for DG Set,KARAN MOTORS,0.00, ,0.00,441713.00,,0,0, Completed, 
JUHI,Supplier Invoice,2244,1145,04-07-2024,Provisional Budget,FY 2023-24,FY 2023-24,,Professional fees-JUHI-Sandip shah,Sandip Shah & co,0.00, ,0.00,5900.00,,0,0, Completed, 
JUHI,Purchase Order,1593,1593,05-08-2024,Provisional Budget,FY 2023-24,FY 2023-24,,SECRETARIAL AUDIT ,Anubhuti Tripathi & Associates,47200.00, 0.00,,0.00,,0,0, Approved, 
JUHI,Supplier Invoice,1679,1074,10-05-2024,Provisional Budget,FY 2023-24,FY 2023-24,,FUEL - Highway Operation Vehicles-  AJUHI,KARAN MOTORS,0.00, ,0.00,14247.00,,0,0, Completed, 
JUHI,Operating Expense,4159,0,01-04-2024,Provisional Budget,FY 2023-24,FY 2023-24,,Food & Beverages,Yaqoob Mohd,0.00, ,0.00,1600.00,,0,0, Completed, 
JUHI,Supplier Invoice,1683,970,10-05-2024,Provisional Budget,FY 2023-24,FY 2023-24,,Monthly Payments To M/S Zorawar Enterprises,ZORAWAR ENTERPRISES,0.00, ,0.00,2452146.00,,0,0, Completed, 
JUHI,Supplier Invoice,2005,1257,13-06-2024,Provisional Budget,FY 2023-24,FY 2023-24,,GST advisory services,Price Waterhouse & Co LLP,0.00, ,0.00,188930.00,,0,0, Completed, 
JUHI,Supplier Invoice,2375,1436,12-07-2024,Provisional Budget,FY 2023-24,FY 2023-24,,LED street light - 150 Watts ,Bharatia Technical Services   ,0.00, ,0.00,191207.00,,0,0, Completed, 
JUHI,Regular Expense,4263,0,17-05-2024,Provisional Budget,FY 2023-24,FY 2023-24,,Food & Beverages,Davinder Singh,0.00, ,0.00,710.00,,0,0, Completed, 
JUHI,Supplier Invoice,2245,1145,04-07-2024,Provisional Budget,FY 2023-24,FY 2023-24,,Professional fees-JUHI-Sandip shah,Sandip Shah & co,0.00, ,0.00,23600.00,,0,0, Completed, 
JUHI,Purchase Order,970,970,17-04-2024,Provisional Budget,FY 2023-24,FY 2023-24,,Monthly Payments To M/S Zorawar Enterprises,ZORAWAR ENTERPRISES,2452146.00, 2452145.00,,0.00,,0,0, Closed, 
JUHI,Purchase Order,1211,1211,28-05-2024,Provisional Budget,FY 2023-24,FY 2023-24,,CAR HIRE CHARGES.,AUTORIDERS INTERNATIONAL LTD,1696.00, 1696.00,,0.00,,0,0, Approved, 
JUHI,Supplier Invoice,2675,1593,09-08-2024,Provisional Budget,FY 2023-24,FY 2023-24,,SECRETARIAL AUDIT ,Anubhuti Tripathi & Associates,0.00, ,0.00,47200.00,,0,0, Completed, 
JUHI,Purchase Order,1616,1616,09-08-2024,Provisional Budget,FY 2023-24,FY 2023-24,,Professional Fees for Internal Audit Fees ,Protiviti India Member Private Limited,378780.00, 378780.00,,0.00,,0,0, Approved, 
JUHI,Purchase Order,1436,1436,05-07-2024,Provisional Budget,FY 2023-24,FY 2023-24,,LED street light - 150 Watts ,Bharatia Technical Services   ,191207.00, 191207.00,,0.00,,0,0, Approved, 
JUHI,Regular Expense,4263,0,17-05-2024,Provisional Budget,FY 2023-24,FY 2023-24,,Food & Beverages,Davinder Singh,0.00, ,0.00,1160.00,,0,0, Completed, 
JUHI,Supplier Invoice,2246,1145,04-07-2024,Provisional Budget,FY 2023-24,FY 2023-24,,Professional fees-JUHI-Sandip shah,Sandip Shah & co,0.00, ,0.00,23600.00,,0,0, Completed, 
JUHI,Travel Expense,4214,0,08-05-2024,Provisional Budget,FY 2023-24,FY 2023-24,,Food & Beverages,S.V.Koteswara Rao,0.00, ,0.00,2241.46,,0,0, Completed, 
JUHI,Purchase Order,1145,1145,17-05-2024,Provisional Budget,FY 2023-24,FY 2023-24,,Professional fees-JUHI-Sandip shah,Sandip Shah & co,141600.00, 0.00,,0.00,,0,0, Approved, 
JUHI,Purchase Order,1120,1120,14-05-2024,Provisional Budget,FY 2023-24,FY 2023-24,,Fuel for DG Set,KARAN MOTORS,441713.00, 441712.00,,0.00,,0,0, Closed, 
QB,Budget Balances,  , , 01-04-2024 ,Provisional Budget,FY 2023-24,FY 2023-24,0.00,,,,,,,0.00,27079536.00,, , 
QB,Purchase Order,1143,1143,17-05-2024,Provisional Budget,FY 2023-24,FY 2023-24,,Professional Fees-QB-sandip shah,Sandip Shah & co,41300.00, 0.00,,0.00,,,, Approved, 
QB,Purchase Order,1595,1595,05-08-2024,Provisional Budget,FY 2023-24,FY 2023-24,,Fuel For Tractor 23-24,Modh Farooq Khatana,26875.00, 26875.00,,0.00,,0,0, Approved, 
QB,Supplier Invoice,2723,1595,13-08-2024,Provisional Budget,FY 2023-24,FY 2023-24,,Fuel For Tractor 23-24,Modh Farooq Khatana,0.00, ,0.00,26875.00,,0,0, Completed, 
QB,Purchase Order,1621,1621,12-08-2024,Provisional Budget,FY 2023-24,FY 2023-24,,Hire Tractor/JCB,Eilyas Nazir Seh,59850.00, 59850.00,,0.00,,0,0, Approved, 
QB,Purchase Order,1457,1457,09-07-2024,Provisional Budget,FY 2023-24,FY 2023-24,,IFTYAR PARTY,IMTIYAZ AHMED SEHMAT,195125.00, 0.00,,0.00,,0,0, Approved, 
QB,Purchase Order,1544,1544,25-07-2024,Provisional Budget,FY 2023-24,FY 2023-24,,Retainership Fees-MARCH24,Sandip Shah & co,23600.00, 0.00,,0.00,,0,0, Approved, 
QB,Purchase Order,1266,1266,05-06-2024,Provisional Budget,FY 2023-24,FY 2023-24,,Professional Fess-2023&2024.,Protiviti India Member Private Limited,26609.00, 0.00,,0.00,,0,0, Approved, 
QB,Purchase Order,1070,1070,07-05-2024,Provisional Budget,FY 2023-24,FY 2023-24,,House Keeping services 2023-2024,CHARLENE HOSPITALITY SERVICES PRIVATE LIMITED,88937.00, 0.00,,0.00,,0,0, Approved, 
QB,Supplier Invoice,2547,1544,30-07-2024,Provisional Budget,FY 2023-24,FY 2023-24,,Retainership Fees-MARCH24,Sandip Shah & co,0.00, ,0.00,23600.00,,0,0, Completed, 
QB,Supplier Invoice,1719,1070,14-05-2024,Provisional Budget,FY 2023-24,FY 2023-24,,House Keeping services 2023-2024,CHARLENE HOSPITALITY SERVICES PRIVATE LIMITED,0.00, ,0.00,88937.00,,0,0, Completed, 
QB,Supplier Invoice,2677,1591,09-08-2024,Provisional Budget,FY 2023-24,FY 2023-24,,SECRETARIAL AUDIT ,Anubhuti Tripathi & Associates,0.00, ,0.00,47200.00,,0,0, Completed, 
QB,Purchase Order,1591,1591,05-08-2024,Provisional Budget,FY 2023-24,FY 2023-24,,SECRETARIAL AUDIT ,Anubhuti Tripathi & Associates,47200.00, 0.00,,0.00,,0,0, Approved, 
QB,Supplier Invoice,2327,1457,09-07-2024,Provisional Budget,FY 2023-24,FY 2023-24,,IFTYAR PARTY,IMTIYAZ AHMED SEHMAT,0.00, ,0.00,195125.00,,0,0, Completed, 
QB,Supplier Invoice,2004,1266,13-06-2024,Provisional Budget,FY 2023-24,FY 2023-24,,Professional Fess-2023&2024.,Protiviti India Member Private Limited,0.00, ,0.00,26609.00,,0,0, Completed, 
QB,Purchase Order,1259,1259,05-06-2024,Provisional Budget,FY 2023-24,FY 2023-24,,GST advisory services,Price Waterhouse & Co LLP,130471.00, 0.00,,0.00,,0,0, Approved, 
QB,Purchase Order,1474,1474,11-07-2024,Provisional Budget,FY 2023-24,FY 2023-24,,Fuel Expenses JCB 23-24,Showket Ahmad Sheikh,85000.00, 85000.00,,0.00,,0,0, Approved, 
QB,Purchase Order,1630,1630,13-08-2024,Provisional Budget,FY 2023-24,FY 2023-24,,Hire Tractor/JCB,Eilyas Nazir Seh,29925.00, 29925.00,,0.00,,0,0, Approved, 
QB,Purchase Order,1448,1448,08-07-2024,Provisional Budget,FY 2023-24,FY 2023-24,,Hire Tractor/JCB,Eilyas Nazir Seh,33630.00, 33630.00,,0.00,,0,0, Closed, 
QB,Supplier Invoice,1796,1143,24-05-2024,Provisional Budget,FY 2023-24,FY 2023-24,,Professional Fees-QB-sandip shah,Sandip Shah & co,0.00, ,0.00,11800.00,,0,0, Completed, 
QB,Purchase Order,1620,1620,12-08-2024,Provisional Budget,FY 2023-24,FY 2023-24,,RRM BILL EGIS FOR MONTH OF March 23-24,Egis Road Operation India Pvt. Ltd.,6067450.00, 6067450.00,,0.00,,0,0, Submitted, 
QB,Supplier Invoice,2006,1259,13-06-2024,Provisional Budget,FY 2023-24,FY 2023-24,,GST advisory services,Price Waterhouse & Co LLP,0.00, ,0.00,63752.00,,0,0, Completed, 
QB,Supplier Invoice,1797,1143,24-05-2024,Provisional Budget,FY 2023-24,FY 2023-24,,Professional Fees-QB-sandip shah,Sandip Shah & co,0.00, ,0.00,5900.00,,0,0, Completed, 
QB,Supplier Invoice,1785,1143,23-05-2024,Provisional Budget,FY 2023-24,FY 2023-24,,Professional Fees-QB-sandip shah,Sandip Shah & co,0.00, ,0.00,23600.00,,0,0, Completed, 
QB,Supplier Invoice,2640,1474,06-08-2024,Provisional Budget,FY 2023-24,FY 2023-24,,Fuel Expenses JCB 23-24,Showket Ahmad Sheikh,0.00, ,0.00,82775.00,,0,0, Completed, 
AIPL,Budget Balances,  , , 01-04-2024 ,Due Diligence,BOT,BOT,0.00,,,,,,,78000.00,0.00,, , 
AIPL,Budget Adjustment,450,0,17-05-2024,Due Diligence,BOT,BOT,,,,0.00, ,0.00,0.00,,,, , 
AIPL,Supplier Invoice,1920,1168,07-06-2024,Due Diligence,BOT,BOT,,Traffic count at Nashik Phata-Khed Pkg 1,Datacorp Traffic Private Limited ,0.00, ,0.00,78000.00,,0,0, Completed, 
AIPL,Purchase Order,1168,1168,22-05-2024,Due Diligence,BOT,BOT,,Traffic count at Nashik Phata-Khed Pkg 1,Datacorp Traffic Private Limited ,78000.00, 0.00,,0.00,,0,0, Approved, 
JUHI,Budget Balances,  , , 01-04-2024 ,Other Expenses,Advance to NHAI ,Advance to NHAI ,0.00,,,,,,,2606072.00,0.00,, , 
JUHI,Purchase Order,1162,1162,22-05-2024,Other Expenses,Advance to NHAI ,Advance to NHAI ,,Payment - NHAI PIU Udhampur,NHAI PIU Udhampur,2606072.00, 2606072.00,,0.00,,,, Closed, 
JUHI,Budget Adjustment,451,0,21-05-2024,Other Expenses,Advance to NHAI ,Advance to NHAI ,,,,0.00, ,0.00,0.00,,0,0, , 
ADHTPL,Budget Balances,  , , 01-04-2024 ,Provisional Budget,FY 2023-24,FY 2023-24,0.00,,,,,,,0.00,41391603.00,, , 
ADHTPL,Supplier Invoice,2516,1384,26-07-2024,Provisional Budget,FY 2023-24,FY 2023-24,,Wash Basin with a size of 40.5CMX40.5CMX16.8CM,Egis Road Operation India Pvt. Ltd.-DH,0.00, ,0.00,9440.00,,,, Completed, 
ADHTPL,Purchase Order,1411,1411,01-07-2024,Provisional Budget,FY 2023-24,FY 2023-24,,IE Fees,National Highway Authority of India. - BLR IE Fee,4174366.00, 4174366.00,,0.00,,0,0, Approved, 
ADHTPL,Purchase Order,1384,1384,25-06-2024,Provisional Budget,FY 2023-24,FY 2023-24,,Ventilator -2ftX2ft ,Egis Road Operation India Pvt. Ltd.-DH,4720.00, 0.00,,0.00,,0,0, Approved, 
ADHTPL,Supplier Invoice,2627,1359,06-08-2024,Provisional Budget,FY 2023-24,FY 2023-24,,PQC Repairs ( Leached Areas),Essar Engineering and Infra Projects,0.00, ,0.00,797385.00,,0,0, Completed, 
ADHTPL,Purchase Order,1359,1359,24-06-2024,Provisional Budget,FY 2023-24,FY 2023-24,,PQC Repairs ( Leached Areas),Essar Engineering and Infra Projects,852550.00, 852550.00,,0.00,,0,0, Approved, 
ADHTPL,Purchase Order,1212,1212,28-05-2024,Provisional Budget,FY 2023-24,FY 2023-24,,CAR HIRE CHARGES.,AUTORIDERS INTERNATIONAL LTD,3750.00, 3750.00,,0.00,,0,0, Approved, 
ADHTPL,Supplier Invoice,2542,1532,30-07-2024,Provisional Budget,FY 2023-24,FY 2023-24,,Retainership Fees-MARCH24,Sandip Shah & co,0.00, ,0.00,23600.00,,0,0, Completed, 
ADHTPL,Supplier Invoice,2516,1384,26-07-2024,Provisional Budget,FY 2023-24,FY 2023-24,,Providing and laying  RMC-M-25 Grade,Egis Road Operation India Pvt. Ltd.-DH,0.00, ,0.00,123900.00,,0,0, Completed, 
ADHTPL,Supplier Invoice,2436,1444,18-07-2024,Provisional Budget,FY 2023-24,FY 2023-24,,Fees for Statutory Audit,Nangia  & Co Llp,0.00, ,0.00,1268861.00,,0,0, Completed, 
ADHTPL,Purchase Order,1355,1355,24-06-2024,Provisional Budget,FY 2023-24,FY 2023-24,,Providing of 600mm dia Hume Pipe extra wide lane ,Egis Road Operation India Pvt. Ltd.-DH,63602.00, 63602.00,,0.00,,0,0, Approved, 
ADHTPL,Purchase Order,1384,1384,25-06-2024,Provisional Budget,FY 2023-24,FY 2023-24,,Provision of Plumping,Egis Road Operation India Pvt. Ltd.-DH,29500.00, 0.00,,0.00,,0,0, Approved, 
ADHTPL,Purchase Order,1384,1384,25-06-2024,Provisional Budget,FY 2023-24,FY 2023-24,, HYSD bar reinforcement concrete F-500,Egis Road Operation India Pvt. Ltd.-DH,303791.00, 0.00,,0.00,,0,0, Approved, 
ADHTPL,Purchase Order,1360,1360,24-06-2024,Provisional Budget,FY 2023-24,FY 2023-24,,MIcrosurfacing,Alsec Engineering And Construction LLP,1274400.00, 1274400.00,,0.00,,0,0, Approved, 
ADHTPL,Purchase Order,1216,1216,29-05-2024,Provisional Budget,FY 2023-24,FY 2023-24,,Out of pocket expenses,Protiviti India Member Private Limited,0.00, 0.00,,0.00,,0,0, Approved, 
ADHTPL,Supplier Invoice,2516,1384,26-07-2024,Provisional Budget,FY 2023-24,FY 2023-24,,Ventilator -2ftX2ft ,Egis Road Operation India Pvt. Ltd.-DH,0.00, ,0.00,4720.00,,0,0, Completed, 
ADHTPL,Supplier Invoice,2126,1352,25-06-2024,Provisional Budget,FY 2023-24,FY 2023-24,,Travelling & Fooding Expenses,Shivas Gatway,0.00, ,0.00,1608.00,,0,0, Completed, 
ADHTPL,Purchase Order,1532,1532,24-07-2024,Provisional Budget,FY 2023-24,FY 2023-24,,Retainership Fees-MARCH24,Sandip Shah & co,23600.00, 0.00,,0.00,,0,0, Approved, 
ADHTPL,Supplier Invoice,2516,1384,26-07-2024,Provisional Budget,FY 2023-24,FY 2023-24,,Provision of Plumping,Egis Road Operation India Pvt. Ltd.-DH,0.00, ,0.00,29500.00,,0,0, Completed, 
ADHTPL,Purchase Order,1384,1384,25-06-2024,Provisional Budget,FY 2023-24,FY 2023-24,,Tiles flooring,Egis Road Operation India Pvt. Ltd.-DH,59000.00, 0.00,,0.00,,0,0, Approved, 
ADHTPL,Purchase Order,1384,1384,25-06-2024,Provisional Budget,FY 2023-24,FY 2023-24,,Dismantling of existing structures,Egis Road Operation India Pvt. Ltd.-DH,69325.00, 0.00,,0.00,,0,0, Approved, 
ADHTPL,Purchase Order,1359,1359,24-06-2024,Provisional Budget,FY 2023-24,FY 2023-24,,Shear Connectors,Essar Engineering and Infra Projects,236000.00, 236000.00,,0.00,,0,0, Approved, 
ADHTPL,Supplier Invoice,2516,1384,26-07-2024,Provisional Budget,FY 2023-24,FY 2023-24,, HYSD bar reinforcement concrete F-500,Egis Road Operation India Pvt. Ltd.-DH,0.00, ,0.00,303791.00,,0,0, Completed, 
ADHTPL,Supplier Invoice,2121,1352,25-06-2024,Provisional Budget,FY 2023-24,FY 2023-24,,Travelling & Fooding Expenses,Shivas Gatway,0.00, ,0.00,3125.00,,0,0, Completed, 
ADHTPL,Purchase Order,1355,1355,24-06-2024,Provisional Budget,FY 2023-24,FY 2023-24,,RCC m-25 for Encasing of Pipe ,Egis Road Operation India Pvt. Ltd.-DH,68145.00, 68145.00,,0.00,,0,0, Approved, 
ADHTPL,Purchase Order,1384,1384,25-06-2024,Provisional Budget,FY 2023-24,FY 2023-24,,Provision of Electrical Work,Egis Road Operation India Pvt. Ltd.-DH,1.00, 0.00,,0.00,,0,0, Approved, 
ADHTPL,Supplier Invoice,2516,1384,26-07-2024,Provisional Budget,FY 2023-24,FY 2023-24,,Tiles flooring,Egis Road Operation India Pvt. Ltd.-DH,0.00, ,0.00,59000.00,,0,0, Completed, 
ADHTPL,Purchase Order,1384,1384,25-06-2024,Provisional Budget,FY 2023-24,FY 2023-24,,Brick masonry work,Egis Road Operation India Pvt. Ltd.-DH,189980.00, 0.00,,0.00,,0,0, Approved, 
ADHTPL,Purchase Order,1216,1216,29-05-2024,Provisional Budget,FY 2023-24,FY 2023-24,,Internal audit fees for system integration testing,Protiviti India Member Private Limited,295000.00, 295000.00,,0.00,,0,0, Approved, 
ADHTPL,Purchase Order,1358,1358,24-06-2024,Provisional Budget,FY 2023-24,FY 2023-24,,Fog Sealing on Existing Bituminous Surface,Egis Road Operation India Pvt. Ltd.-DH,2814300.00, 2814300.00,,0.00,,0,0, Approved, 
ADHTPL,Supplier Invoice,2516,1384,26-07-2024,Provisional Budget,FY 2023-24,FY 2023-24,,Dismantling of existing structures,Egis Road Operation India Pvt. Ltd.-DH,0.00, ,0.00,69325.00,,0,0, Completed, 
ADHTPL,Supplier Invoice,2516,1384,26-07-2024,Provisional Budget,FY 2023-24,FY 2023-24,,Provision of Electrical Work,Egis Road Operation India Pvt. Ltd.-DH,0.00, ,0.00,1.00,,0,0, Completed, 
ADHTPL,Purchase Order,1384,1384,25-06-2024,Provisional Budget,FY 2023-24,FY 2023-24,,Painting for toilet,Egis Road Operation India Pvt. Ltd.-DH,170805.00, 0.00,,0.00,,0,0, Approved, 
ADHTPL,Supplier Invoice,2334,1381,10-07-2024,Provisional Budget,FY 2023-24,FY 2023-24,,Professional Fees 23-24	,Suresh Surana & Associates,0.00, ,0.00,206500.00,,0,0, Completed, 
ADHTPL,Purchase Order,1384,1384,25-06-2024,Provisional Budget,FY 2023-24,FY 2023-24,,Earthwork in excavation of foundation for Toilet,Egis Road Operation India Pvt. Ltd.-DH,29500.00, 0.00,,0.00,,0,0, Approved, 
ADHTPL,Purchase Order,1359,1359,24-06-2024,Provisional Budget,FY 2023-24,FY 2023-24,,Shear Reinforcement ,Essar Engineering and Infra Projects,112100.00, 112100.00,,0.00,,0,0, Approved, 
ADHTPL,Supplier Invoice,2516,1384,26-07-2024,Provisional Budget,FY 2023-24,FY 2023-24,,Brick masonry work,Egis Road Operation India Pvt. Ltd.-DH,0.00, ,0.00,189980.00,,0,0, Completed, 
ADHTPL,Supplier Invoice,2122,1352,25-06-2024,Provisional Budget,FY 2023-24,FY 2023-24,,Travelling & Fooding Expenses,Shivas Gatway,0.00, ,0.00,3125.00,,0,0, Completed, 
ADHTPL,Purchase Order,1355,1355,24-06-2024,Provisional Budget,FY 2023-24,FY 2023-24,,Supply TMT Steel bar reinforcement,Egis Road Operation India Pvt. Ltd.-DH,49259.00, 49259.00,,0.00,,0,0, Approved, 
ADHTPL,Purchase Order,1444,1444,05-07-2024,Provisional Budget,FY 2023-24,FY 2023-24,,Fees for Statutory Audit,Nangia  & Co Llp,1268861.00, 0.00,,0.00,,0,0, Approved, 
ADHTPL,Supplier Invoice,2516,1384,26-07-2024,Provisional Budget,FY 2023-24,FY 2023-24,,Painting for toilet,Egis Road Operation India Pvt. Ltd.-DH,0.00, ,0.00,170805.00,,0,0, Completed, 
ADHTPL,Purchase Order,1384,1384,25-06-2024,Provisional Budget,FY 2023-24,FY 2023-24,,Plastering  cement Mortor 1:3 ,Egis Road Operation India Pvt. Ltd.-DH,79709.00, 0.00,,0.00,,0,0, Approved, 
ADHTPL,Supplier Invoice,2627,1359,06-08-2024,Provisional Budget,FY 2023-24,FY 2023-24,,Transportation Charge ,Essar Engineering and Infra Projects,0.00, ,0.00,17700.00,,0,0, Completed, 
ADHTPL,Purchase Order,1359,1359,24-06-2024,Provisional Budget,FY 2023-24,FY 2023-24,,Transportation Charge ,Essar Engineering and Infra Projects,17700.00, 17700.00,,0.00,,0,0, Approved, 
ADHTPL,Supplier Invoice,2516,1384,26-07-2024,Provisional Budget,FY 2023-24,FY 2023-24,,Earthwork in excavation of foundation for Toilet,Egis Road Operation India Pvt. Ltd.-DH,0.00, ,0.00,29500.00,,0,0, Completed, 
ADHTPL,Purchase Order,1381,1381,24-06-2024,Provisional Budget,FY 2023-24,FY 2023-24,,Professional Fees 23-24	,Suresh Surana & Associates,206500.00, 0.00,,0.00,,0,0, Approved, 
ADHTPL,Purchase Order,1355,1355,24-06-2024,Provisional Budget,FY 2023-24,FY 2023-24,,Excavation of Existing support frame by Breaker ,Egis Road Operation India Pvt. Ltd.-DH,17700.00, 17700.00,,0.00,,0,0, Approved, 
ADHTPL,Purchase Order,1384,1384,25-06-2024,Provisional Budget,FY 2023-24,FY 2023-24,,Mirror - for the Size of 2ftX2ft,Egis Road Operation India Pvt. Ltd.-DH,1.00, 0.00,,0.00,,0,0, Approved, 
ADHTPL,Purchase Order,1384,1384,25-06-2024,Provisional Budget,FY 2023-24,FY 2023-24,,Providing and laying of PCC M-15,Egis Road Operation India Pvt. Ltd.-DH,6490.00, 0.00,,0.00,,0,0, Approved, 
ADHTPL,Purchase Order,1359,1359,24-06-2024,Provisional Budget,FY 2023-24,FY 2023-24,,Micro surfacing for Panel damaged areas,Essar Engineering and Infra Projects,1486800.00, 1486800.00,,0.00,,0,0, Approved, 
ADHTPL,Supplier Invoice,2516,1384,26-07-2024,Provisional Budget,FY 2023-24,FY 2023-24,,Plastering  cement Mortor 1:3 ,Egis Road Operation India Pvt. Ltd.-DH,0.00, ,0.00,79709.00,,0,0, Completed, 
ADHTPL,Supplier Invoice,2123,1352,25-06-2024,Provisional Budget,FY 2023-24,FY 2023-24,,Travelling & Fooding Expenses,Shivas Gatway,0.00, ,0.00,12500.00,,0,0, Completed, 
ADHTPL,Supplier Invoice,2531,1358,29-07-2024,Provisional Budget,FY 2023-24,FY 2023-24,,Fog Sealing on Existing Bituminous Surface,Egis Road Operation India Pvt. Ltd.-DH,0.00, ,0.00,2814300.00,,0,0, Completed, 
ADHTPL,Purchase Order,1355,1355,24-06-2024,Provisional Budget,FY 2023-24,FY 2023-24,,Remove and Re-Fabrication of Grid forISLANDportion,Egis Road Operation India Pvt. Ltd.-DH,17700.00, 17700.00,,0.00,,0,0, Approved, 
ADHTPL,Purchase Order,1352,1352,22-06-2024,Provisional Budget,FY 2023-24,FY 2023-24,,Travelling & Fooding Expenses,Shivas Gatway,39029.00, 0.00,,0.00,,0,0, Approved, 
ADHTPL,Supplier Invoice,2516,1384,26-07-2024,Provisional Budget,FY 2023-24,FY 2023-24,,Mirror - for the Size of 2ftX2ft,Egis Road Operation India Pvt. Ltd.-DH,0.00, ,0.00,1.00,,0,0, Completed, 
ADHTPL,Purchase Order,1384,1384,25-06-2024,Provisional Budget,FY 2023-24,FY 2023-24,,Door - fabricated with mild steel frame 50X50X5mm ,Egis Road Operation India Pvt. Ltd.-DH,5.00, 0.00,,0.00,,0,0, Approved, 
ADHTPL,Supplier Invoice,2627,1359,06-08-2024,Provisional Budget,FY 2023-24,FY 2023-24,,Surface Preparation For PQC,Essar Engineering and Infra Projects,0.00, ,0.00,102534.00,,0,0, Completed, 
ADHTPL,Supplier Invoice,2331,1216,10-07-2024,Provisional Budget,FY 2023-24,FY 2023-24,,Internal audit fees for system integration testing,Protiviti India Member Private Limited,0.00, ,0.00,295000.00,,0,0, Completed, 
ADHTPL,Purchase Order,1359,1359,24-06-2024,Provisional Budget,FY 2023-24,FY 2023-24,,Surface Preparation For PQC,Essar Engineering and Infra Projects,295000.00, 295000.00,,0.00,,0,0, Approved, 
ADHTPL,Supplier Invoice,2516,1384,26-07-2024,Provisional Budget,FY 2023-24,FY 2023-24,,Providing and laying of PCC M-15,Egis Road Operation India Pvt. Ltd.-DH,0.00, ,0.00,6490.00,,0,0, Completed, 
ADHTPL,Purchase Order,1355,1355,24-06-2024,Provisional Budget,FY 2023-24,FY 2023-24,,Supply and Providing of 600mm dia Hume Pipe,Egis Road Operation India Pvt. Ltd.-DH,290752.00, 290752.00,,0.00,,0,0, Approved, 
ADHTPL,Purchase Order,1384,1384,25-06-2024,Provisional Budget,FY 2023-24,FY 2023-24,,Wash Basin with a size of 40.5CMX40.5CMX16.8CM,Egis Road Operation India Pvt. Ltd.-DH,9440.00, 0.00,,0.00,,0,0, Approved, 
ADHTPL,Purchase Order,1384,1384,25-06-2024,Provisional Budget,FY 2023-24,FY 2023-24,,Providing and laying  RMC-M-25 Grade,Egis Road Operation India Pvt. Ltd.-DH,123900.00, 0.00,,0.00,,0,0, Approved, 
ADHTPL,Purchase Order,1359,1359,24-06-2024,Provisional Budget,FY 2023-24,FY 2023-24,,Groove Sealant,Essar Engineering and Infra Projects,566400.00, 566400.00,,0.00,,0,0, Approved, 
ADHTPL,Supplier Invoice,2516,1384,26-07-2024,Provisional Budget,FY 2023-24,FY 2023-24,,Door - fabricated with mild steel frame 50X50X5mm ,Egis Road Operation India Pvt. Ltd.-DH,0.00, ,0.00,5.00,,0,0, Completed, 
ADHTPL,Supplier Invoice,2125,1352,25-06-2024,Provisional Budget,FY 2023-24,FY 2023-24,,Travelling & Fooding Expenses,Shivas Gatway,0.00, ,0.00,12500.00,,0,0, Completed, 
ADTPL,Budget Balances,  , , 01-04-2024 ,Provisional Budget,FY 2023-24,FY 2023-24,0.00,,,,,,,0.00,12976096.00,, , 
ADTPL,Supplier Invoice,2499,1489,25-07-2024,Provisional Budget,FY 2023-24,FY 2023-24,,NHAI IE Fees,NHAI-PD-KAMAREDDY,0.00, ,0.00,671043.00,,,, Completed, 
ADTPL,Purchase Order,1617,1617,09-08-2024,Provisional Budget,FY 2023-24,FY 2023-24,,Professional Fees for Internal Audit Fees ,Protiviti India Member Private Limited,378780.00, 378780.00,,0.00,,0,0, Approved, 
ADTPL,Purchase Order,1207,1207,28-05-2024,Provisional Budget,FY 2023-24,FY 2023-24,,CAR HIRE CHARGES.,AUTORIDERS INTERNATIONAL LTD,8133.00, 8133.00,,0.00,,0,0, Approved, 
ADTPL,Purchase Order,1533,1533,24-07-2024,Provisional Budget,FY 2023-24,FY 2023-24,,Retainership Fees-MARCH24,Sandip Shah & co,23600.00, 0.00,,0.00,,0,0, Approved, 
ADTPL,Purchase Order,1380,1380,24-06-2024,Provisional Budget,FY 2023-24,FY 2023-24,,Professional Fees 23-24	,Suresh Surana & Associates,206500.00, 0.00,,0.00,,0,0, Approved, 
ADTPL,Purchase Order,1208,1208,28-05-2024,Provisional Budget,FY 2023-24,FY 2023-24,,CAR HIRE CHARGES.,AUTORIDERS INTERNATIONAL LTD,2011.00, 2011.00,,0.00,,0,0, Approved, 
ADTPL,Supplier Invoice,2431,1380,17-07-2024,Provisional Budget,FY 2023-24,FY 2023-24,,Professional Fees 23-24	,Suresh Surana & Associates,0.00, ,0.00,206500.00,,0,0, Completed, 
ADTPL,Purchase Order,1489,1489,17-07-2024,Provisional Budget,FY 2023-24,FY 2023-24,,NHAI IE Fees,NHAI-PD-KAMAREDDY,1338462.00, 1338462.00,,0.00,,0,0, Approved, 
ADTPL,Supplier Invoice,1875,1205,04-06-2024,Provisional Budget,FY 2023-24,FY 2023-24,,Earthing and other Service Requirements for LED Co,Bharatia Technical Services   ,0.00, ,0.00,183903.00,,0,0, Completed, 
ADTPL,Supplier Invoice,2498,1489,25-07-2024,Provisional Budget,FY 2023-24,FY 2023-24,,NHAI IE Fees,NHAI-PD-KAMAREDDY,0.00, ,0.00,667419.00,,0,0, Completed, 
ADTPL,Purchase Order,1205,1205,27-05-2024,Provisional Budget,FY 2023-24,FY 2023-24,,Earthing and other Service Requirements for LED Co,Bharatia Technical Services   ,183962.00, 0.00,,0.00,,0,0, Closed, 
ADTPL,Supplier Invoice,2546,1533,30-07-2024,Provisional Budget,FY 2023-24,FY 2023-24,,Retainership Fees-MARCH24,Sandip Shah & co,0.00, ,0.00,23600.00,,0,0, Completed, 
KTPL,Budget Balances,  , , 01-04-2024 ,Provisional Budget,FY 2023-24,FY 2023-24,0.00,,,,,,,0.00,4461712.00,, , 
KTPL,Purchase Order,1272,1272,05-06-2024,Provisional Budget,FY 2023-24,FY 2023-24,,Professional Fess-2023&2024.,Protiviti India Member Private Limited,26609.00, 0.00,,0.00,,,, Approved, 
KTPL,Purchase Order,1281,1281,07-06-2024,Provisional Budget,FY 2023-24,FY 2023-24,,IE Fees,National Highway Authority of India-PIU Prg IE Fee,1600000.00, 0.00,,0.00,,0,0, Closed, 
KTPL,Supplier Invoice,1999,1272,13-06-2024,Provisional Budget,FY 2023-24,FY 2023-24,,Professional Fess-2023&2024.,Protiviti India Member Private Limited,0.00, ,0.00,26609.00,,0,0, Completed, 
KTPL,Supplier Invoice,2544,1542,30-07-2024,Provisional Budget,FY 2023-24,FY 2023-24,,Retainership Fees-MARCH24,Sandip Shah & co,0.00, ,0.00,23600.00,,0,0, Completed, 
KTPL,Supplier Invoice,2674,1594,09-08-2024,Provisional Budget,FY 2023-24,FY 2023-24,,SECRETARIAL AUDIT ,Anubhuti Tripathi & Associates,0.00, ,0.00,47200.00,,0,0, Completed, 
KTPL,Purchase Order,1542,1542,25-07-2024,Provisional Budget,FY 2023-24,FY 2023-24,,Retainership Fees-MARCH24,Sandip Shah & co,23600.00, 0.00,,0.00,,0,0, Approved, 
KTPL,Purchase Order,1594,1594,05-08-2024,Provisional Budget,FY 2023-24,FY 2023-24,,SECRETARIAL AUDIT ,Anubhuti Tripathi & Associates,47200.00, 0.00,,0.00,,0,0, Approved, 
KTPL,Supplier Invoice,1944,1281,10-06-2024,Provisional Budget,FY 2023-24,FY 2023-24,,IE Fees,National Highway Authority of India-PIU Prg IE Fee,0.00, ,0.00,1000000.00,,0,0, Completed, 
QB,Budget Balances,  , , 01-04-2024 ,Routine Maintenance Exp.,JCB & Tractor Hiring,JCB & Tractor Hiring,625400.00,,,,,,,0.00,625400.00,, , 
QB,Supplier Invoice,2378,1422,12-07-2024,Routine Maintenance Exp.,JCB & Tractor Hiring,JCB & Tractor Hiring,,Hire Tractor/JCB,Modh Farooq Khatana,0.00, ,0.00,33630.00,,,, Completed, 
QB,Purchase Order,1601,1601,07-08-2024,Routine Maintenance Exp.,JCB & Tractor Hiring,JCB & Tractor Hiring,,Fuel Expenses - Agency,Showket Ahmad Sheikh,165550.00, 165550.00,,0.00,,0,0, Approved, 
QB,Supplier Invoice,2379,1422,12-07-2024,Routine Maintenance Exp.,JCB & Tractor Hiring,JCB & Tractor Hiring,,Hire Tractor/JCB,Modh Farooq Khatana,0.00, ,0.00,33630.00,,0,0, Completed, 
QB,Purchase Order,1403,1403,01-07-2024,Routine Maintenance Exp.,JCB & Tractor Hiring,JCB & Tractor Hiring,,Hire Tractor/JCB,Eilyas Nazir Seh,67260.00, 67260.00,,0.00,,0,0, Closed, 
QB,Supplier Invoice,2380,1323,12-07-2024,Routine Maintenance Exp.,JCB & Tractor Hiring,JCB & Tractor Hiring,,HIRING OF JCB AT QEPL,Showket Ahmad Sheikh,0.00, ,0.00,80240.00,,0,0, Completed, 
QB,Purchase Order,1323,1323,12-06-2024,Routine Maintenance Exp.,JCB & Tractor Hiring,JCB & Tractor Hiring,,HIRING OF JCB AT QEPL,Showket Ahmad Sheikh,160480.00, 0.00,,0.00,,0,0, Approved, 
QB,Supplier Invoice,2381,1323,12-07-2024,Routine Maintenance Exp.,JCB & Tractor Hiring,JCB & Tractor Hiring,,HIRING OF JCB AT QEPL,Showket Ahmad Sheikh,0.00, ,0.00,80240.00,,0,0, Completed, 
QB,Purchase Order,1598,1598,07-08-2024,Routine Maintenance Exp.,JCB & Tractor Hiring,JCB & Tractor Hiring,,Fuel Expenses - Agency,Modh Farooq Khatana,86000.00, 86000.00,,0.00,,0,0, Approved, 
QB,Purchase Order,1422,1422,03-07-2024,Routine Maintenance Exp.,JCB & Tractor Hiring,JCB & Tractor Hiring,,Hire Tractor/JCB,Modh Farooq Khatana,67260.00, 0.00,,0.00,,0,0, Approved, 
QB,Budget Balances,  , , 01-04-2024 ,E & M Exp.,Ventilation Spares,Ventilation Spares,3566041.18,,,,,,,0.00,3566041.18,, , 
QB,Regular Expense,4411,0,12-06-2024,E & M Exp.,Ventilation Spares,Ventilation Spares,,Door Latches against bill no 752,Shakir Rauf,0.00, ,0.00,5250.00,,,, Completed, 
QB,Regular Expense,4412,0,12-06-2024,E & M Exp.,Ventilation Spares,Ventilation Spares,,Door Latches against bill no 751,Shakir Rauf,0.00, ,0.00,6790.00,,0,0, Completed, 
QB,Budget Balances,  , , 01-04-2024 ,E & M Exp.,Fire Fightings Spares,Fire Fightings Spares,330400.00,,,,,,,0.00,330400.00,, , 
QB,Supplier Invoice,2446,1440,18-07-2024,E & M Exp.,Fire Fightings Spares,Fire Fightings Spares,,CHEQURED PLATE,SHIBLIE CONSTRUCTION & FABRICATION,0.00, ,0.00,49447.00,,,, Completed, 
QB,Purchase Order,1440,1440,05-07-2024,E & M Exp.,Fire Fightings Spares,Fire Fightings Spares,,CHEQURED PLATE,SHIBLIE CONSTRUCTION & FABRICATION,49447.00, 49447.00,,0.00,,0,0, Approved, 
QB,Budget Balances,  , , 01-04-2024 ,Vehicle Running & Maintenance Exp.,Vehicle Fitness/Token Tax/Pollution/Permit,Vehicle Fitness/Token Tax/Pollution/Permit,236000.00,,,,,,,0.00,236000.00,, , 
QB,Purchase Order,1221,1221,30-05-2024,Vehicle Running & Maintenance Exp.,Vehicle Fitness/Token Tax/Pollution/Permit,Vehicle Fitness/Token Tax/Pollution/Permit,,FITNESS OF 5 NOS VEHICLE,MUDASIR HAMID DAR,48975.00, 48975.00,,0.00,,,, Approved, 
QB,Purchase Order,1221,1221,30-05-2024,Vehicle Running & Maintenance Exp.,Vehicle Fitness/Token Tax/Pollution/Permit,Vehicle Fitness/Token Tax/Pollution/Permit,,TOKEN TEX OF 5 NOS VEHICLE,MUDASIR HAMID DAR,43200.00, 43200.00,,0.00,,0,0, Approved, 
QB,Purchase Order,1221,1221,30-05-2024,Vehicle Running & Maintenance Exp.,Vehicle Fitness/Token Tax/Pollution/Permit,Vehicle Fitness/Token Tax/Pollution/Permit,,CONSULTANCY CHARGES FOR FITNESS & TOKEN ,MUDASIR HAMID DAR,25000.00, 25000.00,,0.00,,0,0, Approved, 
QB,Budget Balances,  , , 01-04-2024 ,Personal Exp.,Professional Fees = Payroll Process,Professional Fees = Payroll Process,296652.00,,,,,,,0.00,296652.00,, , 
QB,Purchase Order,1318,1318,12-06-2024,Personal Exp.,Professional Fees = Payroll Process,Professional Fees = Payroll Process,,Payroll cost,Grant Thornton,242844.00, 0.00,,0.00,,,, Approved, 
QB,Supplier Invoice,2162,1318,28-06-2024,Personal Exp.,Professional Fees = Payroll Process,Professional Fees = Payroll Process,,Payroll cost,Grant Thornton,0.00, ,0.00,20237.00,,0,0, Completed, 
QB,Budget Balances,  , , 01-04-2024 ,Management Fees,Management Fee,Management Fee,86730000.00,,,,,,,0.00,86730000.00,, , 
QB,Purchase Order,1539,1539,25-07-2024,Management Fees,Management Fee,Management Fee,,Service Management Fees-AIPL,Athaang Infrastructure Private Limited,21682500.00, 21682500.00,,0.00,,,, Submitted, 
QB,Budget Balances,  , , 01-04-2024 ,One Time Expenses,PQC cracks repair inside the tunnel (T1&T2),PQC cracks repair inside the tunnel (T1&T2),4039140.00,,,,,,,0.00,4039140.00,, , 
QB,Purchase Order,1304,1304,15-06-2024,One Time Expenses,PQC cracks repair inside the tunnel (T1&T2),PQC cracks repair inside the tunnel (T1&T2),,Providing and fixing of Sheltex board,ARUN KUMAR GOVT. CONT,115640.00, 115546.00,,0.00,,,, Approved, 
QB,Supplier Invoice,2727,1305,14-08-2024,One Time Expenses,PQC cracks repair inside the tunnel (T1&T2),PQC cracks repair inside the tunnel (T1&T2),,Providing and fixing of Sheltex board,ROADCHEM INFRASTRUCTURES PRIVATE LIMITED,0.00, ,0.00,53213.00,,0,0, Completed, 
QB,Supplier Invoice,2735,1304,14-08-2024,One Time Expenses,PQC cracks repair inside the tunnel (T1&T2),PQC cracks repair inside the tunnel (T1&T2),,Rectification of Manholes by Epoxy Mortor,ARUN KUMAR GOVT. CONT,0.00, ,0.00,1240189.00,,0,0, Completed, 
QB,Purchase Order,1305,1305,15-06-2024,One Time Expenses,PQC cracks repair inside the tunnel (T1&T2),PQC cracks repair inside the tunnel (T1&T2),,Rectification of Manholes by Epoxy Mortor,ROADCHEM INFRASTRUCTURES PRIVATE LIMITED,987129.00, 987129.00,,0.00,,0,0, Approved, 
QB,Purchase Order,1304,1304,15-06-2024,One Time Expenses,PQC cracks repair inside the tunnel (T1&T2),PQC cracks repair inside the tunnel (T1&T2),,Rectification of Manholes by Epoxy Mortor,ARUN KUMAR GOVT. CONT,1585920.00, 1583654.00,,0.00,,0,0, Approved, 
QB,Supplier Invoice,2735,1304,14-08-2024,One Time Expenses,PQC cracks repair inside the tunnel (T1&T2),PQC cracks repair inside the tunnel (T1&T2),,Rectification of LV&HV Manholes by Micor-Concrete ,ARUN KUMAR GOVT. CONT,0.00, ,0.00,448400.00,,0,0, Completed, 
QB,Purchase Order,1305,1305,15-06-2024,One Time Expenses,PQC cracks repair inside the tunnel (T1&T2),PQC cracks repair inside the tunnel (T1&T2),,Repair of LV&HV Manholes by Epoxy Mortar 0-25mmthk,ROADCHEM INFRASTRUCTURES PRIVATE LIMITED,324429.00, 324429.00,,0.00,,0,0, Approved, 
QB,Supplier Invoice,2727,1305,14-08-2024,One Time Expenses,PQC cracks repair inside the tunnel (T1&T2),PQC cracks repair inside the tunnel (T1&T2),,Rectification of Manholes by Epoxy Mortor,ROADCHEM INFRASTRUCTURES PRIVATE LIMITED,0.00, ,0.00,749232.00,,0,0, Completed, 
QB,Purchase Order,1304,1304,15-06-2024,One Time Expenses,PQC cracks repair inside the tunnel (T1&T2),PQC cracks repair inside the tunnel (T1&T2),,Rectification of LV&HV Manholes by Micor-Concrete ,ARUN KUMAR GOVT. CONT,495600.00, 494420.00,,0.00,,0,0, Approved, 
QB,Supplier Invoice,2735,1304,14-08-2024,One Time Expenses,PQC cracks repair inside the tunnel (T1&T2),PQC cracks repair inside the tunnel (T1&T2),,Repair of LV&HV Manholes by Epoxy Mortar 0-25mmthk,ARUN KUMAR GOVT. CONT,0.00, ,0.00,93931.00,,0,0, Completed, 
QB,Purchase Order,1305,1305,15-06-2024,One Time Expenses,PQC cracks repair inside the tunnel (T1&T2),PQC cracks repair inside the tunnel (T1&T2),,Providing and fixing of Sheltex board,ROADCHEM INFRASTRUCTURES PRIVATE LIMITED,62493.00, 62493.00,,0.00,,0,0, Approved, 
QB,Purchase Order,1304,1304,15-06-2024,One Time Expenses,PQC cracks repair inside the tunnel (T1&T2),PQC cracks repair inside the tunnel (T1&T2),,Repair of LV&HV Manholes by Epoxy Mortar 0-25mmthk,ARUN KUMAR GOVT. CONT,146202.00, 144810.00,,0.00,,0,0, Approved, 
QB,Supplier Invoice,2735,1304,14-08-2024,One Time Expenses,PQC cracks repair inside the tunnel (T1&T2),PQC cracks repair inside the tunnel (T1&T2),,Providing and fixing of Sheltex board,ARUN KUMAR GOVT. CONT,0.00, ,0.00,93915.00,,0,0, Completed, 
QB,Supplier Invoice,2727,1305,14-08-2024,One Time Expenses,PQC cracks repair inside the tunnel (T1&T2),PQC cracks repair inside the tunnel (T1&T2),,Repair of LV&HV Manholes by Epoxy Mortar 0-25mmthk,ROADCHEM INFRASTRUCTURES PRIVATE LIMITED,0.00, ,0.00,324429.00,,0,0, Completed, 
JUHI,Budget Balances,  , , 01-04-2024 ,Toll & Route Exp.,Ambulance Exp., Ambulance Exp. ,141600.00,,,,,,,0.00,141600.00,, , 
JUHI,Purchase Order,1199,1199,25-05-2024,Toll & Route Exp.,Ambulance Exp., Ambulance Exp. ,,Medicine for Ambulance Vehicles,MAHAKOSH ENTERPRISES,26607.00, 0.00,,0.00,,,, Approved, 
JUHI,Operating Expense,4487,0,03-07-2024,Toll & Route Exp.,Ambulance Exp., Ambulance Exp. ,,Medicine for Ambulance Vehicles,ZORAWAR ENTERPRISES,0.00, ,0.00,6908.00,,0,0, Completed, 
JUHI,Supplier Invoice,2089,1199,21-06-2024,Toll & Route Exp.,Ambulance Exp., Ambulance Exp. ,,Medicine for Ambulance Vehicles,MAHAKOSH ENTERPRISES,0.00, ,0.00,22954.00,,0,0, Completed, 
JUHI,Regular Expense,4634,0,19-07-2024,Toll & Route Exp.,Ambulance Exp., Ambulance Exp. ,,Mobile Repairing - Charges,Medisetty Durga Prasad,0.00, ,0.00,1400.00,,0,0, Completed, 
JUHI,Budget Balances,  , , 01-04-2024 ,Electrical,Electricity AMC, Electricity AMC ,672000.00,,,,,,,0.00,672000.00,, , 
JUHI,Supplier Invoice,2676,1482,09-08-2024,Electrical,Electricity AMC, Electricity AMC ,,Monthly Payments to Mulkhraj Contractor.,Mulkh raj Contractor,0.00, ,0.00,174003.00,,,, Completed, 
JUHI,Purchase Order,1482,1482,16-07-2024,Electrical,Electricity AMC, Electricity AMC ,,Monthly Payments to Mulkhraj Contractor.,Mulkh raj Contractor,237805.00, 237805.00,,0.00,,0,0, Approved, 
JUHI,Budget Balances,  , , 01-04-2024 ,Electrical,Substation Maint. Charges,Substation Maint. Charges,236000.00,,,,,,,0.00,236000.00,, , 
JUHI,Purchase Order,1301,1301,08-06-2024,Electrical,Substation Maint. Charges,Substation Maint. Charges,,11 KVA HT 3 Core 95 SQ MM Cable Jointing Kit,DYNAMICSOLUTIONS,21240.00, 0.00,,0.00,,,, Closed, 
JUHI,Supplier Invoice,2561,1468,31-07-2024,Electrical,Substation Maint. Charges,Substation Maint. Charges,,Transformer Repair,VIRENDER SADOTRA,0.00, ,0.00,70800.00,,0,0, Completed, 
JUHI,Supplier Invoice,2017,1301,13-06-2024,Electrical,Substation Maint. Charges,Substation Maint. Charges,,11 KVA HT 3 Core 95 SQ MM Cable Jointing Kit,DYNAMICSOLUTIONS,0.00, ,0.00,21240.00,,0,0, Completed, 
JUHI,Purchase Order,1468,1468,10-07-2024,Electrical,Substation Maint. Charges,Substation Maint. Charges,,Transformer Repair,VIRENDER SADOTRA,70800.00, 70800.00,,0.00,,0,0, Approved, 
JUHI,Budget Balances,  , , 01-04-2024 ,Vehicle Running & Maintenance Exp.,Fuel Expenses - Agency, Fuel Expenses - Agency ,2251936.00,,,,,,,0.00,2251936.00,, , 
JUHI,Supplier Invoice,2490,1495,24-07-2024,Vehicle Running & Maintenance Exp.,Fuel Expenses - Agency, Fuel Expenses - Agency ,,Fuel Expenses of M/S Zorawar Enterprises ,ZORAWAR ENTERPRISES,0.00, ,0.00,308273.00,,,, Completed, 
JUHI,Purchase Order,1494,1494,17-07-2024,Vehicle Running & Maintenance Exp.,Fuel Expenses - Agency, Fuel Expenses - Agency ,,Fuel Expenses - Agency,M/S TARA CHAND,493000.00, 493000.00,,0.00,,0,0, Approved, 
JUHI,Supplier Invoice,2502,1494,25-07-2024,Vehicle Running & Maintenance Exp.,Fuel Expenses - Agency, Fuel Expenses - Agency ,,Fuel Expenses - Agency,M/S TARA CHAND,0.00, ,0.00,348579.00,,0,0, Completed, 
JUHI,Supplier Invoice,2767,1495,19-08-2024,Vehicle Running & Maintenance Exp.,Fuel Expenses - Agency, Fuel Expenses - Agency ,,Fuel Expenses of M/S Zorawar Enterprises ,ZORAWAR ENTERPRISES,0.00, ,0.00,310015.00,,0,0, Submitted, 
JUHI,Purchase Order,1495,1495,17-07-2024,Vehicle Running & Maintenance Exp.,Fuel Expenses - Agency, Fuel Expenses - Agency ,,Fuel Expenses of M/S Zorawar Enterprises ,ZORAWAR ENTERPRISES,650000.00, 650000.00,,0.00,,0,0, Approved, 
JUHI,Budget Balances,  , , 01-04-2024 ,Other Exp.,IT Spares, IT Spares ,59000.00,,,,,,,0.00,59000.00,, , 
JUHI,Operating Expense,4548,0,09-07-2024,Other Exp.,IT Spares, IT Spares ,,LAN Wiring Work - AJUHI,V.S. TRADERS,0.00, ,0.00,1614.24,,,, Completed, 
JUHI,Budget Balances,  , , 01-04-2024 ,Other Exp.,Printing and Stationary Expenses, Printing and Stationary Expenses ,295000.00,,,,,,,0.00,295000.00,, , 
JUHI,Purchase Order,1402,1402,01-07-2024,Other Exp.,Printing and Stationary Expenses, Printing and Stationary Expenses ,,Book Binding Charges,Anita Enterprises ,12600.00, 12600.00,,0.00,,,, Approved, 
JUHI,Purchase Order,1433,1433,04-07-2024,Other Exp.,Printing and Stationary Expenses, Printing and Stationary Expenses ,,Stationary for Office - AJUHi,S R Stationers,19865.00, 19865.00,,0.00,,0,0, Approved, 
JUHI,Supplier Invoice,2628,1413,06-08-2024,Other Exp.,Printing and Stationary Expenses, Printing and Stationary Expenses ,,AMC Xerox - Work Centre 5024,Universal Engineers,0.00, ,0.00,12833.00,,0,0, Completed, 
JUHI,Supplier Invoice,2373,1433,12-07-2024,Other Exp.,Printing and Stationary Expenses, Printing and Stationary Expenses ,,Stationary for Office - AJUHi,S R Stationers,0.00, ,0.00,19865.00,,0,0, Completed, 
JUHI,Purchase Order,1413,1413,01-07-2024,Other Exp.,Printing and Stationary Expenses, Printing and Stationary Expenses ,,AMC Xerox - Work Centre 5024,Universal Engineers,12833.00, 12833.00,,0.00,,0,0, Approved, 
JUHI,Purchase Order,1402,1402,01-07-2024,Other Exp.,Printing and Stationary Expenses, Printing and Stationary Expenses ,,Single File – Multiple PDF,Anita Enterprises ,13275.00, 13275.00,,0.00,,0,0, Approved, 
JUHI,Operating Expense,4542,0,02-07-2024,Other Exp.,Printing and Stationary Expenses, Printing and Stationary Expenses ,,Printing and Stationary Charges-2024 - 2025,SONI MAJAN SERVICE PVT. LTD,0.00, ,0.00,8260.00,,0,0, Completed, 
JUHI,Purchase Order,1402,1402,01-07-2024,Other Exp.,Printing and Stationary Expenses, Printing and Stationary Expenses ,,Indexing Charges,Anita Enterprises ,5310.00, 5310.00,,0.00,,0,0, Approved, 
JUHI,Budget Balances,  , , 01-04-2024 ,Other Exp.,Mobile Bill Charges- Site Office and Corridor, Mobile Bill Charges- Site Office and Corridor ,56640.00,,,,,,,0.00,56640.00,, , 
JUHI,Operating Expense,4452,0,25-06-2024,Other Exp.,Mobile Bill Charges- Site Office and Corridor, Mobile Bill Charges- Site Office and Corridor ,,Mobile Bill Charges- Site Office and Corrido,Bharti Airtel Limited 2024– CUG – JUHI,0.00, ,0.00,4000.20,,,, Completed, 
JUHI,Operating Expense,4321,0,06-05-2024,Other Exp.,Mobile Bill Charges- Site Office and Corridor, Mobile Bill Charges- Site Office and Corridor ,,Mobile Bill Charges- Site Office and Corrido,Bharti Airtel Limited 2024– CUG – JUHI,0.00, ,0.00,4000.20,,0,0, Completed, 
JUHI,Operating Expense,4522,0,08-07-2024,Other Exp.,Mobile Bill Charges- Site Office and Corridor, Mobile Bill Charges- Site Office and Corridor ,,Mobile Bill Charges- Site Office and Corrido,Bharti Airtel Limited 2024– CUG – JUHI,0.00, ,0.00,4000.20,,0,0, Completed, 
JUHI,Budget Balances,  , , 01-04-2024 ,Other Exp.,AMC for AC  RO & Note Counting Machine including spares and walky talky renewal fee, AMC for AC  RO & Note Counting Machine including spares and walky talky renewal fee ,70800.00,,,,,,,0.00,70800.00,, , 
JUHI,Operating Expense,4533,0,10-07-2024,Other Exp.,AMC for AC  RO & Note Counting Machine including spares and walky talky renewal fee, AMC for AC  RO & Note Counting Machine including spares and walky talky renewal fee ,,AC Service ,SHIV CUSTOMER SERVICE,0.00, ,0.00,708.00,,,, Completed, 
JUHI,Purchase Order,1313,1313,11-06-2024,Other Exp.,AMC for AC  RO & Note Counting Machine including spares and walky talky renewal fee, AMC for AC  RO & Note Counting Machine including spares and walky talky renewal fee ,,Service / AMC of Water Purifier,SHAGUN ENTERPRISES,23344.00, 0.00,,0.00,,0,0, Approved, 
JUHI,Operating Expense,4547,0,09-07-2024,Other Exp.,AMC for AC  RO & Note Counting Machine including spares and walky talky renewal fee, AMC for AC  RO & Note Counting Machine including spares and walky talky renewal fee ,,AC Service ,SHIV CUSTOMER SERVICE,0.00, ,0.00,4248.00,,0,0, Completed, 
JUHI,Supplier Invoice,2074,1313,20-06-2024,Other Exp.,AMC for AC  RO & Note Counting Machine including spares and walky talky renewal fee, AMC for AC  RO & Note Counting Machine including spares and walky talky renewal fee ,,Service / AMC of Water Purifier,SHAGUN ENTERPRISES,0.00, ,0.00,23344.00,,0,0, Completed, 
JUHI,Budget Balances,  , , 01-04-2024 ,Personal Exp.,Professional Fees - Payroll Process, Professional Fees - Payroll Process ,218772.00,,,,,,,0.00,218772.00,, , 
JUHI,Purchase Order,1395,1395,28-06-2024,Personal Exp.,Professional Fees - Payroll Process, Professional Fees - Payroll Process ,,Payroll cost,Grant Thornton,218772.00, 0.00,,0.00,,,, Approved, 
JUHI,Supplier Invoice,2192,1395,02-07-2024,Personal Exp.,Professional Fees - Payroll Process, Professional Fees - Payroll Process ,,Payroll cost,Grant Thornton,0.00, ,0.00,18231.00,,0,0, Completed, 
JUHI,Budget Balances,  , , 01-04-2024 ,CSR,CSR FY24-25,CSR FY24-25,17146279.00,,,,,,,0.00,17146279.00,, , 
JUHI,Purchase Order,1619,1619,10-08-2024,CSR,CSR FY24-25,CSR FY24-25,,SITC of IP Based Surveillance system Setup,POLE STAR SECURITY SYSTEMS ( INDIA ),2259500.00, 2259500.00,,0.00,,,, Submitted, 
JUHI,Budget Balances,  , , 01-04-2024 ,Athaang Management Fees,Athaang Management Fees, Athaang Management Fees ,70800000.00,,,,,,,0.00,70800000.00,, , 
JUHI,Purchase Order,1537,1537,25-07-2024,Athaang Management Fees,Athaang Management Fees, Athaang Management Fees ,,Service Management Fees-AIPL,Athaang Infrastructure Private Limited,17700000.00, 17700000.00,,0.00,,,, Submitted, 
JUHI,Budget Balances,  , , 01-04-2024 ,Finance Exp.,Credit Ratings Fees, Credit Ratings Fees ,721347.00,,,,,,,0.00,721347.00,, , 
JUHI,Supplier Invoice,2484,1500,23-07-2024,Finance Exp.,Credit Ratings Fees, Credit Ratings Fees ,,Surveillance Fees,India Ratings and Research Private Limited,0.00, ,0.00,576135.00,,,, Completed, 
JUHI,Purchase Order,1500,1500,18-07-2024,Finance Exp.,Credit Ratings Fees, Credit Ratings Fees ,,Surveillance Fees,India Ratings and Research Private Limited,576135.00, 0.00,,0.00,,0,0, Approved, 
JUHI,Budget Balances,  , , 01-04-2024 ,One Time Expenses,Slope Protection of V-14,Slope Protection of V-14,0.00,,,,,,,4746869.00,0.00,, , 
JUHI,Purchase Order,1139,1139,17-05-2024,One Time Expenses,Slope Protection of V-14,Slope Protection of V-14,,Restoration work of Viaduct 14,ARUN KUMAR GOVT. CONT,4746869.00, 4746869.00,,0.00,,,, Approved, 
JUHI,Budget Balances,  , , 01-04-2024 ,COS,Road safety audit,Road safety audit,0.00,,,,,,,0.00,23385575.00,, , 
JUHI,Purchase Order,1373,1373,24-06-2024,COS,Road safety audit,Road safety audit,,FOR SUPPLYING AND FIXING OF ROADSIDE FURNITURE,JAYANTI CONSTRUCTION CHEMICALS,23385575.00, 23385575.00,,0.00,,,, Approved, 
JUHI,Budget Balances,  , , 01-04-2024 ,Other Expenses,GST expense on annuity,GST expense on annuity,0.00,,,,,,,0.00,19687996.00,, , 
JUHI,Purchase Order,1394,1394,27-06-2024,Other Expenses,GST expense on annuity,GST expense on annuity,,GST Input Tax Credit Refund,NHAI PIU Udhampur,19687996.00, 19687996.00,,0.00,,,, Approved, 
AIPL,Budget Balances,  , , 01-04-2024 ,Due Diligence,TOT-17,TOT-17,0.00,,,,,,,8082644.00,0.00,, , 
AIPL,Budget Adjustment,459,0,05-07-2024,Due Diligence,TOT-17,TOT-17,,,,0.00, ,0.00,0.00,,,, , 
AIPL,Purchase Order,1443,1443,05-07-2024,Due Diligence,TOT-17,TOT-17,,TOT-17 - Technical DD,ECLAT ENGINEERING CONSULTANTS,8082644.00, 8082644.00,,0.00,,0,0, Approved, 
AIPL,Budget Balances,  , , 01-04-2024 ,Due Diligence,TOT-18,TOT-18,0.00,,,,,,,13053938.00,0.00,, , 
AIPL,Supplier Invoice,2647,1460,07-08-2024,Due Diligence,TOT-18,TOT-18,,TOT-18 - Technical DD,SAMARTH INFRAENGG TECHNOCRATS PVT.LTD.,0.00, ,0.00,2610788.00,,,, Completed, 
AIPL,Budget Adjustment,460,0,05-07-2024,Due Diligence,TOT-18,TOT-18,,,,0.00, ,0.00,0.00,,0,0, , 
AIPL,Purchase Order,1460,1460,10-07-2024,Due Diligence,TOT-18,TOT-18,,TOT-18 - Technical DD,SAMARTH INFRAENGG TECHNOCRATS PVT.LTD.,13053938.00, 0.00,,0.00,,0,0, Approved, 
ADHTPL,Budget Balances,  , , 01-04-2024 ,Other Expenses,Insurance Expenses,Insurance Expenses,0.00,,,,,,,6785000.00,0.00,, , 
ADHTPL,Supplier Invoice,2754,1397,16-08-2024,Other Expenses,Insurance Expenses,Insurance Expenses,,Project Insurance policy,GO DIGIT GENERAL INSURANCE LIMITED,0.00, ,0.00,2980932.00,,,, Submitted, 
ADHTPL,Supplier Invoice,2751,1397,16-08-2024,Other Expenses,Insurance Expenses,Insurance Expenses,,Project Insurance policy,GO DIGIT GENERAL INSURANCE LIMITED,0.00, ,0.00,228070.00,,0,0, Submitted, 
ADHTPL,Purchase Order,1397,1397,01-07-2024,Other Expenses,Insurance Expenses,Insurance Expenses,,Project Insurance policy,GO DIGIT GENERAL INSURANCE LIMITED,6785000.00, 0.00,,0.00,,0,0, Approved, 
ADHTPL,Supplier Invoice,2753,1397,16-08-2024,Other Expenses,Insurance Expenses,Insurance Expenses,,Project Insurance policy,GO DIGIT GENERAL INSURANCE LIMITED,0.00, ,0.00,2692090.00,,0,0, Submitted, 
AIPL,Budget Balances,  , , 01-04-2024 ,Due Diligence,TOT-19,TOT-19,0.00,,,,,,,4000000.00,0.00,, , 
AIPL,Purchase Order,1465,1465,10-07-2024,Due Diligence,TOT-19,TOT-19,,TOT-19 - Technical DD,ECLAT ENGINEERING CONSULTANTS,4000000.00, 4000000.00,,0.00,,,, Approved, 
AIPL,Budget Adjustment,455,0,04-07-2024,Due Diligence,TOT-19,TOT-19,,,,0.00, ,0.00,0.00,,0,0, , 
ADHTPL,Budget Balances,  , , 01-04-2024 ,COS,PGR work,PGR work,0.00,,,,,,,45334330.20,0.00,, , 
ADHTPL,Supplier Invoice,2510,1528,26-07-2024,COS,PGR work,PGR work,,PGR-Providing & Fixing under COS,Apkon Ventures Pvt Ltd ,0.00, ,0.00,5015120.00,,,, Completed, 
ADHTPL,Purchase Order,1528,1528,24-07-2024,COS,PGR work,PGR work,,PGR-Providing & Fixing under COS,Apkon Ventures Pvt Ltd ,45334330.00, 45331232.00,,0.00,,0,0, Approved, 
ADHTPL,Budget Adjustment,464,0,16-07-2024,COS,PGR work,PGR work,,,,0.00, ,0.00,0.00,,0,0, , 
JUHI,Budget Balances,  , , 01-04-2024 ,COS,Hill Cutting,Hill Cutting,0.00,,,,,,,35227395.00,0.00,, , 
JUHI,Budget Adjustment,465,0,22-07-2024,COS,Hill Cutting,Hill Cutting,,,,0.00, ,0.00,0.00,,,, , 
JUHI,Purchase Order,1554,1554,25-07-2024,COS,Hill Cutting,Hill Cutting,,Hill Cutting Under COS at Jhajjar Kotli,VINAY CONSTRUCTION POWER PRIVATE LIMITED,35227395.00, 35227395.00,,0.00,,0,0, Approved, 
QB,Budget Balances,  , , 01-04-2024 ,One Time Expenses,Rectification of Flexible Pavement,Rectification of Flexible Pavement,0.00,,,,,,,5370770.00,0.00,, , 
QB,Purchase Order,1575,1575,31-07-2024,One Time Expenses,Rectification of Flexible Pavement,Rectification of Flexible Pavement,,Flexible pavement repair tack coat , Afzal Construction CO,429520.00, 429520.00,,0.00,,,, Submitted, 
QB,Purchase Order,1575,1575,31-07-2024,One Time Expenses,Rectification of Flexible Pavement,Rectification of Flexible Pavement,,Flexible pavement repair milling 24-25, Afzal Construction CO,743400.00, 743400.00,,0.00,,0,0, Submitted, 
QB,Purchase Order,1575,1575,31-07-2024,One Time Expenses,Rectification of Flexible Pavement,Rectification of Flexible Pavement,,Flexible pavement repair DBM 24-25, Afzal Construction CO,392350.00, 392350.00,,0.00,,0,0, Submitted, 
QB,Purchase Order,1575,1575,31-07-2024,One Time Expenses,Rectification of Flexible Pavement,Rectification of Flexible Pavement,,Flexible pavement repair BC 24-25, Afzal Construction CO,3805500.00, 3805500.00,,0.00,,0,0, Submitted, 
AIPL,Budget Balances,  , , 01-04-2024 ,Due Diligence,TOT17 - Traffic Study,TOT17 - Traffic Study,0.00,,,,,,,0.00,10000000.00,, , 
AIPL,Purchase Order,1605,1605,07-08-2024,Due Diligence,TOT17 - Traffic Study,TOT17 - Traffic Study,,Traffic consultant for TOT 17,STEER DAVIES GLEAVE INDIA PVT LTD,9999999.00, 9999999.00,,0.00,,,, Approved, 
AIPL,Budget Balances,  , , 01-04-2024 ,Due Diligence,TOT18 - Traffic Study,TOT18 - Traffic Study,0.00,,,,,,,0.00,8000000.00,, , 
AIPL,Purchase Order,1605,1605,07-08-2024,Due Diligence,TOT18 - Traffic Study,TOT18 - Traffic Study,,Traffic consultant for TOT 18,STEER DAVIES GLEAVE INDIA PVT LTD,7999999.00, 7999999.00,,0.00,,,, Approved, 
AIPL,Budget Balances,  , , 01-04-2024 ,Due Diligence,TOT19 - Traffic Study,TOT19 - Traffic Study,0.00,,,,,,,0.00,3780000.00,, , 
AIPL,Purchase Order,1605,1605,07-08-2024,Due Diligence,TOT19 - Traffic Study,TOT19 - Traffic Study,,Traffic consultant for TOT 19,STEER DAVIES GLEAVE INDIA PVT LTD,3779999.00, 3779999.00,,0.00,,,, Approved, 
AIPL,Budget Balances,  , , 01-04-2024 ,Due Diligence,TOT 17 - ESDD,TOT 17 - ESDD,0.00,,,,,,,0.00,950000.00,, , 
AIPL,Purchase Order,1607,1607,07-08-2024,Due Diligence,TOT 17 - ESDD,TOT 17 - ESDD,,Consultant for pre- bid ESDD For TOT 17,Deloitte Touche Tohmatsu India LLP,800000.00, 800000.00,,0.00,,,, Approved, 
AIPL,Budget Balances,  , , 01-04-2024 ,Due Diligence,TOT 18 - ESSD,TOT 18 - ESSD,0.00,,,,,,,0.00,750000.00,, , 
AIPL,Purchase Order,1608,1608,07-08-2024,Due Diligence,TOT 18 - ESSD,TOT 18 - ESSD,,Consultant for pre- bid ESDD For TOT 18,Aecom India Pvt Ltd,750000.00, 750000.00,,0.00,,,, Approved, 
AIPL,Budget Balances,  , , 01-04-2024 ,Due Diligence,TOT 19 - ESSD,TOT 19 - ESSD,0.00,,,,,,,0.00,650000.00,, , 
AIPL,Purchase Order,1610,1610,08-08-2024,Due Diligence,TOT 19 - ESSD,TOT 19 - ESSD,,Consultant for pre- bid ESDD For TOT 19,Deloitte Touche Tohmatsu India LLP,650000.00, 650000.00,,0.00,,,, Approved, 
AIPL,Budget Balances,  , , 01-04-2024 ,Due Diligence,TOT 16- Review of technical report,TOT 16- Review of technical report,0.00,,,,,,,0.00,1050000.00,, , 
AIPL,Purchase Order,1640,1640,16-08-2024,Due Diligence,TOT 16- Review of technical report,TOT 16- Review of technical report,,Review of Technical Study & Report,Consulting Engineers Group Ltd ,1050000.00, 1050000.00,,0.00,,,, Approved, 
